-0.2806892305544183,-0.20967793649372699,-0.16839808346973334,-0.15850468243802873,-0.21724568157726928,-0.08452256767085098,-0.0354062166206644,-0.1169319975572794,-0.03265970713684584,-0.020017879904587754,0.13386249273825002,0.17021299286275204,0.062368613174782817,0.20552375149721547,0.2812859389298743,0.27442529585201725,0.33275282656611005,0.4689261058432395,0.43605060655544226,0.5263189195160777,0.5003993523919905,0.6098013032267263,0.6431211115466305,0.7203099803013248,0.7794253372259804,0.8173346604956556,0.8129652417626757,0.9323035670113204,0.9261725078671237,1.0002614171045405,1.0605809439812766,1.1239695873492677,1.1412227889331992,1.2740419666907579,1.3834003265704717,1.38261515209415,1.3791210026615908,1.5350838673170528,1.523630504080252,1.5328811002683154,1.7255145359706816,1.6022657538615535,1.7093084117607376,1.6955946181707884,1.7381823538485566,1.671596123932248,1.8519691527672832,1.683604568991656,1.8150655010106886,1.7793759996383962,1.7265559566642514,1.6729716927456195,1.7230241960701607,1.5587351137722332,1.5619602347095505,1.5389849976616397,1.5270871659190461,1.4293040904072356,1.3380278877059832,1.2764835873263538,1.1537281318522046,1.1382599672005809,1.0669967254566615,0.9570962425499718,0.7774441182603978,0.7424423668445777,0.7048868531801615,0.5449464205759543,0.4437970727222341,0.4039734548051391,0.3395839050721224,0.23223024396392594,0.15076457067815532,0.05488326780988654,0.05394104776845194,-0.0788039678457207,-0.12106193517249268,-0.18852757659694502,-0.23802319490377616,-0.22177580614076184,-0.2064371784384312,-0.24457147706459004,-0.28740181390989317,-0.2795733545693868,-0.28128003055533823,-0.4095119705327528,-0.3247917185630816,-0.40169955969645943,-0.34640556774276104,-0.3619414346949999,-0.4518255648859494,-0.4280929162950524,-0.3406196311911048,-0.39232238860953017,-0.4125685654433125,-0.47970502428472256,-0.5056807783926702,-0.45068484671038944,-0.4925400066316185,-0.5502693414286193,-0.669021301218076,-0.6692006087856103,-0.7140285235739007,-0.5524400221839254,-0.6568455197831631,-0.6968305310843831,-0.6405128660518681,-0.6944008608473816,-0.7144796414679263,-0.7707393689421029,-0.7322374578047268,-0.6630389054437322,-0.6201581721130354,-0.676603368943676,-0.6384842097575761,-0.5843054591780414,-0.6296811028619784,-0.6149977047804931,-0.5490792864375705,-0.43981983806578256,-0.5865107970612911,-0.48436799088701255,-0.47815111331129645,-0.45446335834053775,-0.5041732180648713,-0.3894316540875208,-0.39605061084463145,-0.3098829184542944,1.0
0.08439983329552202,0.006576433970469503,-0.01096159021290729,-0.10544259880585033,-0.03303361398894332,-0.16015861074483573,-0.20591426748512048,-0.21392413995783688,-0.22299387641506305,-0.3154190155966613,-0.2991552307152732,-0.38164656994236634,-0.32273795852521003,-0.4050509887948521,-0.346183309245716,-0.450347323433605,-0.4664883511705922,-0.44733443011865176,-0.5033901696737322,-0.5336950846453092,-0.4718667702888458,-0.5408244820662821,-0.6098953115596,-0.5845085602972188,-0.5525760931879893,-0.5010558020207444,-0.48592825554459274,-0.5560427688008401,-0.5416578889308348,-0.5449649356303394,-0.5101373281120662,-0.43551751729505067,-0.44195388782109063,-0.31041690620490986,-0.3202558203665358,-0.3007110128267579,-0.1933809552897697,-0.1955688806994156,-0.1753412539540407,-0.08138136390263347,-0.04200715215964228,-0.02943110068007297,-0.017741029859972217,0.022118525679573342,0.15644275718164732,0.13209582362841074,0.2680102938966179,0.28684512629457265,0.2772277911458241,0.3597105523061018,0.4177907658608866,0.4309931119743237,0.4668736466254673,0.5269862919658258,0.5142036392326819,0.4214306069282702,0.5077061248999452,0.4226732607784586,0.4817034290558214,0.49190106220374596,0.49435256171038705,0.5751867767138041,0.5666716439962411,0.5429685300461591,0.5949657761994044,0.43425896704483335,0.5302272442537607,0.4666023435230944,0.419898334704523,0.5019708865660312,0.5182416985713909,0.4121528130203968,0.49055193466803576,0.5198598910344105,0.5176236360305232,0.5062916836572615,0.484379142286083,0.592130093005146,0.6729293737156593,0.6053107752759953,0.7692736661161844,0.6895325413291244,0.8630505090188789,0.851824373818756,0.9240131329293213,1.075799241678226,0.9949459207267867,1.0577364094348445,1.0989619324527267,1.1518322439048052,1.2651705532633744,1.143672636333554,1.2248775275241697,1.192984515745757,1.2042963744582387,1.250754102030037,1.0213510544355318,1.1942357856352463,1.0910858279928517,1.1045759617833664,1.046123378118392,0.9532500925327877,0.9302914775176008,0.948297863022321,0.9086075433957908,0.9468234731316211,0.8894622490842279,0.7833203941231963,0.8213443604137649,0.7202031921665897,0.6828946853494564,0.6518274062029498,0.6238636139239538,0.6268442214379454,0.4754120053970008,0.5577308482476531,0.5062784101332662,0.4969573451651143,0.42972842533185746,0.333634484830292,0.373675542840772,0.3325799369437235,0.35429578221971997,0.16193408141923765,0.3110675092640508,0.10089108523170867,0.11624169571108403,0.14022893454259377,1.0
0.3776682328014294,0.325985316757856,0.37206152687728605,0.3533666239936388,0.38281623464621456,0.35608363990683967,0.2532013019005433,0.34633968502805346,0.45954505268879,0.3411654848405192,0.4425106632938683,0.479317371115559,0.4488480027063425,0.39585873866040133,0.40400907794334306,0.3487515256967374,0.4521092121842533,0.4003081424733836,0.4478233418030965,0.36097344704727863,0.4164308151103034,0.4722557286386978,0.4297966324459646,0.48263189328717,0.42499089332962436,0.4881657292433824,0.4707176434511642,0.5527850130304705,0.5432967667136607,0.5335138418798429,0.5633917435143674,0.556044002117683,0.6813471097272732,0.6023578437875587,0.7395156150832306,0.735746605864996,0.785159263944488,0.7894017505099518,0.7550137219979294,0.7822036199166896,0.8626670110679319,0.786314678749671,0.8676419097164868,0.9177573390327263,0.9099450639444745,0.9533931925130388,0.957636063425595,0.9823971326637801,0.9257537653709521,0.8693353949530668,0.9010178323776453,0.889521849454967,0.8324445066844783,0.7955252387079264,0.7521817576288232,0.6886257036636123,0.6741881974396984,0.5840358869504552,0.513702088958011,0.5876364570977661,0.5288262256097795,0.3432684863585516,0.32696421123637254,0.24563887790085256,0.2522704774659297,0.04730998018468399,0.09180810497929007,-0.03945606468412906,-0.08337859520767352,-0.08185743814093563,-0.15702436305406528,-0.2692762893761174,-0.2936511551457981,-0.1916911721208444,-0.3338556468906901,-0.36292518378385985,-0.34304519247042814,-0.4153847519327685,-0.3736609991521538,-0.4833443706522338,-0.4529363367771703,-0.4396906946276982,-0.47375555291693927,-0.4761447092628687,-0.4558518056869728,-0.43718728570543647,-0.38819580365727063,-0.4254638882402617,-0.44196982333422646,-0.26724277979122046,-0.25970812627237766,-0.2952208187064566,-0.27502463598386107,-0.2510303440017875,-0.20086057434607224,-0.23081433550724972,-0.22785539695522794,-0.18670877406900202,-0.08131894763284767,-0.12222227679218055,-0.12381231413918664,-0.07202587531791392,-0.09147318166166118,-0.02984907731807767,-0.011632916864123787,0.049480665457834146,0.0733771010621943,0.03496654352975651,0.09863466633934995,0.04048611266593705,0.007664138357608097,0.09027919731040579,0.16309815382270798,0.10017281203117287,0.21159002868769147,0.19609844768273726,0.23261894106868913,0.2609578952970233,0.23159305919689233,0.21075933525038412,0.26836083011395057,0.3251206423945647,0.33656375493770124,0.2677001415190331,0.42126276471138646,0.30902557656337476,0.2735091984481609,0.29199366152546,0.0
0.14200661712848298,0.12634963898901228,0.13191783033437138,0.19249758484833096,0.09511807304994155,0.19372694989330383,0.2568077633559795,0.2897331974138404,0.2984371436845825,0.28582958541347186,0.32371054137456895,0.35696086061365556,0.3409101136161254,0.319116585253107,0.4123250874370029,0.31813872554661116,0.3428685111500627,0.36239015244052436,0.35753379993117107,0.4398051926202167,0.4164237013811149,0.3306955553611485,0.33938409261037183,0.4701466822523228,0.41752787205013403,0.4222672648988942,0.44234278438794267,0.44467869941042093,0.5256500472836328,0.4912854513277873,0.5289650955840469,0.43391523714301866,0.4531896206401549,0.46663158450939224,0.4607549327163324,0.5033959255363912,0.5254634985238494,0.6045654921678598,0.5386513938117141,0.5789483575057754,0.6692685121033427,0.682002303726007,0.7117734912467856,0.678786698406659,0.7627602525037677,0.7416474177813553,0.7182934557187998,0.7979298229945726,0.7920932849771123,0.751044158328377,0.7485180322278633,0.8642806861367176,0.7063606153896874,0.7672268398285306,0.7673683475677111,0.7517812745918463,0.682612283558327,0.7419729899290063,0.687034280962282,0.6415754880365185,0.5308728857108732,0.5402901623939703,0.5470024954335225,0.48184292332040085,0.3981243677198051,0.42331757171438666,0.35825057055958753,0.3565993684961697,0.15327164878347008,0.3010549522802298,0.33828957444089375,0.2016937783060898,0.15711969709553159,0.25077597739169477,0.19418298372564466,0.11322337200269125,0.18751814912955783,0.2183480191319882,0.1911874471352617,0.27776408547235615,0.2947166350623005,0.17358062413659142,0.2910442178983649,0.16912772498544365,0.3432106827414984,0.2656735026673499,0.32169252805380305,0.33457007809347505,0.3504822677962444,0.3395985920372409,0.2860572274409306,0.2928418187407689,0.27021603301307406,0.2489132899677514,0.2831237216295792,0.25727059515343625,0.18528481720808188,0.18046039339250186,0.10816784133540353,0.07328680018775233,0.09685544745505217,0.02447719782052383,-0.005906492447600827,-0.0686531161943823,-0.0730377935923731,-0.11645542369914096,0.01576646050990807,-0.12119844987692055,-0.1208540214933331,-0.08154770450394999,-0.18330615204320921,-0.19035241057420013,-0.1575819894114501,-0.03914434462312735,-0.10474204923024341,-0.019249232115386677,-0.08563849183935891,-0.06187327169351935,-0.13082312763581058,-0.0027037243673858763,-0.053684107307722995,-0.021324497449835902,-0.011085356532949352,0.03151343531884283,0.09177862300432416,0.0707723057523171,0.0369828986139383,0.09719468877638902,1.0
0.32859226374749395,0.4542447937361369,0.44246181669578344,0.34407483359236285,0.4628950938148179,0.4954420556711473,0.522600158468318,0.5561909856439664,0.6503561539226393,0.6612853601026342,0.632277685822307,0.6246971479413996,0.6516851337258032,0.6593839193338491,0.6121985063589778,0.6843218919949697,0.5492653378412546,0.6257954299010987,0.625931772814264,0.6455920645692097,0.5500511542593384,0.5462674786916927,0.6186577663642908,0.519268055863014,0.45303980636444535,0.36689720826266914,0.46784441737842924,0.4656614596149331,0.4312512619748965,0.4122324688724859,0.32111532523201103,0.3344079905506983,0.33402987165400605,0.3339131378095283,0.3093259412209306,0.3536968278734232,0.3029552627102876,0.23324683194786025,0.22210452071589093,0.21692765637582442,0.22557295509757166,0.2811257014201778,0.24484740218659468,0.2993289117808973,0.35753233867653195,0.2133180436327315,0.24786724592470405,0.32488820032971666,0.2668271916677406,0.23697412059812306,0.3295824138494662,0.33566758357875354,0.2003423008629334,0.24956184490376454,0.3247106101077748,0.308358799064385,0.17045803016183175,0.30076959923869717,0.3035696655897558,0.23946557365244595,0.2850309680291199,0.26433873161736166,0.2858218720567601,0.2428624604048942,0.23495607038864427,0.260767211123355,0.16024990468214043,0.21105890684561335,0.1546615357504811,0.2353301296357878,0.15940493612332252,0.21978940825200727,0.19603261134719985,0.19535164384568976,0.23929240918090935,0.3712039863683408,0.2968012146419216,0.2576102386951225,0.2462226563453184,0.3341235112663537,0.30130932954086365,0.3844741311555549,0.37832527729295284,0.35897375392669867,0.45075026601827084,0.424280303313113,0.3426680917260623,0.49034017730452656,0.46079937367732,0.40546811971486446,0.35916741416280784,0.3741793084564971,0.38763653065283127,0.3161150886890308,0.3235504733285303,0.26051801664494106,0.3326749842199517,0.31345457652639663,0.20219518534832318,0.12524048148828282,0.17434159834907184,0.012971272293810496,0.09455286083541423,0.08811383473446886,0.04088447533983233,-0.020354426072294266,-0.08810953629737284,-0.1061517371640686,-0.04140825449089679,-0.0681042911911171,-0.055834094635656126,0.07544637058482465,-0.029192395049629158,-0.09887056750082887,-0.08897103991573084,-0.09876622632283003,-0.06968347014586335,0.046518039237377046,0.017650244218321696,0.0919895461529571,0.013611069396354813,0.10243308273892301,0.13646284655166804,0.28131593515650877,0.25079508407272627,0.33966152902424196,0.32183638332284653,0.41099435259671085,1.0
-0.17145737348536447,-0.15341857846830664,-0.15819811554591764,-0.144789663919209,-0.11289726746244612,-0.11471405720608369,-0.10006073377329026,-0.08069195299891155,-0.11559082488623584,-0.01759436529335477,0.03499444120298244,-0.05347091292233042,-0.012682431413966194,-0.02060238953761029,0.05815435674414412,-0.049353042923345115,0.056222447713532304,0.18767933677628623,0.07585224731143614,0.0894509028300916,0.14862893404552027,0.1546830168254897,0.20786774881867637,0.2820841719848536,0.2626031849575605,0.2789922159813208,0.2229273549399589,0.35616215147659064,0.37202552818308215,0.3820505850450126,0.5163936026148044,0.5189831589759443,0.5837416314804168,0.5899440722017695,0.6842729229589427,0.7151856869207268,0.7383994357386955,0.8988070327627249,0.8724881210680092,0.9737025320748154,0.925221379053623,0.9478124234024617,1.0070706681186132,1.0221837078941833,1.1047727968520813,1.1308045879052577,1.1381708435406082,1.2855309685741283,1.2573282615556827,1.27523106059512,1.2952399674502675,1.2080735953538646,1.2041720448778366,1.182976555379386,1.2102465254059103,1.0622224317641373,1.0833469607455233,1.020401586322631,0.9858141068519509,0.9716018202527802,0.92643681981662,0.8786800035175151,0.8569418648363712,0.809194255772621,0.7567529747402144,0.6907504784348836,0.6395894120038907,0.55536369154403,0.48624724106468364,0.5158447356555688,0.45203187929695576,0.4215076942749493,0.3527137654031159,0.257591760636103,0.2870929324174873,0.19474718304684513,0.13629740502707466,0.18567227886494975,0.08125380227297035,0.04514756155478815,0.09128927481675309,0.1371012363624248,0.11048997498994831,0.1729946861832308,0.1045285616868238,0.08406006204877393,0.09672260439984219,0.08432504858996519,0.07271525174272708,-0.014483190626302517,0.08242812750814166,0.09232662334931663,0.018886492887427584,0.07852466389367128,-0.0012433402512573698,-0.02867071269227693,-0.04422061835156386,0.03804283446506511,-0.05068211332703489,-0.1129161583770289,-0.23956298040826857,-0.13145119089398297,-0.08969912330140949,-0.24396837534699956,-0.17637899112776748,-0.2039007852001549,-0.21580640829614603,-0.2827803204346797,-0.21533250604383772,-0.27885601814700106,-0.2060131519463778,-0.22475634358732563,-0.2756869338709224,-0.23795589609733556,-0.353107549139515,-0.33704207802127073,-0.2819671250956055,-0.2774939321973134,-0.2301231984915431,-0.2677944089276163,-0.2649175975946554,-0.2615193288990416,-0.1867207271297597,-0.2721431443414755,-0.13634899570607095,-0.17920905499280435,-0.2577321621189464,-0.17616606675961338,1.0
0.4218220323248309,0.16850080376117438,0.21718792901884154,0.11995932404666797,0.21374539821025781,0.22824020078038287,0.15921692049073896,0.11153778004983464,0.1553627331245997,0.05682585360770852,0.06343291600711995,0.03634466745874506,0.013205244802468107,-0.0378078452758078,0.003770963189206146,-0.1323993177976328,-0.08288239106756858,-0.06697219704804674,-0.10435770001335827,-0.14404983262724988,-0.12139028705526095,-0.13042350735733504,-0.13618076392635226,-0.06405573629877527,-0.13724245434992258,-0.12425161194172435,-0.07806501071986674,-0.08902471260456832,-0.10464676065201509,-0.17333404872087363,-0.11707859261522062,-0.07804909201494555,-0.11370008287956852,-0.0208284986740023,0.04850766279889664,0.16770658241994504,0.08158401871421751,0.163403120904072,0.23861443501708207,0.2499757008853603,0.24775046058421327,0.3740411122959847,0.3276636721946722,0.38635944697773633,0.4288451723978843,0.39145239976501023,0.3924620165954562,0.41788891445463683,0.5222259950295126,0.454422646048258,0.49829852436241784,0.5164587506365184,0.5213601113307801,0.5266705576506664,0.4834483083995456,0.42841146766181304,0.4540070883216369,0.5164830710501517,0.4351812865248197,0.5294994683322574,0.46078534421063777,0.31757025482140677,0.33493886329034417,0.2485395918636174,0.31956075549391827,0.15991502025365523,0.21134390056955116,0.1790433210123227,0.14295722144275508,0.09660391140722262,0.07995173410104682,0.08459682430871915,0.05708414490050114,0.12552678047124058,0.09747312349845949,0.10146352812189881,0.14956434460360465,0.1404674343583615,0.13585473522016467,0.18016246065314714,0.12911192361928422,0.20285176153742823,0.2611910108546115,0.23562640240830873,0.3398914067969003,0.3842681752928688,0.4078139205236498,0.4782321063654847,0.5229763310143456,0.509985632706537,0.5388392462262864,0.6206485225564385,0.674434673146776,0.596374186298869,0.6604479429752756,0.6558931803990364,0.6883501286332966,0.6787982776074128,0.6648779276760293,0.6032415191430536,0.6545098045607769,0.6184239569154796,0.7086773932847361,0.6074326189060272,0.5621485997808409,0.5377395203506176,0.573221519044324,0.5369178077342391,0.6518997574058271,0.5965468500537738,0.5663211382936412,0.5496221445937925,0.5542268265277936,0.5384912996931587,0.5671952083534522,0.6148041213990949,0.5432837180014665,0.4385862855834764,0.4198794232670283,0.46576722060184444,0.4232577907262372,0.44741071393569315,0.3282706275616576,0.3777167555226752,0.3762267051772605,0.2710921467984099,0.3733124021386949,0.26920143923721956,1.0
0.4108304759003658,0.3885556818886243,0.5056290784522831,0.473607329372641,0.4238433664834531,0.5727702708957131,0.5457995441124102,0.5731181555269153,0.5890119124369304,0.6005038094292309,0.7084867053362045,0.7269246245983314,0.7113800156250448,0.7674321842314853,0.7341285034427636,0.7305454662033053,0.7954741191830953,0.7217968195031089,0.7662458946846895,0.7754834676543144,0.7451045403939204,0.6828274504335935,0.7643653445369772,0.6785112528825322,0.7027457076630568,0.7238093853192733,0.6422853859132059,0.68198835541445,0.7364569129665061,0.6676074901498766,0.5946110610452995,0.7086086062558481,0.7371308122899383,0.6731426481795887,0.6334160627564336,0.61161463027506,0.6690167497605533,0.7126871193631523,0.7291073328515667,0.6474912048323967,0.6724801503857136,0.6417495654054901,0.6906380441395961,0.6673316139481814,0.6520721363568468,0.6642329597615539,0.7113059637686121,0.5933742212425751,0.5956771366586604,0.6479333839717242,0.6639768627456715,0.4816221421018785,0.5705558223819903,0.5883079402338866,0.5709256346430225,0.4907768643250327,0.4580442671706314,0.45725479070707775,0.389171540919977,0.3563028143008033,0.34654290695523843,0.343970960824323,0.17963240939287511,0.19056088897551937,0.11846953436102575,0.05530604000671266,0.006342220748980443,0.024966103614866595,0.06161020580435723,0.11479554670558362,-0.04140597238469347,-0.09904954510587502,-0.06676125791489183,-0.09904980269011653,-0.13696756657060638,-0.17011768687249199,-0.04219029960485861,-0.10745785766547601,-0.07289936130711933,-0.1791998724309023,-0.14122095774348792,-0.15872040486882094,-0.20531048345053232,-0.08222056287471706,-0.11038076307287004,0.003351499922288656,-0.11642686671263985,-0.06993879541261201,-0.08639195390840262,-0.0383753767530035,-0.016259085973766546,-0.05876505338555284,0.024581822395401617,0.036443594559374196,0.02251942688329714,-0.025880342294115163,-0.06846090171065787,-0.11770049409137553,-0.09784669577659055,-0.1600894094169621,-0.17480727860285078,-0.15485339835306136,-0.1768480703567583,-0.20941840319366883,-0.1942109300714244,-0.2095139392340093,-0.18579277745225578,-0.08629754790278273,-0.21577213168043477,-0.10158194434533108,-0.11142434950910839,-0.13271952397059317,-0.08866703206705592,-0.08645208931702117,-0.059627637207312525,0.019317540480097616,0.04343636583619119,0.07312339862587128,0.048635608527941375,0.12160564249111736,0.13584649675062502,0.21232984166608015,0.25681532977377997,0.2835999713669283,0.35800496347539557,0.3620247511665655,0.3916128765775252,0.36633851446125776,1.0
0.36885518529423506,0.39423037200656585,0.33168981645288037,0.4106037250139253,0.380657801398207,0.41865149020904063,0.35411897101497103,0.40845412214140225,0.32115108288280886,0.35322909954852366,0.31043535786157556,0.34120071105989425,0.327954426740746,0.28203251785140765,0.348310201015898,0.3077139567646696,0.32088727735797345,0.3842735855263705,0.37262629627514693,0.37457361907704256,0.2935561144259596,0.4200457314062242,0.47828333366195275,0.3093954193085941,0.4127033683264139,0.4576247036571711,0.4909269029643565,0.5127698538687555,0.512302777281702,0.5283789553825896,0.5312547559494561,0.5864288197282898,0.7410671850860857,0.671532662145277,0.7377329680888969,0.8223883268060798,0.8159913380968947,0.8380987976826832,0.8712785118228081,0.9436707678277751,0.824636749717415,1.044309928689381,0.9671357563007565,1.0646846447258995,0.9603491716667929,1.0159108349568444,1.0787624393552537,1.0105701348907488,1.0803279637520364,0.9675257014475525,1.0241790111774,0.925300947738937,0.942047531340365,0.8496124189173254,0.7702972388283317,0.7683246581129924,0.6437334764433149,0.6629100041722822,0.5774233625058294,0.4742768656291778,0.391402968832703,0.3300914508164057,0.17831118201282362,0.17686089896005913,0.13346248052313472,0.019697857473795575,-0.1619987048925431,-0.134129583108332,-0.20081638728761558,-0.21153672571642015,-0.37891493965796275,-0.3457115813913718,-0.42233510038783206,-0.41886402759488595,-0.4857561062709408,-0.5685004044745418,-0.6422273643238667,-0.5631450618679306,-0.5389993599870134,-0.6672408775455132,-0.7267999811100228,-0.7428821032200867,-0.7336532807278374,-0.6778997077064143,-0.6975432347292112,-0.6901627068295123,-0.6520715766936487,-0.7119048649847762,-0.7276994664277976,-0.6363557219881458,-0.5820537392785452,-0.5907135398974026,-0.49072162554206816,-0.5424928138220223,-0.32976665958389983,-0.39377383383299425,-0.3600908990290115,-0.3125145741589321,-0.3346150366768217,-0.12965140692308424,-0.16930651020625714,-0.0733175291508043,0.049952314544615656,-0.019396470513714743,-0.002652739920092302,0.08037043796969894,0.12096266650032736,0.0875680854587165,0.1834929984728403,0.23251143026125792,0.26685866624689736,0.24101381655934329,0.2763902246716292,0.39884369600855385,0.3583244908720389,0.3095139350874874,0.3993191086022756,0.4248785937749849,0.4164861964552509,0.46915902725329056,0.38051939264000817,0.4266059124779135,0.4152801777690824,0.46137745026371785,0.4529157275314663,0.4387878084162892,0.4090485576927668,0.45701955950227835,0.0
-0.006895667215004335,0.08375180549444443,0.0849512327168251,0.10724572476620095,0.12875782243827377,0.2645879245220861,0.30012613977756236,0.326679609181815,0.3420981840968165,0.42419304545140646,0.45285727499759265,0.49081515800851944,0.5942065625914372,0.5546954559656462,0.6415349016174531,0.6744718156555938,0.7011001170081648,0.6869179393820488,0.7048193194281018,0.7063222823513381,0.7057766530821424,0.8332826795358999,0.8849959047316394,0.8670689460360674,0.9604043174403782,0.9918737165190776,0.9880374259391468,0.8698812530482435,0.9370432200885842,0.9644830087559513,1.050773749464899,1.0453653284716038,1.0104718070175,1.1221318596150347,1.1370492914169086,1.1475881698700585,1.1794197787510903,1.1336712124566135,1.1967832452116123,1.2030154685649737,1.2074955937149823,1.161843583241626,1.227417608353401,1.2318450177041826,1.1924446841153813,1.141081673474444,1.2341073005688743,1.258256664736528,1.1932896399369974,1.193005167521344,1.1294608819734853,1.2497809706489655,1.1231887084811598,1.1113193493296705,1.0799403994569508,1.0708446795105446,0.99890954308304,0.9370601784042524,0.932366767338584,0.8387386433223021,0.8608922109778954,0.7437641487161981,0.6255214234485968,0.634933271899827,0.5523802902253834,0.5193324235085733,0.49149449934315514,0.293954382727285,0.395431123625664,0.30675947258064534,0.16745609336632633,0.12778013711931469,0.10174054975815364,0.044476464668148114,-0.026833313164136313,-0.021002846090751863,-0.025968925635282587,-0.16799197937153984,-0.15966689600804884,-0.15780242508396697,-0.25748677980856693,-0.19844200651533106,-0.35831371382471294,-0.31005953649268203,-0.38550145322510965,-0.3162291883034933,-0.3979747047761779,-0.429739389860455,-0.4730555068220345,-0.39545098241788007,-0.5098429931298566,-0.5232603732231373,-0.5204486812066227,-0.5929049157574353,-0.5507219210897284,-0.6274740132448695,-0.5724415297137616,-0.654754860671258,-0.6707671466935057,-0.6112649485295181,-0.7691149222934404,-0.7100210617585067,-0.7759844378620483,-0.7255845986434435,-0.857944025365224,-0.7639108851879497,-0.7914959195531704,-0.7420401884483028,-0.6221232220861447,-0.7294376068777033,-0.7910896450196123,-0.6393843106042112,-0.5503663471231997,-0.693311045756035,-0.5918007334500727,-0.5207963819613001,-0.5801800331119298,-0.48796193335921967,-0.5220725039644944,-0.4010512598646011,-0.3530196089703225,-0.3126305597155568,-0.299298778058857,-0.21234469502856632,-0.17039236957916498,-0.09559668124352133,0.03776490068403039,-0.026438071949302297,0.0
-0.18582989654803006,-0.10025926820806456,-0.18542301638652675,-0.11734880758953808,-0.14416241801674842,-0.21396667934635927,-0.18337962988299633,-0.05656018666865997,-0.1254683764771215,-0.05194081145099021,-0.28421179563985766,-0.19117309984820158,-0.15784988597348895,-0.08914746617724144,-0.03403733915140654,-0.07261876160356409,-0.06224810280080354,-0.02088442611237427,-0.03178266302551832,0.09758948589479699,0.054724816994215955,0.06803885132178486,0.14993774592735032,0.14351322307831504,0.21366655687526007,0.35310372211235713,0.43742690154356917,0.5198119598675229,0.4968449669792522,0.5802837909337911,0.6128251573823319,0.7615552285331432,0.7970930202738934,0.8152529785130779,0.9303415222087549,0.956151829730948,1.0447957909446675,1.139951058940649,1.1194171945634233,1.2752309004189786,1.3076832104458904,1.3064065303331207,1.3267437734792393,1.4443642722293177,1.500418186873558,1.4795067359591638,1.5225589795500716,1.5435546467592995,1.6269298448446448,1.6207813040648433,1.598323858773347,1.5752183164518752,1.4984009361706887,1.4604308106023436,1.3806190722395968,1.4429279928528569,1.2896386776736108,1.2797678007166278,1.1783393191452542,1.0956225410868194,0.9868914992398082,0.9839886758332833,0.8395799483773554,0.6628940368745818,0.666181679419743,0.537397372218433,0.4775417496782211,0.32585546493759127,0.30696747469132574,0.23690408378238775,0.1265536556001469,0.058429496005715384,-0.058594177783932416,-0.08115072021430415,-0.1883350195674061,-0.151740856465034,-0.25896135173721513,-0.24230159258301265,-0.3469561613050985,-0.34251538182502694,-0.34224627471430424,-0.46371143224888367,-0.3957270757733992,-0.42948581095842786,-0.4061264641399182,-0.4932007439795772,-0.49860204873709607,-0.46135824970836586,-0.5530758071515159,-0.5443676678975956,-0.462989741546571,-0.4596157079011902,-0.44579306585655387,-0.4197868304135668,-0.39442331381753015,-0.4212306943691475,-0.37108696921331413,-0.3111292359579951,-0.35499976316880894,-0.32344019727599066,-0.31273029354796483,-0.24471002682644316,-0.2189244443675599,-0.266105805099549,-0.18770538303280518,-0.2240728455275641,-0.15891220354253924,-0.09108063729610211,-0.1838651160185773,-0.0743066931528085,-0.0550726308198819,-0.11302409723061937,-0.03249614611803682,-0.1598161683617462,-0.05622359217756547,-0.08646804212471694,-0.060889195192382846,-0.10210017163972236,0.0013147702467826428,-0.16315268259752336,-0.07256073336944228,-0.12451146934324817,-0.13297562850532021,0.032374046721851304,-0.23675150388974664,-0.0919548078471143,-0.1796851794057149,-0.04605330877037998,0.0
0.021132588961308776,0.09127952765708992,0.07995346896541426,0.011422655705400932,-0.00744433402254165,-0.00010347398758375759,0.008655736948014046,-0.051549715483851455,-0.08693210368936558,-0.05003088709485201,-0.10079900497277997,-0.22647403569976604,-0.1368197781831973,-0.13509007922076618,-0.18032934525681563,-0.07612962864127643,-0.17629257684005994,-0.15764269000673992,-0.11223130935875453,-0.16228908796212974,-0.05672173185430285,-0.18975350119420076,-0.06874304495091581,-0.0470217197225079,0.0004759655890090968,-0.03249271991378117,0.06361087462083309,0.1295651331613148,0.18287104942570598,0.2062125684752461,0.2778375452573292,0.2846027230741748,0.49984907552763846,0.4097740749918276,0.5410793769972277,0.5690092235445308,0.6313934641352089,0.6753418057866309,0.6481722030637006,0.6970249407435458,0.7859618605058284,0.9002810028184474,0.9465084472438535,0.9333345215741945,0.9666664420334239,1.0540733197823895,1.0519598061611959,1.0375982105290074,1.1856786658574991,1.1467628808542445,1.0785111070829554,1.0745007139966938,1.05141655432194,1.0480323896874675,1.006487918356481,1.0367827074373914,0.9246849428170154,0.9314685698779568,0.7740115924156733,0.7156035813585253,0.7626760646109197,0.6575708857370688,0.5903578998769623,0.4928598562213535,0.4899933797544531,0.37928042224810593,0.2792478464841549,0.23527623097893896,0.19829144557517625,0.06091074758512122,0.08584555676938443,-0.028183690474479578,-0.13675574768845028,-0.1473941443666625,-0.0852030693883,-0.09925136312332014,-0.21564112481244882,-0.3222433573615646,-0.26869049610712575,-0.36163234072583067,-0.47209117779216764,-0.40429864331571463,-0.3784815762774744,-0.44854615894711236,-0.4522921409069461,-0.5044969600113101,-0.43328579561535907,-0.3710888389397593,-0.39432096454107646,-0.38679954220857454,-0.42796745730260677,-0.3721746187281167,-0.3303798671377233,-0.26951090054583116,-0.272746070437318,-0.19409807142730304,-0.20797298189446836,-0.1741230650914827,-0.06931252882521245,-0.08794116099099748,0.04895326659585778,0.07679802311260522,0.0923100508387841,0.11412212459569375,0.1356506427516994,0.18834925342522393,0.2093285798562939,0.2454135816949604,0.32098704734361955,0.2676324712656651,0.3946742996995547,0.36455632520389614,0.2980700105094142,0.27883209640776807,0.2740270693056774,0.37207541054123844,0.24639094182877158,0.29355133777533143,0.3909603183732832,0.35241121368825823,0.3068037694072366,0.20989691917306055,0.16082830051032243,0.15223768665704118,0.22827707802729735,0.14974082853703477,0.05917524887940247,0.12598760636428163,0.0
0.3484664082203023,0.4507086000274395,0.44373451568383854,0.42246605494777334,0.4223207105038807,0.4351559386156312,0.5122757543019436,0.4761320049253565,0.5535754752360488,0.6663746032020514,0.6012528066604854,0.6355078976269407,0.6034476002551333,0.6904309868243441,0.7969198332510626,0.7543439688805935,0.8297836742304064,0.7761954588889196,0.8331771937413555,0.7932915155216033,0.8307455108427689,0.8903643301043038,0.9118009703088069,0.8602032727772808,0.9394681918909845,0.9648823659608647,0.950086760399116,0.9073208434087564,1.06520038174338,1.0109487176202945,1.0130599377702767,1.0345259709441488,1.0374395693560203,1.0963715203206186,1.152122217367569,1.2027530925484164,1.1423323003085362,1.1347950643361844,1.2239926307795757,1.2014020999538957,1.2127400707620042,1.2595331612207326,1.1344133282546207,1.2203760383440336,1.2338260844102815,1.276677289317477,1.2557175250317383,1.182172748544574,1.1820091693622228,1.1468984365578183,1.0412325898004822,1.0844636338298361,0.9709349057758967,0.9369710304710359,0.8835637268703326,0.8297595970934195,0.7560032291914586,0.648093935726216,0.6506722446125796,0.5276686893219562,0.5145610455790249,0.45871943726956854,0.3085346618524302,0.27465199610216084,0.20236883969156136,0.07889243281390283,0.06178700168720778,-0.038996552601562214,-0.05242669485489233,-0.08348658020511798,-0.2141037996169145,-0.22265042091041784,-0.37700489633533957,-0.38342646509853373,-0.4874000208219605,-0.451657131983471,-0.4950292768708056,-0.5835187140619406,-0.6002893573833553,-0.5828129492023547,-0.6059719523702811,-0.6434687586747841,-0.6599727131225235,-0.6816575410971838,-0.6689620090397069,-0.7043475569051417,-0.6474001402854906,-0.7159749544213737,-0.6675115796174065,-0.6703872780938184,-0.7381542087653394,-0.6755644426457958,-0.6687231901745152,-0.7101797507302627,-0.601501876133123,-0.6314636548453524,-0.6977463774397614,-0.609519714941971,-0.5804974723904973,-0.5687069954511311,-0.5889540829275385,-0.5491868724321158,-0.612846838570199,-0.508510318183869,-0.4230372098116215,-0.5016187984356749,-0.4630860145903028,-0.3754845004916017,-0.3745071287637054,-0.333806809382033,-0.24112788596263357,-0.371526768500685,-0.29859946566769663,-0.2554001538801833,-0.17666700924894957,-0.15451258287777705,-0.12832139755144284,-0.012326475441267262,-0.011988905556383529,-0.05120539081571618,0.07336230332629516,0.2019017355906958,0.10604140360944443,0.21297266200696888,0.20033990317838035,0.24173913788351986,0.30408261625878064,0.2316711981299568,1.0
0.03207338149801557,0.08811365206800977,0.01950219375699177,-0.026043372563971944,-0.022636829454214615,-0.07931023244862223,-0.1623767494365587,-0.021098289568796058,-0.17420372269323328,-0.1554682808964665,-0.2432694580057419,-0.21053952601352202,-0.1586178758978931,-0.3079419204597042,-0.31274941658424377,-0.2994335598270619,-0.33276949827037533,-0.27126221546001195,-0.2992276974136359,-0.30133205236047905,-0.26945001999504015,-0.2394163971324776,-0.25366887157998974,-0.24043988931498675,-0.21631819009624983,-0.17475642875720848,-0.17914622493351365,-0.14998600123540567,-0.049818984168220296,-0.08705974932265972,-0.04166794920968087,0.00413069778959846,0.0753568224857771,0.012845994737330335,0.14550615793133445,0.20349753217230412,0.21709930583062753,0.20047957989149698,0.3165054078623607,0.3572285716064963,0.5145737507347574,0.5189358581205399,0.5372824786896482,0.5799380993527656,0.6475914665723562,0.6869273256148255,0.8412559604986536,0.7367113853179532,0.7241204833788507,0.8798708155432551,0.8394681160640406,0.8292420056010713,0.8362798915778962,0.7637876630877604,0.7896770950033228,0.7951858751936914,0.7636433442297558,0.7656278576869296,0.7537046010761034,0.7053031345847811,0.6895220179027404,0.728237588106879,0.5825969269410172,0.5223273037731464,0.5030198429685823,0.46673802015398475,0.44430422331857833,0.42321856337474,0.34463470636089466,0.35312743588936135,0.35297672792008233,0.16163071486037062,0.2571287233963292,0.20863654227942588,0.20802353955869454,0.18428573270460913,0.1276337980024981,0.1377436648385756,0.19734976144770855,0.13819515728167953,0.17529151321453199,0.062371462147356976,0.06185156382827944,0.18396631832280996,0.18983756372913677,0.1857570299927939,0.13874759858973112,0.18378842615230795,0.22042631210716737,0.28246950754282596,0.2652903713707839,0.22340969950364983,0.2590391802040941,0.27009085613932404,0.2898885125220246,0.3002607218193304,0.3963061010237108,0.26423232601231744,0.3949962706868031,0.4114596412854135,0.3803031753159595,0.4680164752216023,0.4016677490807676,0.4179623719479559,0.4934902398738324,0.273969383548083,0.39570990090847935,0.41396344283378705,0.44654517054219756,0.37371251827950963,0.4418473513137888,0.4171828682341068,0.41851557138578166,0.4512468620372464,0.34731037497870565,0.30413114540021724,0.35131303865378916,0.3288834932642879,0.3249282931166474,0.3143336126795736,0.21557916614980285,0.2020806034119959,0.15712191929438107,0.15049400755372513,0.12112641068471769,0.13066415763227884,0.009263119574186324,0.009116328061174891,0.0
0.08125665966456727,-0.09358398527963376,-0.028047993479653824,-0.10123340472173806,-0.042176740331432386,0.012440987630028592,-0.00800325734496022,-0.015983506551251057,0.00706775563255406,-0.01674628632084545,-0.005170416332454783,0.00460845268777646,-0.12158517224395636,-0.06275953150523018,-0.10124654370483027,-0.13329177195305666,-0.03695316429978545,-0.048904936675163435,-0.05923606717845924,-0.07783264965460379,-0.037687284256078674,-0.015995063753156052,-0.06990359271122559,0.019156571665162155,-0.022063893569082435,0.08882581624702031,0.06615003752716317,0.03766464292554905,0.13424348115121038,0.20101299663933536,0.17423574094220767,0.19303643924155225,0.19631938355996378,0.221342778319403,0.24830260188901304,0.3667529114619332,0.33393757013658415,0.4067307127529212,0.4746970632166542,0.445072031386044,0.582849217094918,0.5714898490871516,0.5114416479531575,0.5701367872225209,0.6548435393536297,0.6131981277073971,0.6994772107009863,0.7063473477038744,0.7596692504346636,0.7633120799977773,0.8279023296548385,0.8092828358785543,0.711794879703791,0.7156260403804182,0.8589384155340828,0.7856853687059651,0.7616988109410577,0.8546225856599119,0.7071173239923414,0.6211515554864201,0.6339562568015982,0.6002873340336008,0.5880806298476061,0.6213653063544747,0.5393524081186281,0.5249873707631386,0.5018019680306433,0.4848948666196328,0.4721813956552178,0.48022308368097955,0.41348935211241683,0.35657186029118815,0.3982139202446854,0.4088075950387382,0.30821819725311755,0.3770553811929316,0.3270274668568126,0.2936425195150152,0.28315334489954386,0.22720136686036968,0.19156462876774294,0.30683276204690224,0.3320886477988733,0.3378279309223588,0.33897848762681354,0.3310814582300207,0.392368541431219,0.302996031954299,0.31061440541457364,0.3526111737433147,0.36131756186100195,0.3521061236297029,0.3838538200739505,0.4486278846863824,0.2993544992838991,0.31428912161193934,0.33172632899148086,0.27969474828194213,0.0966491831042631,0.26560153057150643,0.26909694018690533,0.3015354786159002,0.17209190619120018,0.149284156734725,0.16322187013492478,0.15324268976704045,0.17328883174045331,0.09904387958137675,0.09421862367593811,0.13287779923671103,0.1318802481685725,0.08424528892572836,0.10957590121842646,-0.007870776072581853,0.07200121334979478,0.0584361446197274,-0.0026212528585211753,0.0479300689320264,-0.0017853296501111823,0.08924868424811092,0.02905796793978111,0.10816490866951013,-0.044516063330525095,-0.023432077654805233,-0.05953426454423834,0.060910181429994464,-0.008534881141512518,0.0026245969580267468,1.0
-0.05655196721175458,-0.029991723290368547,-0.016971282267996324,-0.05588102303292816,-0.0046548440494012695,-0.060499582721642964,0.02440097223552093,0.03229952629174711,0.059452406312505514,0.018564312442276125,0.0771234565096645,0.12894113345274955,0.17104506010104936,0.0932153138394245,0.15820087509852193,0.09026338370719722,0.28408056451923785,0.1050839039046908,0.2305246919303106,0.2203190552272129,0.2964060384621395,0.3304852375105191,0.3774189104528811,0.25453741821161274,0.4144629194449092,0.4711759569922634,0.49378340515196073,0.47748132828046813,0.5779053120404886,0.5702558535811559,0.5886602791271383,0.6317207409445179,0.7411319201078694,0.7855392796798489,0.8114407117658916,0.7822470431738691,0.8618663105892211,1.019280165638659,1.0077154163811546,1.0682185312422827,1.1030683066103861,1.0434702534828266,1.2041260138402285,1.156356166830087,1.2457838442520424,1.2384804520686654,1.2360077003011591,1.2354285241534526,1.2477238814399636,1.2639484960726,1.3276415795324839,1.2157723205973028,1.1950393027879538,1.2098575136376493,1.1580238349863392,1.1036693543182443,0.9841173300963004,1.0343773497327808,0.9037973421013583,0.9118053989421993,0.775025020936487,0.8247413149321793,0.7774085266272837,0.6521645896007325,0.603253618194721,0.48434229235370413,0.4052430540205954,0.342148831655932,0.33687728632676345,0.21204990528936074,0.15446057890528195,0.1307728234703599,-0.02851003030001386,-0.03254535640257167,-0.17198932822403287,-0.0634228896837949,-0.25332734962200376,-0.14827885671828053,-0.15762313505619424,-0.34688790236909395,-0.315403268707223,-0.39707024960902015,-0.3540365035415367,-0.4885931862920504,-0.4957840194540169,-0.4814960819643936,-0.5121701134055144,-0.5106047068396888,-0.582182656131734,-0.49685039631470884,-0.46629352032996874,-0.4446661515881587,-0.5170203838171101,-0.5260624822780493,-0.46043086236821734,-0.41889834849546154,-0.4425585659032688,-0.5779694163685288,-0.3637346461617679,-0.3569053633427028,-0.42630579519878475,-0.3523626660972725,-0.3808818745115509,-0.3179473252979183,-0.24272827382327133,-0.3157168680253875,-0.263336410966539,-0.23991737045611924,-0.2693996484156438,-0.218531298559365,-0.21307355751816673,-0.14533836671319272,-0.13733319933725624,-0.20459886877149946,-0.18636266029110915,0.0069239858514393154,-0.17585618773128092,-0.1286036819428516,-0.11639118380131082,-0.09454543932470351,-0.0023007663174924448,-0.06832959399567125,-0.11745304884771063,-0.048210906607461995,-0.08133287229580839,-0.03514933576642684,-0.04908687613695484,0.012937306222906586,0.0
0.2022933951776473,0.1769415000854103,0.10312147669384669,0.07662643649640037,0.09485125683399934,0.08116049090297325,-0.007727673982756471,0.044749252826676814,5.532757141086739e-05,0.0316234998144288,0.01853060498243049,-0.040793426703725336,-0.06972665228970816,-0.09303048829978845,-0.13616983214906958,-0.16530153379847537,-0.17378198006503823,-0.18445234356516288,-0.14551871441881592,-0.211963014069508,-0.19433371169060362,-0.1926232990001766,-0.20551944601143515,-0.18736045481441377,-0.21272551705251036,-0.19116627538843534,-0.20010147657601599,-0.152257699030247,-0.20929285762733305,0.005099579498164003,-0.13652360625059212,-0.049842318651831,0.02692513238765469,-0.05731939296140648,-0.004577611540108877,0.020489654577386655,0.10822553058531337,0.19938182081463557,0.18167708766679852,0.21085602276755203,0.2767185358813418,0.3397123676167772,0.2753414854523068,0.3682118927732742,0.3725689626381838,0.43464948005417475,0.5105678893838435,0.5113736695217704,0.475773081575834,0.46487245570238034,0.5190766056829768,0.5590224454515682,0.4885329975037745,0.5222152628140168,0.5488438294554032,0.4979315894535207,0.5448017078214191,0.4960165342311976,0.4987865031835238,0.49170199053225244,0.5048660706550694,0.3946425187062096,0.3944161723103995,0.3981859949788887,0.4233740202026476,0.28042128651115056,0.3166666951282207,0.3297315341635179,0.28500063404952436,0.29609885016491594,0.28534635185719354,0.28749050361119377,0.24817951985837897,0.24301499006799163,0.2282035150812948,0.28813707179051024,0.24205509185512422,0.2718542501791801,0.24299484940243604,0.2493659954452217,0.240658253079977,0.27204853527588835,0.2917810842299834,0.29771533271670564,0.2754323188363024,0.2735206741913756,0.3287347264938397,0.3340478841911589,0.42684075440821884,0.4074568304389537,0.3544146456752643,0.36766688408288317,0.4008771386675217,0.45857482278347056,0.3961100782869774,0.4532495838261784,0.40505778429817424,0.4800088998835225,0.40370174591457564,0.43343200789367586,0.5159895106406204,0.396076573899654,0.49914864041891027,0.41437496677465757,0.41405458422172525,0.4900736932433218,0.5029462657983882,0.4351004265796717,0.430503164770646,0.4381684925635664,0.4114396139803137,0.3941224282925316,0.43826567221135093,0.45205437635927054,0.36966417142274766,0.4033798069711249,0.4367526987846224,0.40864639171296024,0.34352149988723474,0.31937595758673976,0.29340501988110607,0.37092180830182897,0.30902539314471,0.28398814042508724,0.2036113297124864,0.2578662624348538,0.16671815907417303,0.1701181700312622,0.0
-0.08714596872041994,-0.1016726937289561,-0.05131281928798014,0.04675865809447819,0.05273217890541667,0.08245283112293969,0.12788747152865348,0.07805033032892524,0.19022418939679944,0.10853071525545638,0.15978278225062378,0.1829568300301221,0.1397848647480099,0.1656903735976353,0.25911866201110834,0.250869390461581,0.2709010769029108,0.2911806890925185,0.24893223795441816,0.31119327323197815,0.35992567457684504,0.3534060798838724,0.3359086382922885,0.3636270946035317,0.34701470755329733,0.32155854081788965,0.4326516217344666,0.435815417059977,0.4725887596008465,0.4191974290824588,0.46189811885469384,0.5001761774141457,0.4570423988364563,0.571237480893151,0.5305412563931107,0.614149913002374,0.5762319725144874,0.7034465292416986,0.6011526415560002,0.7345231130374359,0.6905175958044321,0.8429504854000466,0.8375977619551839,0.7692034428656509,0.7751600842849313,0.928087988370845,0.9162178753948335,0.8422980930211328,0.9243476294675285,0.8435603542199444,0.79405531588094,0.8579552026151999,0.9476673321381514,0.8666236576837119,0.8506810368185922,0.7883163388207289,0.8859227918767497,0.8119340814803089,0.7811652329449972,0.8118313260301057,0.6985150841845444,0.6815246645490739,0.6945398371845805,0.6409799065022804,0.666651164981541,0.6447542320215168,0.603823556552333,0.5409492505394145,0.5610552126284178,0.4283975879884201,0.36646020880748553,0.3667870343102478,0.24642112944088154,0.34765124145355847,0.31450136501089515,0.3751485000881193,0.18223132983782278,0.2261227596790266,0.21237992619717963,0.15191725078397858,0.19735014148681662,0.1471343610554561,0.16046987997187523,0.10831247524865245,0.15065167647578528,-0.00815730477461548,-0.012133737162105945,0.013457725180020232,-0.07515997443589714,-0.07718824221475128,-0.12555513027732454,-0.07856636946313243,-0.14662503319238024,-0.0966737309730292,-0.12122433590470927,-0.21461542938148345,-0.1734291072631517,-0.2581265712100172,-0.23739655464306397,-0.2197740251044937,-0.29248468416313445,-0.30632858372654304,-0.3016926365844,-0.29312310522447277,-0.32886750669816234,-0.3225912049664342,-0.35698203412852514,-0.3048069892226798,-0.33100118629494535,-0.3181019438377582,-0.30702548498144805,-0.34917557562890106,-0.371739663934966,-0.2941113673663853,-0.3257822515841204,-0.3122211631605286,-0.2844859399009275,-0.25485327769370025,-0.23220089921815026,-0.16967709977146278,-0.1935315359686737,-0.19484657718578016,-0.11211224440771184,-0.07801521295790426,-0.13010300304237762,0.0475193005108796,-0.03565545815678104,0.006367853143887256,0.0
-0.04187147918874555,-0.0809079752521802,-0.14768550492699695,-0.10725613472089153,-0.11492489465208786,-0.12921545769765067,-0.16877751396376672,-0.1668130580753153,-0.14321642288302178,-0.1578317223291411,-0.1654697987338095,-0.18822592579662673,-0.13377278690751196,-0.10416340592368059,-0.18505979400273964,-0.1289484607831843,-0.1821308202455904,-0.0874595310461254,-0.13359676943746096,-0.12736028304936867,-0.07531282842306437,-0.021585463499870103,-0.05350760651067564,0.041314993906489024,0.05477408657154388,0.017152574896649765,0.10479030508918562,0.18771513757639402,0.21962244553230154,0.17776617697888042,0.27771789623243387,0.36539114833019387,0.4264230802940054,0.44115756987628146,0.5374430565118308,0.5872988681531269,0.6124614798262867,0.7452978718942127,0.7232198577334281,0.8761123147770766,0.8744525679929853,0.916442069183275,0.9156821126350495,0.9519147595744752,1.011056844017112,1.048172073883325,1.130870365437488,1.1175739180575357,1.0906040321994246,1.1437211386461632,1.1456920573231164,1.0264887560516254,1.1065784462710262,1.083009490971309,1.0683687310104637,1.0882054112529187,1.0399553195566489,0.9949353988130082,0.944909544712576,0.8655330663341294,0.8909363570604901,0.811725372558619,0.7570281182932224,0.6695711723685773,0.5858285640109001,0.5095971448148643,0.4748966901441447,0.38248100109261246,0.43994981446232667,0.34844376073117067,0.25980944445386,0.22651279653102227,0.17445248874743963,0.13281408258631458,0.1534377656200564,0.14361038035275941,0.08422175484642794,0.018139894058582427,0.10645405697663611,0.15250598302038293,0.036859771075198444,-0.018495172209108388,0.1385852478553229,0.048147679902107866,0.047127202821740634,0.1030500353024191,0.15337969757254616,0.08288857764491848,0.12138878753113777,0.13753245713226436,0.13747430042303604,0.28356045288844545,0.2652302116339992,0.22106154844904075,0.25733833256235616,0.3541774684612245,0.17559827750497548,0.16861277605719743,0.19741448975369708,0.13842698433774747,0.14089519559503494,0.2415278016467779,0.11692000791674903,0.13140255147733704,0.19492871610770887,0.23751308020739004,0.14541104348091727,0.07857352955757743,0.07666795204765328,0.1272359133722998,0.11943856869063578,0.10653783363198871,0.08814544658864175,0.1202981037920467,0.10594770507650278,0.058736118005106,0.07868838314767748,0.09865031628354878,-0.005303234835524681,-0.03073500274343923,0.06788254325036026,-0.01537145722112087,0.0333403657668066,0.00917783166612057,-0.08529884526012041,-0.05360784669098194,-0.06852960516680558,0.029950175935484838,1.0
-0.1861372328253095,-0.0685306774812635,-0.021798713640748722,-0.01822456107061972,0.03724360689489415,0.0701870372797125,0.07570502075014195,0.1638503829612406,0.1906518835493406,0.16493558174196427,0.23839362975010903,0.24387796578145576,0.2744687265716699,0.35728043375668617,0.35137765335704574,0.4153867122557372,0.4476111552450522,0.5956580262154002,0.466933532403094,0.6234744457284741,0.5985898966851958,0.6220000283498295,0.6610022361695351,0.8035515950547688,0.7095300755338318,0.8021650714980777,0.8932086524471621,0.9760169123717302,0.9653538216997309,1.03211948588373,1.0880602853944592,1.151577880409102,1.2828040153254454,1.2995313162167716,1.266306549035639,1.2667975593043848,1.4670134075383323,1.4329324378676722,1.4610963613451045,1.464943289413176,1.5650171743780261,1.579287154047796,1.6246857357197713,1.6137193959713683,1.6131481272539019,1.7092085901147565,1.628100556884427,1.6753510802613876,1.6544266221997412,1.6433097033692985,1.573732164249521,1.597483151066321,1.4652076238315965,1.5028385377531586,1.4727442561223036,1.377382966638164,1.249355667367774,1.2633946210643918,1.2190344733230718,1.054706897860147,1.1081686021091222,0.9228006414620783,0.9360076379811784,0.7779706904297483,0.6475258268471938,0.5743412497636158,0.5468724944222412,0.4157878137184111,0.34402499409049914,0.23281085635773266,0.10414632604084167,0.045698856945412605,-0.026037325911591087,-0.011369469433902324,-0.11074024841486937,-0.22497336006073032,-0.27150711842646885,-0.38580988952500345,-0.31537053628548695,-0.44236110070339013,-0.42819862876467446,-0.529708438631318,-0.5222854797791218,-0.5512798768210406,-0.6675299310118462,-0.6106369906705129,-0.6400336258576411,-0.6110971433562817,-0.7527306689653482,-0.6971616518970154,-0.6868365846867905,-0.6845700870304868,-0.7720037460346618,-0.7982810758348764,-0.7186346582873786,-0.7794696380925021,-0.7718977488892631,-0.6635654764915018,-0.7743948384880693,-0.733793775145822,-0.8254489751172973,-0.8072787396868433,-0.7682435196389245,-0.7905262795647593,-0.7297056665257291,-0.7266799318205832,-0.7214341900780072,-0.6500124660224749,-0.6277352173114811,-0.6012918264179864,-0.6064876751859948,-0.6319682686859616,-0.6514603421779043,-0.6009473011506965,-0.48210440418095546,-0.5199158464880577,-0.3757674951680359,-0.3804049544537662,-0.4895893420721659,-0.4371688571711289,-0.359261369364871,-0.29147270590905905,-0.3164230295583651,-0.25208086015397235,-0.14422432050599832,-0.19994816391680592,-0.20154136345193463,-0.12436180641393985,1.0
-0.11828039738498278,-0.1019829209648408,-0.07320465178823489,-0.010235230138345736,-0.12355395054203572,-0.028202976132608124,-0.09083958722749629,-0.009051266060334955,-0.04420998674452111,-0.05431554465526545,-0.13863294525054878,-0.025202172216967668,-0.08867347738688314,-0.01052872658616269,-0.0704892529944459,-0.0560729613642975,-0.07882634952042704,-0.1522865770169049,-0.09948822056897369,-0.07323134131819001,-0.15581430200852026,-0.03591127018256828,-0.11488657260497596,-0.16499760929648238,-0.11074717296560489,-0.014568360731643408,-0.10039117906821943,-0.049968098262465364,-0.015208615837511019,0.034528789026476214,0.039360453343787585,0.0647295137406157,-0.043365654332684286,0.09269193740032756,0.078816968073804,0.05552836513649864,0.1992518260481998,0.2212136369085632,0.20693506272280726,0.261265395585567,0.2612035245584329,0.3605194680135339,0.3573134028854554,0.37863359208254094,0.47612002311219104,0.4592959390482781,0.5109205956572132,0.579058960095547,0.5577170093372702,0.5805872586048512,0.5738427128671109,0.5813755588509725,0.6380047783648424,0.7271522656322836,0.6546988256197047,0.687954799285203,0.7306909303773421,0.7156455563729341,0.685881272098417,0.7100252052857715,0.726579965708216,0.7044026545361357,0.6766002329112063,0.6805230944846422,0.6500120661910661,0.6117084385659424,0.6408102349893359,0.6109013421461261,0.5543757879025174,0.6159502369355538,0.6454894175396211,0.6019535236625287,0.4801194290080429,0.5111211091703631,0.4869142172261551,0.5008982571778086,0.5664399144523647,0.5581689206136395,0.5710188440753384,0.5230721769593544,0.5049580709490219,0.5119962054953948,0.4922057559291827,0.49227147075068367,0.4864112081356998,0.46699429047427765,0.4734129366619276,0.4801676858848492,0.5391745013938845,0.4460327134987607,0.47270102487884735,0.489507902822967,0.42562184548162146,0.34179277178322265,0.37030409450461493,0.3758919519229663,0.27280125994402726,0.32926249801372404,0.2511075949839096,0.21216286790422537,0.29384035500846534,0.16855922587226035,0.19861480147759286,0.06673878374314507,0.1422823602830549,0.10153211795703246,0.1583745849598924,0.1850896051387743,0.06953325118804818,0.05809148343925673,0.06325868840528395,-0.012306129624103324,0.016984311067505094,-0.04986032306775934,0.10386211672003083,-0.016664695729129667,-0.014903386952639014,-0.09025289260250602,-0.0946792276694797,-0.0982041464968435,-0.015367007176524991,-0.022185762723920636,-0.06157385445607532,-0.08330692996203551,-0.06121708851997224,-0.1274823160893737,-0.1043579782448704,-0.021124972345298816,0.0
-0.018946196647936016,0.061626884495553244,-0.0002766595773885834,0.014354457062637663,0.037427042912470565,-0.014721638790175698,-0.030519182563161076,-0.005227840306069737,-0.03662677368622943,-0.04845771880126347,0.01549881813482796,-0.010411859190691809,-0.039759986824424595,0.018686762263835463,0.034238056691080015,0.04916278160593511,0.009314710363108367,-0.08928902212697126,0.035908453315136195,0.06772994824603876,0.03525484348034705,0.15870982410681067,0.07641431571035348,0.1254113026574823,0.13411613693029334,0.19748084202653776,0.1564490170455797,0.24644380440078967,0.25712906448083134,0.31623840490696553,0.3097379620297368,0.3110289663622598,0.38031279381970456,0.4992596019393554,0.463593731916626,0.5301006085795182,0.5313785754775386,0.6385206600797625,0.6971788296116115,0.7366308866404432,0.8199092855347683,0.869668070123663,0.81522050407186,0.9552988299579603,0.9153173884759772,0.9204536367271234,0.9952407404877982,1.0215401314450772,1.0095025434771503,1.0458465451765606,0.9536358620608932,0.9432336182983717,1.0337167173351571,0.9669313036318796,0.9370055121497349,0.9268651224498423,0.8436513230357268,0.8446201293331332,0.7474029002366533,0.8517734075426364,0.6745877222795127,0.6358226448691735,0.6126961241135036,0.5492206403577108,0.611500395864202,0.4719927136687804,0.38221784828766564,0.3847854195258656,0.3089714853919736,0.3224624874684484,0.14216221499896292,0.12875147580426782,0.048165481725526746,0.09417781339543696,0.08464815366536746,-0.02143618982123377,-0.012074989642539738,0.011896518410542567,0.05472798510393383,0.017912878899794406,-0.08468949338464399,-0.0080621818907841,-0.0737584379243322,-0.03686627122760387,-0.005211849973289965,0.04303600564397158,-0.029292953007715034,0.03483788767165893,-0.008390983087076198,0.07002426521691646,0.09571358224520177,0.1605420428117802,0.042275323498868256,0.11726833819861004,0.11172960376054603,0.05656118402026905,0.09632179590847442,0.04040530626161259,0.05405267171565348,0.09644132865513365,0.08052125794894872,-0.0057308982447464435,0.13064011890922736,0.043827116080303756,0.052868744563653036,0.10460393335093397,0.0985027654494324,0.037145702900366735,0.06656619461331861,0.13741516576245377,0.0871590937245664,0.07144969144531259,0.06190027309137962,0.14151344756853002,0.09942226382196055,0.050534131292829285,0.05606552063875561,0.016540602344590413,0.09938431356857555,0.03435736598952027,0.1264080300386497,0.06288204625063609,0.13994969791287368,0.06784528682130601,0.06309040284021251,0.05736070713870752,0.0641789593842756,0.05258949820216503,1.0
-0.11562520632520264,-0.18680814729496445,-0.21846365116919902,-0.16979816295380615,-0.24424206031399323,-0.1905496143617701,-0.31383209196944667,-0.24951336871002666,-0.30142633979251277,-0.32596645993825735,-0.3621304745107855,-0.29384410570403635,-0.329587906368774,-0.38944495747244645,-0.37744818196044466,-0.36028344841344273,-0.3712953734290272,-0.40892711954676897,-0.40494975361469004,-0.33530441667039534,-0.3598515074028699,-0.4067211799686997,-0.29412080206491303,-0.24729611905965748,-0.29133879652541034,-0.30370034942335616,-0.1702820136036578,-0.25316009678422713,-0.21853180031520192,-0.16107956754581068,-0.1292221107579274,0.001419454815740323,-0.02849438348561259,0.01728345565622621,0.14856671529360693,0.1696577649383556,0.27333480537913235,0.2839940411569745,0.25123217775112205,0.3146891491675259,0.3871692059392734,0.3992651626085167,0.5463350215093108,0.5682492653957337,0.7101797618427568,0.6822942785752444,0.8030425132839053,0.7802914219143358,0.8030279796349613,0.7857171913594776,0.7882884384326434,0.8731343615130541,0.9262963632208819,0.8264904987783827,0.8973183826242714,0.829266189934159,0.8767190737351793,0.9241914242167866,0.8904789393131739,0.8300229880051679,0.6691678810155509,0.8004343693693815,0.7078465545031563,0.6979005415863462,0.6867777332869,0.6793310881301222,0.63110297459458,0.5590877986596788,0.510465669282703,0.5035278969047857,0.531190148467121,0.5656415105573693,0.47873101536163054,0.49849124979293474,0.46221407025102956,0.4431855353448175,0.38792130556604465,0.4060868969833463,0.3111168098569763,0.41604987087619355,0.3938027074082529,0.43169177394400143,0.47958323182576784,0.4978547982894567,0.38206161640219855,0.5170625329929508,0.5300975624746748,0.45468121388511556,0.4300881678926611,0.5139764336838553,0.5532718247245848,0.45252036543122454,0.5671644973274063,0.49289150487181105,0.5026756108107506,0.45946308964501703,0.40947879427128625,0.44708049762534813,0.4124464679447406,0.4472662996141768,0.403711418877525,0.4685065845362712,0.3975473063057848,0.3736251787154677,0.3478217629202152,0.3454748835333597,0.30449127520609093,0.35953940620572433,0.3479668719247611,0.2780123610231813,0.31584287016154805,0.24305347752467357,0.22003695917370897,0.24348433826197943,0.1451682403574914,0.23008465567483682,0.12551589210788594,0.1271260346482394,0.20740060736509397,0.11001172601447567,0.14294801615072078,0.03653430311113028,-0.012878746273897379,-0.07099889805208816,-0.026740275376338628,-0.09774288275437715,-0.06483126087275262,-0.18184674956206068,0.0
-0.37393159344746896,-0.3384945411692907,-0.3354760965290443,-0.38484484964889065,-0.3427775256857253,-0.46371732125329534,-0.45829733126029537,-0.394786210871421,-0.399312780220754,-0.4079298926861622,-0.4070819259892104,-0.402724010197239,-0.4592077281305865,-0.469231464380419,-0.3493052581584129,-0.36830647581721004,-0.29663808737882597,-0.31084232671919193,-0.25505016689387333,-0.28446737790909266,-0.3458481615434509,-0.17590920584346934,-0.18597715713317245,-0.10947194676798805,-0.0797734770494037,-0.01462296629312076,0.0029984131654171506,0.18254295092202416,0.08695511317166423,0.2939556891754659,0.25205619118222433,0.32953221203978955,0.4228447606913578,0.563276606117675,0.6276685424833247,0.5871043548418696,0.7042778435718426,0.8176291982636036,0.9225798756400454,0.990175568604076,1.0725056904404575,1.127480064135333,1.1318907527092235,1.2905210141214098,1.3236678694058965,1.3109584468171611,1.3989663171358586,1.395872235251094,1.4476739580141895,1.365748180375021,1.4912592272856842,1.4599559044224204,1.5076204516086014,1.3942320031185609,1.393479223535958,1.3907386046382133,1.2825611806690804,1.2725154555498372,1.259410065020601,1.1169745199889984,1.1192457508956213,1.1669916011321322,1.0658886957696725,0.9018552543273525,0.8605631958961177,0.7665897158918944,0.772876155257157,0.6783674553414499,0.6654508221584657,0.5529663882444816,0.48415261325341086,0.4173341306387041,0.4339410305031655,0.3666948956522596,0.2483352580751705,0.2805720543238524,0.21501932468722934,0.10820976716731351,0.14116688167954533,0.13126359010023503,0.08331574155861923,0.12310102292662568,0.145961191323795,0.11998222594976692,0.1893679135210214,0.14551685975350137,0.2023574800728695,0.08791374567729252,0.18885462343709924,0.2745938366674179,0.23310559199393277,0.24163777252590452,0.2382667190387173,0.22238842735693917,0.20910221129306922,0.256092674486895,0.22013779740741457,0.27367182477553814,0.20907350384986587,0.19817316849020122,0.20518203028179027,0.13407451881720128,0.16610775745233008,-0.011943346868955484,0.1342881365983471,0.10057066341053439,0.049414723863148734,0.021424958723103744,-0.03171040746024964,0.02857522411520256,-0.05134386639388794,-0.03313080416329789,-0.03027260383855679,-0.04364202623784864,-0.07709806189002388,-0.12832249339424706,-0.031534426105262595,-0.1423190122032902,-0.10773097486979413,-0.12095929092294705,-0.18901781789648056,-0.21979967002410963,-0.17825648466843536,-0.20398422690092102,-0.31551781389561023,-0.25245827531269543,-0.3416666582849792,-0.255494943897977,1.0
0.04639746665348097,0.04168550981238282,-0.030375931234002194,0.05539852138028421,0.026847403863801706,0.08090528405327434,0.11397933589551763,0.05007125687058507,0.1185014257117682,0.04579637353130357,0.10559857862093176,0.13455280210193038,0.025072404551645444,0.13957197701975496,0.2131412569454098,0.24167907818500395,0.26189365569357076,0.22689829987711135,0.2527261692412377,0.24686710715032958,0.2971792158818844,0.3458919189339172,0.39231698265215853,0.45824062567683915,0.4128908230217498,0.5556859459115581,0.5749037283155515,0.6206621734934603,0.6839293560982813,0.6608712558748346,0.739742559331252,0.7843128604714397,0.856673840311101,0.889449455142494,0.944121290768985,1.0458931708745958,1.0669915098485347,1.078500448060911,1.1592266285410335,1.1782298498062984,1.24196145177226,1.3877466675417218,1.446168104046762,1.3955514261787891,1.4066523076850608,1.3693876232333637,1.4200897902166345,1.398432683197505,1.4127929842068234,1.4028149378868489,1.3928818587212533,1.3895032266204934,1.3688867457959986,1.316859866740414,1.2521646032409377,1.1446394742433414,1.1770369463453234,1.0939104405371816,1.0486376097784529,0.9374279661873093,0.7847155945087602,0.7132572718325598,0.7133830333722149,0.5296452702121216,0.6053079536867081,0.3965840574023621,0.3660967117856387,0.341776069200042,0.18481077406344557,0.10733013699442362,-0.0045223961902939175,0.037509836465509386,-0.0596786829321179,-0.21005501297337334,-0.24549623688608085,-0.3067015658988963,-0.2666051195010891,-0.40217999588048875,-0.4226479182944735,-0.43925627345248763,-0.5124221199774708,-0.5589606741854928,-0.5805045166793709,-0.6337856420199675,-0.6388064668434751,-0.6612790229078734,-0.6196630850864085,-0.6066714989254793,-0.6545390853631279,-0.6454775536381746,-0.6519146866585257,-0.582804590005646,-0.6219947220760559,-0.6379841722120324,-0.6879967251778979,-0.6104827649790718,-0.5578613538100546,-0.4968183955134355,-0.4806636732827121,-0.4581021923162574,-0.4969527622863925,-0.44474147018439,-0.3639101198601431,-0.329873736478147,-0.3279110511425599,-0.3204424108292466,-0.23587844671456565,-0.19999872472484642,-0.1961072507321172,-0.26034281594226194,-0.21003102568816093,-0.10845501357401763,-0.19810553785870244,-0.18182497035176043,-0.07514795629123182,-0.08500431695054086,-0.005454778692886866,-0.16711591341941734,-0.10427100153743321,0.010098694266648951,-0.1247620455172094,-0.04037440072017436,0.01958129372870195,0.0032086361740191263,0.02113383526090305,0.03153025895698644,-0.017970422072863555,-0.04192853542992605,0.0
0.15810614083130795,0.13606017010266686,0.17409997441000852,0.22476309841870967,0.1403672714726177,0.15962309169817337,0.2966584376887518,0.13573674851014428,0.14697126590238857,0.15443543247026903,0.19524971428576937,0.1901923874700178,0.1862810966178143,0.13688995252859082,0.21532064670643344,0.23528234292146954,0.1708084371214166,0.24771288187130425,0.24745193899693846,0.24359232701791533,0.23602643314996674,0.21898329612717402,0.18817730778624417,0.2924792652667406,0.27418059738459344,0.2185325451071018,0.28728064450832363,0.2784336689795197,0.28151227100091913,0.25681946968667774,0.3377749352860893,0.39458529302158263,0.33736661782162375,0.33473356817755123,0.470721574323071,0.41807032059540866,0.4410623984819295,0.45936011857856707,0.5381414471570564,0.6369813863186368,0.563049852513252,0.6071332876084987,0.6138485013376783,0.6207658185866042,0.7603711132804241,0.7073330927326982,0.6900953758579846,0.7304903277558054,0.7513158510375828,0.7081601902606658,0.7918862716188657,0.7921955876525241,0.7581778833451958,0.8111415675867839,0.6756736627266902,0.7043430085425713,0.7542870276072757,0.6979323511038016,0.6370921809542226,0.6306194538349981,0.608044671750401,0.5293327274682024,0.44918548787326995,0.49551705768673554,0.400662867454792,0.4456085899141047,0.32713906722388,0.3523525834029972,0.3105347850809991,0.24335316416180355,0.2730923952745558,0.20943523524147728,0.21008705350470325,0.23743608261486618,0.13315057609032696,0.13642874263169913,0.10596506632769126,0.10256674946168454,0.10892863631908316,-0.0024937296126591596,0.058593794326055604,0.1644648539621569,0.07550361452562257,0.05105457337225699,0.07348855895322437,0.14729020944087953,0.08128610362317996,-0.0032481845634801942,0.025606006603991316,0.06598954332582196,0.11487846508195196,0.07353010440071145,0.1266459120083146,0.0612854300833274,0.10491565643650196,0.12516718366103144,0.09646683695047512,0.09902006756170312,0.06011051269314003,0.07514991742915185,-0.043201362811322454,0.018665139965822985,0.033281193012991754,0.02714777169652873,0.040128254193863504,0.06426969174558742,0.02867939397699732,0.05055882477309605,0.0053727391944058366,-0.03810239696048885,0.0099857387462488,0.05687879198682257,0.046301798700154245,0.024043009405424722,0.005247298044875502,-0.02803639754030161,-0.03457023738493048,-0.013287955351324356,0.03280770458941309,0.04335363378795984,0.10689133514080165,0.01927818830795798,0.049245001782466186,0.029203516988010693,0.05668014988220005,0.07384536101539393,0.1307298845687712,0.1885130718667451,0.0
-0.07404625050369862,-0.05330900390315397,0.0258004942795747,0.014676498102295741,-0.006898689396333767,0.009376110268198838,0.0642242784946795,0.09214649715521053,0.11390383094322813,0.06718804992742262,0.17795127804351812,0.3154531366154011,0.14730974301435376,0.2830234757473203,0.3239996714214511,0.2624872980178647,0.3334739177053627,0.5326256424152317,0.3975569220317353,0.3564378477089588,0.5265542229126182,0.6045433204975039,0.6147345436114195,0.6108939705794135,0.7044824269999415,0.7560021873795577,0.8211888434345848,0.8866314304006706,0.8927630993493182,0.9293376231853291,0.906295799091601,1.0852567856055195,1.0814029981642233,1.128114133495801,1.2329740827983557,1.3338748021623021,1.3404284237719823,1.4762338826564638,1.3886739966294068,1.5471374662367454,1.5335516287094841,1.4830600370335227,1.52305128168559,1.6197133330321205,1.6283026675032204,1.6556522625057644,1.6680030683061176,1.6982045645153374,1.6397106416540896,1.618727901779283,1.6825638486205712,1.540929402224924,1.5645181736931368,1.5117336940174664,1.383263722085751,1.3498027941290986,1.2335794961548467,1.2389468884041337,1.1119559007231892,1.086533640970198,0.9946808020637617,0.8941293787759715,0.7473311272776366,0.6267763356883617,0.5572739442276365,0.48073821943291345,0.3820181893405258,0.32504903043754385,0.20341170591030955,0.16879038261438445,0.07855146191148552,-0.128587930573893,-0.06808297424006314,-0.2856274587804661,-0.2555131271822917,-0.43264668250588956,-0.36147082235815414,-0.5031715065501235,-0.5086816129814391,-0.5025072051864111,-0.5779491668854758,-0.6382577158720831,-0.6957958930482098,-0.6866555456587412,-0.6941991376678845,-0.8009845497022274,-0.7381140813824076,-0.7245643333927964,-0.8227744367981645,-0.8020790597160434,-0.7909188356029722,-0.829080861746066,-0.8049268358622141,-0.7669276739912222,-0.6987038649464152,-0.7873762222617878,-0.6895124663955147,-0.6906783266468384,-0.724676974184464,-0.678625421836384,-0.693762391081136,-0.6832188217608434,-0.6477909097478762,-0.5554405634791191,-0.6126054276637571,-0.5385156192498275,-0.5491252199105441,-0.45327978330310853,-0.5095252914946534,-0.4278326260713097,-0.4975616916462509,-0.43080256203236,-0.3787735176426415,-0.41885448294867994,-0.31341961500491144,-0.34305692251878894,-0.2223308872841166,-0.2777246878341221,-0.24325209955533744,-0.20599780946788984,-0.1731017830607543,-0.14813717755944092,-0.1338781919946819,-0.09972940408666656,-0.1593510980132273,-0.06552706332238364,-0.18051157536042978,-0.03189075553669272,0.0
0.013840937564697314,0.08298549534864172,0.14972391514838754,0.04999634837303653,0.11392326828279403,0.22689494974251267,0.1893253772697394,0.2749693397834941,0.2753313759533072,0.2473362586145595,0.3130721077122558,0.2882177316400635,0.2953252791885697,0.39288960982449467,0.369861383878978,0.4457047215846875,0.37412846386422416,0.31698465514641744,0.4830329744363777,0.49414360618852304,0.5198111484757129,0.5161310142731197,0.49459209118831665,0.5179395073203755,0.6069018740678263,0.5658029199946971,0.6077921490585834,0.6061211750625937,0.6531999076937512,0.6936340343086446,0.6373192367643166,0.744046814309385,0.7271659616942422,0.8085004336113456,0.7458194301772478,0.7612276408811699,0.8994453953548436,0.844011185499073,0.8689660436674014,0.954464006459823,1.084993673905078,1.0427584810245674,0.989379390543143,0.9846695531150348,1.08362703111652,1.0713475605690395,1.1527362348794559,1.1743275156544584,1.081628832976713,1.078616638172018,0.9724871291860009,0.9461919513984569,0.9996840166249664,1.025589287755906,0.9674172505453124,0.8974976859490885,0.7777874603986735,0.8778279850833205,0.8112911339873665,0.7121357983327264,0.7183705518637398,0.6148234614475974,0.5533491549242884,0.5124027457081436,0.4891470245125211,0.35530687601229777,0.3323689605718481,0.2660592390592875,0.2446912962319777,0.17381551488973487,0.10708570866248626,0.1170111322418395,0.009406685922602812,-0.007739370029426659,0.05768335603716081,-0.03410600217450724,-0.12532426641361458,-0.14910208486224213,-0.22165249676234197,-0.22705725924529965,-0.23084100436953878,-0.32355071754924836,-0.3881463194791944,-0.29511771075523585,-0.3399617009271543,-0.2766506654390765,-0.4434367942186199,-0.4017585844884358,-0.3352635478489212,-0.32950079386065473,-0.4573816359323561,-0.41823728071853794,-0.4646930907414225,-0.4920482167488738,-0.4919103174893632,-0.49102170575020115,-0.5590508145184035,-0.5067119267860758,-0.44172734888043746,-0.43080995019620094,-0.4447152663937679,-0.37642202918420775,-0.37212267403258126,-0.3599513125316043,-0.3567318188345734,-0.34477556335288284,-0.35372266633929095,-0.32616604500940755,-0.39679982196552055,-0.3572078560275764,-0.2600287575360379,-0.25712968469489733,-0.2837351030131362,-0.2554043313456183,-0.19095526797740323,-0.24506970481673934,-0.20968891164870182,-0.11715107311133367,-0.13088101241297703,-0.055924410318804914,-0.12481331989304992,-0.10847623227995654,-0.022435527229942742,0.014552564641342292,-0.08667455721420939,0.04405848253086094,0.11341586530377701,0.02513684023540693,0.0
-0.14968890113900918,-0.15162820593450088,-0.25296612983721456,-0.2723922416581557,-0.24636108502726844,-0.30076351114698185,-0.37050339088747164,-0.37157683925313534,-0.47470359019643127,-0.4965937047366842,-0.5047632758333093,-0.584863788857594,-0.5943465228395479,-0.6633771941301011,-0.6414024590163125,-0.673588592239899,-0.6746597157806484,-0.7009458294357795,-0.7258608439524151,-0.7172399095671577,-0.7943425632190815,-0.7630294515608139,-0.8522491220224123,-0.7588772225264955,-0.6992675005668714,-0.648260827523454,-0.6723486615177335,-0.5979918226914895,-0.6697637030746849,-0.6694958674100658,-0.6071257676720705,-0.48003329656400323,-0.4896054870121939,-0.5278152513551917,-0.3571167164293352,-0.4182041731577605,-0.27044443821783987,-0.3038459965784416,-0.20096207883160883,-0.1153635849471445,-0.052531408650284564,-0.010484730074868148,0.06213653535502836,0.13636066955112236,0.2533208742280145,0.3445991204098983,0.31689247119324976,0.39914606255777546,0.44186922138945234,0.4657958830792059,0.5129146210667455,0.49424891898821305,0.556337349044738,0.6212186851125558,0.6022176014340462,0.6868167011641712,0.7254573867780043,0.661554234598057,0.6507799012677882,0.7022605399753624,0.6713179562663512,0.6988657126788538,0.6955180536360197,0.6817438192498092,0.6399939214269273,0.6294972667481805,0.6585404409828464,0.6556673883487262,0.7139023976040385,0.6930946624676801,0.5853254476521377,0.6361672588143387,0.6787152956465615,0.6998840032071257,0.6202416520198074,0.6985320009166429,0.6552486625995654,0.5959825119781779,0.6447309544995774,0.7335432909019816,0.7715753204339221,0.6443689175095204,0.7127416889953643,0.8420347438426362,0.7664355079127753,0.8285220109838249,0.8743152396126621,0.84369785773583,0.8209943148464652,0.8961270872316476,0.8231377168804693,0.8324647707597546,0.7554760574955626,0.9078106022537877,0.9993352543247118,0.8963369464289481,0.8821630806933299,0.8252455993765739,0.835663118844235,0.7792196555052024,0.8505419629173314,0.7757611767390136,0.843050046678568,0.7579916334030095,0.6873548103271861,0.8048721895791477,0.7627265671957252,0.6934189634852929,0.6550018903775542,0.5625295959668278,0.5983344138872431,0.5660258725165654,0.5704003120689797,0.5037904440424716,0.48284959334845906,0.41318807396246204,0.38129334493394995,0.28521299507409825,0.24952152201629285,0.27891939270147914,0.28214397473248254,0.14059187064202663,0.14133060562080574,0.03823655806430696,0.005880132091877342,-0.04450224202126363,-0.1125407406989756,-0.11005920574060539,0.0
0.1502663642840158,0.12301349103774688,0.2193847063241932,0.194263493083698,0.129565970571072,0.17699703619826687,0.25240446138347566,0.2059976427783426,0.2702744894817205,0.22147578886449648,0.30000212936837206,0.32800694658391477,0.32450840241365,0.24510185964290462,0.3314919129225166,0.3690113702973678,0.37771359420190187,0.35865255249480066,0.38542278446091627,0.4478969765363253,0.35555570400915576,0.519758566360375,0.45644790255865014,0.40384455694521193,0.5393340463081252,0.49609680150554825,0.49457492791795,0.48778530888253474,0.506723227090901,0.4915370860589276,0.5249477587730996,0.5726586875579055,0.5703781942337114,0.5791824003667289,0.6841231656777708,0.6887943738230432,0.6741514123588965,0.7490223819306933,0.7264675339425399,0.7195933333360309,0.7601523053096683,0.77144426358844,0.7452397015931951,0.865725441812656,0.8134885934063453,0.9128131456124723,0.8604574088708613,0.7785558341888076,0.8927357928287873,0.847450679083782,0.8757565110464702,0.9641167698313357,0.9041340022335294,0.7621715242489016,0.8835868983505063,0.8040352587139638,0.8498530849107873,0.7215933568495098,0.7234492533224685,0.7040557941229254,0.5994614399997958,0.735184734919082,0.5464763360178339,0.5313633187278236,0.42726148401703345,0.45004677820843403,0.38595112351801664,0.3207700305700107,0.20134398994158786,0.21797314442070528,0.18693306748668914,0.131403135997484,0.1430066212635911,0.10627644111303822,0.06692393440205698,0.09705830274691396,-0.009124817190694641,-0.012582725914481466,0.0588347837479482,0.00010767093204040257,0.044319755945023805,-0.09373785683172663,-0.011699266087015398,-0.028551407159701957,-0.023486703155387263,0.031539819171689305,0.003864809858044476,-0.04166512532786219,-0.07166578667814946,-0.033689442381651946,-0.059998551029269466,-0.03586512975731304,-0.07484226130845853,-0.09615635863471828,-0.1385130361210947,-0.015472056447476012,-0.02931453870430823,-0.057491952979338366,-0.14465903002983865,-0.1998515457456534,-0.08999699831865396,-0.1851644197423846,-0.19021154661220308,-0.1801512051119441,-0.1536017384331285,-0.19373051580654727,-0.13514131154296088,-0.1884633161523973,-0.2645741523256065,-0.19348893422330193,-0.17357686573241318,-0.1739556964855069,-0.19233576964943683,-0.07273837675958765,-0.1838831527882962,-0.15875027455313204,-0.1553707740255335,-0.04048045551841487,-0.05897216346067193,-0.007548570060768395,0.010305633601277418,-0.06776485714027825,0.032077921194062706,0.046569435689265144,0.02061235004154764,0.0715132288904383,0.009374566201768991,0.10596142309023837,1.0
0.5453616273568733,0.598955665360116,0.5995427921503721,0.6331271839053261,0.5839776608580466,0.6439013853422517,0.606785750280764,0.5566691239871909,0.5870092534985741,0.6400353223193369,0.5826188828465604,0.6709593805826372,0.5613063935891391,0.5577396493686984,0.5139711834903655,0.5800360217000065,0.5915697643038241,0.5569538629664607,0.5825974922019913,0.5570644182845484,0.4904509941126311,0.5251991258605985,0.534467702908083,0.5431876985298796,0.5598905254251468,0.612843687506804,0.5561204927037581,0.5272875315273035,0.45000371029294073,0.5630282172381458,0.5462715833402961,0.5777458683359674,0.5637368599300093,0.6158968917072931,0.601247266994976,0.5741631678388579,0.5280824511210905,0.6228017465738827,0.6454656735990265,0.653305060528596,0.7241046892068462,0.7245825256956893,0.7056251373736906,0.7258953883521438,0.7204977550543628,0.7136721368071393,0.6956696189858786,0.6183687306056573,0.6707981278480987,0.6322150942874943,0.659552234845551,0.5480063164293114,0.5902003080734082,0.5458146308536821,0.5248811430116898,0.44473847345220024,0.4596522300705492,0.27502285662680265,0.2871685397074219,0.25813827028129027,0.19121977776949511,0.10520564826724688,0.10928579471785843,0.06182212624959125,-0.03921903661178443,-0.0765249244535125,-0.10675628417741198,-0.2040973872847901,-0.18827783045546234,-0.27542411027194424,-0.32185338535021824,-0.3964011029976262,-0.3920670861328057,-0.4603185703053411,-0.5129848243056648,-0.421153003072496,-0.5778018182072505,-0.577170240099536,-0.5304359680147454,-0.5320600943709142,-0.6238377921544481,-0.5779224905919637,-0.6757825261479862,-0.623641306173565,-0.6043310497186802,-0.6782430902148628,-0.6639164773316668,-0.6109059496162307,-0.6820014158857745,-0.6167786575484678,-0.6529840427684563,-0.654481957325822,-0.5348735966739875,-0.4915169553069713,-0.49433910689319627,-0.4692414047781543,-0.34002234108606755,-0.39685801284764194,-0.3410989218163993,-0.251999141063634,-0.19523567655870105,-0.20275558257276988,-0.1925307575927572,-0.09137787513306175,-0.08106925154373275,0.09051899760497303,0.06928485534313068,0.1805809695141926,0.1064562561063297,0.20480892958136396,0.23079824185109601,0.21944507800377575,0.24723457190612727,0.35543492180544695,0.37368644416721386,0.38086219160022466,0.417284022157666,0.46471334118734436,0.45958121261707546,0.4649108561625036,0.4498311982169608,0.5580714983719482,0.5365715635072774,0.4861575165370554,0.5333772827378885,0.5847477623298536,0.545675212572823,0.6384692924095962,0.0
0.31848617838032023,0.268801820425083,0.3178795817773434,0.256435411865301,0.2891755700869836,0.22473829241853838,0.1581306566094055,0.15633160742391186,0.16687977158117578,0.1278603423099523,0.10816008737739596,0.023131210668198995,0.041656376972768465,0.1326121308422528,0.037090284990881434,-0.006669467753440565,0.07102754150080212,-0.021598194143844573,-0.04184720417912269,-0.02381072391013122,0.03152095934794244,0.015231165769566379,-0.020475276469944487,-0.04647672465396557,0.10568187031261815,0.08274415953368508,0.07129015452677528,0.07168170396415771,0.0870436219728585,0.10101210938330468,0.07115171054221574,0.09862377098861146,0.29969929831858866,0.22840478046461168,0.275411749485858,0.2928923028553443,0.3279679166891585,0.4019048697126025,0.41410919087955084,0.4006774242690562,0.3850500403957329,0.4938969830455069,0.615221883844643,0.6364585806516659,0.6352932250188431,0.6740035480902641,0.526851881188686,0.574004704820071,0.6985997923107369,0.5974212174547868,0.8217625889847637,0.6828373040535394,0.6951891724028555,0.6272354120275602,0.6775945614186969,0.6306371531738136,0.6271755485066025,0.539262990096306,0.47252930604419624,0.4507488950245988,0.4179396894829488,0.3518477563948436,0.3417786567002908,0.39167620327835334,0.30113769491716985,0.2574030264579975,0.1270422430139468,0.07042268818403835,0.13393215544804282,0.037898233975117435,0.08993158179718316,-0.033469315212356146,-0.03491509910788655,-0.11643237669713151,-0.14281223841863389,-0.07987809422457706,-0.07782344461398749,-0.026962455455109266,0.008907274473412191,-0.13486846808653039,-0.11931126012521147,-0.16494241904530763,-0.1226031629664457,-0.12386250216331564,-0.10458001032279791,-0.08688219379001041,-0.08582055214857925,-0.054220560609361625,-0.08090190705786376,0.007919047872669137,-0.07972709315549568,0.028567487787302823,-0.003767030928809194,-0.02595914583020928,0.06950716644225846,0.1004134045868391,0.07902223125182548,0.13409019134395098,0.15282015158971546,0.1934597661146491,0.22243108253309152,0.3018281262775514,0.2601871197754444,0.2885263378889653,0.2970328564086063,0.3760216211339523,0.3407765704528529,0.40242322105463835,0.31473359413676194,0.36933645821672273,0.39415469051515867,0.43482643852944386,0.3738117324207067,0.4286243404980775,0.4647199678259645,0.40950776663497696,0.4836058270100091,0.40391174162558163,0.36887797730238414,0.4155594463017412,0.46262123054507365,0.2925028741104734,0.39215854560202595,0.306650788613419,0.3778132922302958,0.3174957362710895,0.2581208384705384,0.38740025000702705,0.0
0.03515407635917467,-0.01301850426978949,-0.060512213878288375,0.0015884055454052134,-0.04699797812037305,-0.04218975599721011,-0.0467942974289928,-0.05089143178350547,-0.029200111075199733,-0.07326912119470293,-0.010635813555588264,-0.05603209993058658,-0.1222883420574153,-0.06607877459837587,-0.02868142176173264,-0.008928474260362081,-0.015667120483661652,-0.010353840246849273,0.029666940984146146,0.0887285831959437,0.09704950041286914,0.06720821891854128,0.20600319085980803,0.2069677436848687,0.20206457386495952,0.3083164251130521,0.35613272244779665,0.37483315420148294,0.5012401627053216,0.5010913410868998,0.49720302573406394,0.6499087547003718,0.7048473475268194,0.7960010875871951,0.8448319889322466,0.9022485004314809,0.9189885164964279,0.977374808076904,1.0330264889829106,1.1524738986582956,1.2442259988865998,1.267135845340052,1.3169679217457448,1.346025528528004,1.3709092762203785,1.3309157193740522,1.3782291853668178,1.3914144843964171,1.4259905883525152,1.4174301387677242,1.4099709448610216,1.2701020611033642,1.3471439573328945,1.3309625515886712,1.261667771161813,1.2006434234515702,1.1869871788698292,1.0035118648186148,0.9762495561293122,0.9330279435435779,0.8400639803432476,0.814537981920273,0.7185683846804731,0.5589308724850625,0.47971244816701925,0.4441806235208472,0.36367538530314003,0.1742268260987915,0.1358273780983717,0.044600434566732225,0.11255779374803822,-0.10934794700080366,-0.18185789651296314,-0.18925227458281646,-0.32196698587866585,-0.3612709887773976,-0.35677707730179936,-0.38846573558455766,-0.4266089784156861,-0.4116860467881771,-0.5238458450356102,-0.5153926526662541,-0.5806155255990599,-0.5256775841921253,-0.591591983295229,-0.5618948773602921,-0.5172278020543077,-0.5447622860415022,-0.5931164192386102,-0.48407886912655684,-0.511073793899742,-0.4485039587006468,-0.4424730591442329,-0.4832252740479543,-0.3611747714371226,-0.38755759753668767,-0.3040223093243811,-0.2899352749142965,-0.2950879995752762,-0.2739995415915739,-0.20269311246336102,-0.2069905876096927,-0.1689647972358363,-0.09394566349764766,-0.0764471734589813,-0.10433521237315851,-0.06786980183756294,-0.04704304595924247,0.0033905417783183615,0.03446161890511727,0.08823360558688864,0.12301577766358662,0.12084602616215204,0.11703116112936453,0.10988205698491182,0.11917208017924047,0.12294459209632563,0.15361028815701694,0.08819160178908939,0.09370160314751405,0.10418960820274098,0.16553077367176872,0.14714696976350872,0.11953516273862008,0.1368442037185312,0.03637874802291151,0.09418159297549536,0.01993325742497087,0.0
0.1996731107084014,0.24559269717621132,0.34704841143431814,0.30297709517132576,0.4229356041452865,0.4511670778251696,0.5289331386629471,0.5404547337261474,0.5976583240713814,0.5829328400856189,0.6743780312322953,0.6541326900154956,0.6616256142729122,0.7787806989600266,0.7587922191149609,0.6791020123542291,0.8504026258309083,0.8321267470525501,0.8731370592374039,0.7416856418065936,0.873771538033602,0.8662239609872183,0.8366067689654674,0.8584915158957661,0.8152545233261439,0.8337657947139837,0.9427692855143421,0.9890881832013783,0.8619435625844957,0.9252474676786588,0.9227978873197675,0.8870526368459045,0.9482756602361286,0.9406589566781454,0.9263201908221143,0.8757815534662493,0.95545720778612,1.0194158086172653,0.9539586271944832,0.8829729537634253,1.0437967696835546,0.9577983905399142,0.9710346158155541,0.9274438252801949,0.8623235511562106,0.932524858188416,0.9688334424820453,1.0412447203790531,0.949134743934257,0.8805463924812719,0.8851663609213033,0.8762500017147964,0.7742048946713627,0.810141249052594,0.8351612614979445,0.7244489279307329,0.7414634707007334,0.6871714243233623,0.6599686326172705,0.6069557381591836,0.5334997717306884,0.5017943438369566,0.4512941123946778,0.4072005835926449,0.35724182389734405,0.32958582175282297,0.2777219814297088,0.056578643217037455,0.2076082735224443,0.15718610036045902,0.12446171230580336,0.08758225408539586,-0.003922707855754288,-0.05574393254381169,-0.037093737381988505,-0.08496160224098127,-0.11544109050783233,-0.14576683855856334,-0.16413671779898945,-0.17608211870889254,-0.199387290733974,-0.2007023187423063,-0.2459751049650093,-0.20851017094818197,-0.24088546433342062,-0.20561370285647534,-0.23523584833321884,-0.19788623880019884,-0.2392439029553599,-0.2663410778202388,-0.27206478433537806,-0.24893138537469003,-0.32239202211609486,-0.36205456755822724,-0.21656194217392988,-0.2901930153734114,-0.35901507359522805,-0.357374482317159,-0.49939781298463104,-0.40512662463903126,-0.4935579069051369,-0.4723262575282289,-0.49434304168505444,-0.5346525487345173,-0.4862732959597215,-0.4630912185594442,-0.5009643266261572,-0.5077968813142517,-0.41546426966841965,-0.4276615436269711,-0.4403195314307833,-0.38252320205542323,-0.35849415239493276,-0.3656923190787549,-0.24040607818203927,-0.28499804633583253,-0.21496220903174673,-0.23886751957242586,-0.19048711345260114,-0.17328968464322753,-0.09950007999927012,-0.04551119265890123,-0.09029733746729544,0.012454994321213601,0.15563682341311186,0.17892593791658443,0.17665345029156437,0.2881691207312412,1.0
0.09411042005225512,0.09548566899793212,0.03225771965881853,0.038406548351857,0.18270981176428258,0.1530843419514574,0.1565271087287594,0.20154170643252334,0.16356605867045915,0.12497541249435627,0.1580403266460822,0.17684713774861321,0.11355440086059813,0.1394653595490855,0.15992712952428464,0.1865752379521393,0.18811576512431638,0.18162075097347705,0.20696788155137782,0.230182252841924,0.2304952339179884,0.18757015187509538,0.28265001240978527,0.24833600047926185,0.32819884119370507,0.36664722874207445,0.2610521791774767,0.256957557626099,0.2931184329687325,0.28340777982865073,0.29977101216964985,0.3607419535104983,0.44982354771212896,0.38702304575407587,0.45518597557246115,0.47109944709314194,0.4985152662773706,0.5594657026986272,0.6545460658546297,0.5984251545653566,0.6382553096151585,0.6693696383451183,0.6754686267298395,0.7671665796909283,0.7916273814658613,0.729369895214269,0.8011815999474996,0.7963134804323756,0.827128558256921,0.852395199662035,0.8594933707798399,0.7703104991122519,0.8127869151441571,0.7558049909891633,0.7530709314756573,0.8538635820779519,0.810108262663691,0.8066792968688974,0.6757169658779979,0.7037171767712189,0.5760991797158459,0.6270616102705351,0.5987708086927717,0.5642152672036256,0.46042785707004946,0.46337975135489157,0.41818799745693097,0.3920106051578744,0.40926772413458173,0.3570996235067862,0.28398946862618124,0.3091485274330651,0.22420287622106724,0.17797729238881657,0.2532224179003914,0.1601647707754398,0.20217194507350475,0.18526700608814953,0.24140396466043149,0.231108127036672,0.28379096712787577,0.25889833726885747,0.2463805306647686,0.18857675101415483,0.18057345353417453,0.20635027022598926,0.2363499494328437,0.20887665280060852,0.15152718974148238,0.27874420372725844,0.3110652724194471,0.23455781306333756,0.34543693762990124,0.2655329391683131,0.2813511541537643,0.2330819158851351,0.21464097537551,0.15975766427181382,0.18333636029429706,0.1544066162979701,0.0012938631218184504,0.1503943803380178,0.0451173260521361,-0.013210217237286409,0.02834618068534963,-0.04250104940119913,-0.03541125255565991,-0.015130884792335604,-0.06499550614799929,0.016170524269134526,-0.06246741409664259,-0.05411418674133442,-0.035471930402556015,-0.02821796905732275,-0.04612892293298845,-0.0502143790575716,0.005376344852753838,-0.0439498989500499,-0.08070160928660916,-0.028435937509856124,0.01667649690283722,-0.05923181418052354,-0.022288182751809632,0.005143883369768216,0.08735347349476369,0.006351907638132308,0.05873799916371323,0.13926256582283167,1.0
-0.5067953596310338,-0.5103588468533998,-0.4846860684720546,-0.4564134535462899,-0.5184880516301766,-0.46056467439359616,-0.49004848757932007,-0.43967693406404723,-0.4150788269793687,-0.47001026120880174,-0.42278495941024613,-0.41403863346249686,-0.45333074827063796,-0.29950230079931395,-0.3387613975562626,-0.33532670735821163,-0.28129496175051844,-0.2909459691897733,-0.3315460005439975,-0.27304598848979716,-0.1455627142788139,-0.15771641382924823,-0.28867474647554325,-0.16074075791860343,-0.20474903153184282,-0.03490149122476174,-0.05837228901005231,-0.0027650984129232135,-0.013283761615710935,-0.023431994346690632,0.12193179221595538,0.17518183572897025,0.19714689533380053,0.25137052321852016,0.2261696463346202,0.3303758549202705,0.42154469954601204,0.3939044690381342,0.49830439163121326,0.5054058479145727,0.5759438403412629,0.6555511695613132,0.6587959325302895,0.7350564506593591,0.8127154187422183,0.9114964691306704,0.9097642350944408,0.9525342647354451,0.9800813677742495,0.8838765199049328,1.085061741653318,1.133930762105476,1.120086279224181,1.0900143570119465,1.0465203222078567,1.1685048571908736,1.196944889164336,1.208469397527161,1.2161934135162618,1.1900133302974112,1.1405042263876721,1.1513118132109492,1.1379206852635417,1.1088195942201593,1.105438959188502,1.1178391888627202,1.1129578613422582,1.0791387958714063,1.0752900790609772,1.0483922827845515,0.9230962407588573,0.9225790531298447,0.9455456186120151,0.9650400302104782,0.9374919897445446,0.8373672609280077,0.7755433351049758,0.8909629696941843,0.7328083995071707,0.8079350378549229,0.7427788086947869,0.763505153673987,0.737087322657195,0.6679815327055274,0.6176610129146626,0.5891674223157847,0.6044126038127497,0.6135079273274101,0.5563145677326488,0.46046746695194707,0.5112239258326313,0.46712909646944445,0.4199169384452107,0.42544469148097674,0.28876132049483144,0.18913874453524682,0.21050066958258934,0.11438091803954636,0.048388636497834925,0.05205317287926641,0.05507045829766338,-0.06602221544711374,-0.0850051433310601,-0.049659088741109844,-0.17484168763793156,-0.23052694075396118,-0.20710196963487354,-0.2838106134397318,-0.34708216257051355,-0.3656765004634827,-0.42062484739193334,-0.4141347764845352,-0.4017191905824345,-0.3743950346884102,-0.44118235434436254,-0.36745148120296756,-0.5602998980719978,-0.5965573186217187,-0.5754625633654368,-0.56591953973273,-0.5136714670590375,-0.6166977305481914,-0.5477768485336302,-0.6618122133477259,-0.5385434309245426,-0.5856414559534995,-0.5302112055283471,-0.4785679857318842,0.0
-0.47604895594549046,-0.5366332936299945,-0.5068925123779249,-0.5687452674218068,-0.6603600288806106,-0.6178060240936885,-0.6796679132626213,-0.6621468923190332,-0.7351841486044747,-0.7173254231556138,-0.7966581976478194,-0.7980110513174598,-0.7886894326041197,-0.7902109169934275,-0.9054091442861022,-0.8551985145511427,-0.8799698433907178,-0.9039739890492006,-0.8476531612378159,-0.9166399446021274,-0.8708864660080298,-0.8264576595595859,-0.8053098667301729,-0.8412004835784873,-0.6999845487599826,-0.6622502816009457,-0.6066850450990824,-0.600402795356325,-0.6258748937649908,-0.5902361142603755,-0.6147252815128863,-0.39191868632741067,-0.3502383580521085,-0.3016121717072076,-0.17540780955760876,-0.07060890143799813,0.021426758436406013,-0.018538606743007377,0.18501951791437687,0.18793151427275642,0.3086918273455344,0.3551242479041942,0.38280377731229703,0.5021844366908915,0.5338495989752075,0.6709970305542361,0.6667820788298238,0.839857634699099,0.8095060336363524,0.8140316468463609,0.9200749087786888,0.9512033252685035,0.9626529113052981,0.9581138445033754,1.0658921373475432,1.0022590845962263,1.0640944141983393,1.0215138906643102,1.0380265996100189,1.0614307599361752,1.0066234529986415,1.0282791597487535,1.0525851438519167,1.0433932754531603,0.9618600501088055,0.9641368210329871,0.982705939885128,0.954954086490356,0.9287122856527208,0.9016349265161971,0.8252571231145818,0.8875753536970424,0.82356201760408,0.7679513837787647,0.7952462809994791,0.8327847751250248,0.8132608021319738,0.7869687993646015,0.7517250305241207,0.7866488312887447,0.7323210141128791,0.6363162678797283,0.6880315318460173,0.660532713487711,0.7249507277831715,0.5242397475496476,0.618544785167858,0.5813715387129825,0.5485590228369408,0.4777719833221553,0.5057080590285667,0.5282654634275331,0.5451091525241596,0.5612223255040775,0.5249617935206672,0.49887317889277305,0.5323585849234584,0.5227319311919741,0.5396487735416418,0.5197494055400614,0.43253060804592197,0.47021484401557995,0.5567087319258176,0.45137405303443884,0.45620822703101704,0.44655715431004694,0.45328154596109554,0.40362368173624613,0.3785076792449798,0.30238598767033564,0.29294525652106396,0.28067292422474494,0.17750643528790389,0.13570862130647518,0.09982580465811207,0.03768260195145674,0.0684252787351938,0.04723285350996138,-0.04693272627021069,-0.09801208486688245,-0.027142451987532165,-0.15071536986795128,-0.18148580074361373,-0.20246089796138733,-0.31121263385385545,-0.33181921850002455,-0.4258758906170451,-0.47760806886826856,0.0
-0.2685359726966598,-0.2565334212296156,-0.30771661647509224,-0.29106003143550346,-0.3094524271459704,-0.2558192924420704,-0.24066247832750853,-0.30454196051224974,-0.28326859343429606,-0.37346336121495055,-0.34138238157276746,-0.2851334280989572,-0.34173361885293035,-0.27259229806324414,-0.21353153217462462,-0.3364490426313365,-0.23841462193468776,-0.2178849329498657,-0.24618549326585748,-0.19349906011658746,-0.22105936027839365,-0.09628856361673965,-0.08128394440747876,-0.13794857125246435,-0.08938044937435481,-0.01140277767341073,0.06056260411646821,0.03307191454610546,0.11933965372628676,0.1348464923861187,0.09671157126123327,0.25750941074006645,0.3162381691075375,0.2565681881519305,0.3872630332692472,0.4064218598849195,0.47531002017747404,0.5584297832381724,0.6021119333434194,0.6847598882202405,0.6819043660454795,0.7303567775890449,0.7577839378813231,0.8569677413158852,0.852794333182312,0.9052150677909803,1.0295026075497422,1.150260533499034,1.0788836121274565,1.1006702404916913,1.0681252096584106,1.028340314048583,1.008710463023203,1.1139312544915403,1.1452193682398888,0.9907368649249875,1.0483709298700874,1.1258611954120714,1.0550422564869577,1.0366001530543711,1.0009985884291481,0.9020531030371154,0.9851535405666134,0.8015500853668656,0.8207112144387376,0.8346031649262474,0.8086674866413105,0.7641396211951812,0.700554669326414,0.6620339583971738,0.6416788415250784,0.47465699499476466,0.5017978107699456,0.554398776504823,0.3726683302617681,0.4620599314661504,0.38973104283133864,0.3704335127790288,0.36388006261911493,0.38001022514513705,0.3209412533962206,0.4071629709220776,0.3436927798747272,0.3611863368654618,0.370174564145976,0.34079700538252516,0.2732434207127132,0.3584484648509918,0.2666577382061764,0.2968420426244686,0.3346537717170237,0.29476697737683566,0.25018486843231447,0.1696817342244455,0.2489633640279482,0.2272247991557818,0.17775107268833473,0.10861740507117354,0.12843853354616314,0.11609533168335494,0.07673177611339557,0.08802060703690208,0.11763623311712852,0.15286784035530182,-0.004927887650238612,-0.04092671862676982,-0.015296594451067048,-0.07612556896124287,-0.04177364933837924,-0.10192371203086159,-0.08722384278386028,-0.04438016323632789,-0.09978618444308765,-0.1588431428147533,-0.12084398438060195,-0.15520617629041636,-0.18190708182165985,-0.16013228999153342,-0.20452687242207396,-0.18273994840756333,-0.19051416711182728,-0.1743511505517163,-0.21008403043629062,-0.1196778154474936,-0.23496565291422972,-0.2770220563068304,-0.21907518415921748,-0.25099885302828545,1.0
0.2133434787315571,0.20178972432763054,0.18729105460438328,0.17674822514467095,0.1755699521737901,0.14010896755949495,0.12834380881780597,0.11522024941303043,0.021265906687237615,0.151825639064893,0.10426502814215367,0.04750498207576199,0.04368027433411814,0.042412763100183354,0.13586240577368627,0.02848296646598175,0.05537367233004477,0.1237183163630831,0.014633590463835652,0.050850833058742884,0.006886248927331022,0.023656116760004328,0.10385794918246777,0.06640461948171027,0.1538469628049685,0.14204064732080723,0.11093216388853833,0.191991371654947,0.14932984224866766,0.164954158383665,0.2418628800517196,0.20623811965369945,0.3111099517961163,0.26271495902056363,0.2825924992663786,0.3269444754055447,0.3459461721034852,0.45476467159558054,0.4984251714662359,0.5092684100928762,0.5087150900526213,0.6475114619481257,0.6512631676376464,0.6413554452237081,0.641260057204259,0.7078642702633301,0.7332642173716586,0.6532910278088986,0.76836870063226,0.7921443356341775,0.8225736714184575,0.7335855174891444,0.7330179230686721,0.691202103490424,0.7105863575266953,0.7340184231420465,0.6531520874848997,0.6311226395799815,0.6230497938567814,0.5863340991587856,0.4541243758090007,0.5162193003086579,0.4898976801834867,0.4308330833679428,0.33792344085640746,0.3144157856371869,0.26773700336884426,0.20352421825116573,0.218183323531925,0.18628999282398842,0.14041777166363312,0.013269144207029349,-0.0041800846178410705,0.08161864015964215,-0.003590649582606388,0.08685958660071333,0.03614488746139463,0.011746635808917674,0.031133707513599,0.01200559554435291,0.07437729398460788,0.08560233391568198,0.024104363812509036,0.1011905543832375,0.1757506262850182,0.16932229841935223,0.19187434386649915,0.28143381840588555,0.21110903326129463,0.29583416229869114,0.2717402931419859,0.2574677962985193,0.3748503930402935,0.30880925534469633,0.2920990890089519,0.3555983734469186,0.3326784585341148,0.3444170078706479,0.36334571514680136,0.33860447462053717,0.32706557399710584,0.2508879139076695,0.3235393426082491,0.27889769916879564,0.33279029200009713,0.29329392336376203,0.23979207380903336,0.36537346901935047,0.2850943565882315,0.2656834675241746,0.263258918711695,0.30226919666784197,0.2733450054864993,0.23080443799769088,0.31280666684857394,0.2698175197409663,0.23806154526338444,0.22552926473334006,0.28578805235457516,0.2259034392004662,0.27741374947171155,0.2608407032555103,0.21755775227907373,0.2934413729041226,0.17902379728734386,0.18414066497517068,0.17833382502556322,0.1862196177633804,1.0
0.18726338787241778,0.12092198833444792,0.13504492408317248,0.07449834277819294,0.1564876608794702,0.02262644466517444,0.06218861063774881,0.039068082282353284,0.014413943739069603,-0.06132740554926886,-0.02821382581946634,-0.10084696038200346,-0.12642102702493657,-0.27068811735948584,-0.23004765848211783,-0.19906474200404392,-0.3811257711267356,-0.27040975946324025,-0.3368615652953483,-0.26891612079744837,-0.27594187757970534,-0.3792837538947556,-0.27995793291829957,-0.320561770152887,-0.4669558319899002,-0.31786099062934325,-0.33356261087252703,-0.36828942506588797,-0.31934999031843264,-0.33754760781540855,-0.31506231615228053,-0.32412320734731376,-0.29674018648271316,-0.32037981902426105,-0.23972464626351334,-0.2216992211596657,-0.29557057801387016,-0.14358825428184493,-0.1354834004220281,-0.11911791936811605,-0.06342124020130746,-0.04384854865912257,0.128004995182214,0.04764236774392996,0.19710090409998293,0.26736325518327475,0.1381622507440436,0.12966755801553131,0.26089838798378784,0.28261530915485195,0.2877643146613193,0.34861933215775337,0.3506825390408001,0.4253737677519991,0.44495516730078144,0.4347156886018783,0.44774728844359807,0.3753096354871105,0.39440046707066967,0.4108931484188473,0.38381709131257835,0.4673297382746574,0.37414649106802944,0.338208233555814,0.46826097296340896,0.4190893814894278,0.32168211706364336,0.3502316318470646,0.35609947586380847,0.38681065718948493,0.34764355462989216,0.3749796650707587,0.3319076188896846,0.3922008983249906,0.42219470235251444,0.43183483861851646,0.43786375230883273,0.38897859341870866,0.4993121147878593,0.527539226567691,0.6401891588501865,0.6996150138656018,0.6619070272549159,0.6451110256850153,0.7006685870225531,0.8141253965857425,0.7149357627165315,0.8276096920928502,0.8512066294339763,0.9035339384111588,0.9046684247433562,0.8963514346924507,0.9650428732387067,0.965769850957317,0.9547932114539747,0.9343384269041122,0.9159032570442094,0.9105151311424917,0.8538321850186692,0.8323479510705756,0.8054068351756359,0.8754949921435338,0.7503427133190251,0.786854800834049,0.7079048173238252,0.7072521212837536,0.6590987748684565,0.6353617487089044,0.6649418155483966,0.5987506695628235,0.5504613163787959,0.5490294964016368,0.5750849825910581,0.5607761842828527,0.48157840307583466,0.5308472436364718,0.464448179480042,0.48988526285295825,0.4314123654241035,0.48504889111042226,0.4232238053747103,0.38416405176312435,0.3427695363540391,0.26667118426130915,0.2489264049274345,0.31080133191209164,0.22114239219771004,0.22615368122426716,1.0
-0.17714359201336038,-0.05422630820223346,-0.073042474688278,-0.057515590272077574,-0.06796296429239669,-0.025209897503927454,-0.016086475080056305,-0.027339366188476696,0.10218234908083754,0.17388606821668715,0.15020378797392103,0.10218526883223827,0.15589571263449853,0.1793688535956144,0.20320786216626285,0.24861319764579867,0.27443186449137924,0.2642753452411596,0.27645943601734296,0.38875920922499774,0.3164436969276122,0.37582907401330506,0.4119154501535717,0.5173206181064222,0.5372384796386375,0.4787715516722742,0.5166304674932183,0.5559652973717963,0.6413924664201064,0.6768237665432014,0.7470214206414322,0.7078038549611758,0.7487315287480844,0.8997079570370488,0.8526980566471862,0.8794812664633237,0.9511472703935386,0.9585795060719972,1.0508313210840545,1.0853906818494201,1.1114182064177414,1.1084666729200416,1.2519340315174026,1.1096800632205948,1.2797113493118517,1.196976693549021,1.1418230944241117,1.3460953017232875,1.2109561623678804,1.2568591078063338,1.3028317278195225,1.2746847690139127,1.2771139131491969,1.2167490075117837,1.1685965259199629,1.1348826247309185,1.0880330199851416,1.1321536884668217,1.1561772225269376,0.9964362474082585,0.9148389287657656,0.8100216209956674,0.8569759112655706,0.7750410591967772,0.6778483902550354,0.6535655442306613,0.5242792288222903,0.4085480156574604,0.39481964731206487,0.3563809163896389,0.3767136298235495,0.2739549672987446,0.20040819656974715,0.1798334088173323,0.09230813915684664,0.08046348856660576,0.00949231571718491,0.008878296468684425,0.14000891882101185,-0.04055249297466421,-0.009948004163547079,0.01481381372160498,0.015242620225403979,-0.06683538256511604,-0.10576872700079025,-0.06159517721562881,-0.07070508329558114,-0.02254602038153893,0.04524394148039744,-0.10213097145367209,-0.10803854204801674,-0.10307775921426524,-0.04823614132328972,-0.11750091726855234,-0.08478569952810662,-0.16269311583122953,-0.1273284564662752,-0.0939937228062957,-0.16518655996943823,-0.206435367046831,-0.20701069463780916,-0.2767282568747648,-0.320637178962827,-0.24580929642156715,-0.36090620603120416,-0.30562144337100416,-0.38558271026920377,-0.3290472884673367,-0.3002336164398072,-0.40193536973465854,-0.347215802777499,-0.3712561811065852,-0.3088137011492216,-0.3414511331413189,-0.38823135148634236,-0.3244517934910507,-0.2873554987913027,-0.2857729191447688,-0.29237799717093027,-0.25224529358838615,-0.34571262810277587,-0.16265574390386223,-0.3069808395612819,-0.1847804289611822,-0.1541756485778185,-0.0882291043549446,-0.21447489422995242,-0.12956883734311697,1.0
0.3024087379665756,0.32044907599284517,0.31385557357077654,0.30059497845351085,0.31549604984056623,0.3161588031433764,0.36240625177236996,0.334235639810747,0.3637766672211779,0.3551881892460763,0.3106087440439736,0.37448210923344993,0.34512632595595194,0.33308031079300143,0.3229715271891956,0.3300202787532651,0.30284106794248294,0.3577755742971845,0.32563880509144966,0.32780179061509285,0.28004903686361826,0.24184377036602162,0.3142648675626496,0.32804127928159055,0.26844148964793074,0.2610736375806181,0.26753583952535515,0.22896590973579867,0.2780959001165011,0.23684147951236204,0.1895313482059499,0.3741506960637943,0.29075458977185314,0.40696600416261935,0.3822645054962593,0.2779474297287412,0.3629346974462928,0.338561549450655,0.32435800107817836,0.40952634097206947,0.3792164695393026,0.4940287930440472,0.4920361870543922,0.5247880779005185,0.5333293048760881,0.5463449276194857,0.5152861479665329,0.532595290202373,0.5333721774910529,0.5463898325748839,0.5327188798500374,0.5216265846358223,0.4983343136665992,0.5384235801860205,0.6225213665795304,0.4746336490149554,0.46043035111625263,0.3343484799252832,0.487133464904445,0.4382907922732043,0.39592632594789234,0.3321624322780325,0.3044927150205523,0.30465059627700114,0.2255354214686091,0.22061927932800054,0.2139747161837807,0.15862514175899353,0.16418920931789024,0.08155181265209563,0.11222198194966662,0.11136346878794716,0.06787806667129648,0.10172167663438458,-0.0036677628684962105,-0.0056479217543865465,0.023569658468655587,0.049994094243988235,0.019795377334308018,0.052689703597418126,0.04191868599200063,-0.0567126907540262,0.026866991353147275,0.004981861715367471,0.06095130891679222,-0.0060580325954095755,0.042701062888715086,-0.013847065911959496,0.012695391906751934,-0.013163053068272167,0.03245734378445862,-0.04981215322614238,-0.02429156345054211,0.012868298796310847,-0.006523877909378001,0.1173357686759387,0.021564969825035356,0.010981418407479779,0.0870384310112622,0.08683191295223674,-0.015738840465595247,0.09995310032508385,0.06946479676269356,0.16231065427426994,0.0948882476297421,0.02111089707136307,0.06347475653661074,0.13402313462642737,0.07675246136802105,0.111497191189778,0.1876871682468589,0.18737510641872673,0.18103798861808157,0.14605362199519412,0.21273284186529395,0.15038646292707325,0.2492592557089207,0.14750027657790837,0.22852711071302328,0.3179206644688358,0.2431574006838178,0.2931316860523197,0.2796768413364432,0.32422915483096687,0.3230568272864752,0.32584087407912365,0.3129536860006892,0.3158217852665533,0.0
0.08074060894223294,0.024598441049552243,0.07702751267219524,0.03216648976399684,0.08461411375461544,0.05764290186669606,0.07743478573381143,0.059436187120248826,-0.06546347738002425,-0.010482648897363025,0.009583321029540728,0.07935711009503824,-0.047105151048406006,-0.0774990251058995,0.03218003900480079,-0.052124119923927195,0.016591894443927405,-0.03095023524768699,0.13038955803248697,0.05781715248665081,0.03360127231167169,0.009109369785121075,0.03048654564390942,0.04257566728987869,0.052091935706492745,0.08915004722423717,0.1379259133568136,0.11519411520312375,0.2451487340417523,0.24294908891845607,0.3085815522913494,0.3043519124041578,0.29647143908711954,0.3525135207858916,0.4443173106399477,0.4718082753326463,0.5012275526410471,0.58761276498385,0.5862896978692065,0.6674413756167067,0.7478295707946326,0.7394031945762195,0.6936433340301064,0.7774675710063416,0.7248572546776781,0.7951925517379068,0.8528171735512112,0.826619527687118,0.8388040834280915,0.8543937543062148,0.9207914465840836,0.8731695747717513,0.8462984523045448,0.8561227496820407,0.9206233944869271,0.8433265543892761,0.7756522709397017,0.6807151491579991,0.7398440327277276,0.6333316387844112,0.6255574153874436,0.6166871658033483,0.49729730537286826,0.4764213172991194,0.4383408949161908,0.44716425393447023,0.42085810721625394,0.30857275221553293,0.2607877661567057,0.23890912725163127,0.22118353358539292,0.1731798769328935,0.17320796920737103,0.10256070741779452,0.12420776054794086,0.1181724677373848,0.017567080502412,0.07027982306570198,0.16376662004608283,0.09715362784526613,0.06847725201922236,0.11139784646535007,0.06762818269517226,0.19199724377240387,0.08039663810664685,0.10231569413815536,0.1171939905403321,0.1812748225491294,0.21916631443281348,0.28366077138008683,0.15586579617457946,0.2598712217785398,0.27043291342741393,0.24128271937630058,0.2647393585334624,0.31496557223315286,0.24357878167328895,0.2670979622020947,0.33996672637992476,0.21595290028518913,0.22063478182274238,0.21525224260620254,0.17996688247993553,0.2611419679753429,0.22582199905580636,0.23790089572821774,0.2529625626313069,0.20335144744477154,0.25009858773116944,0.26331775145281466,0.2217065015630011,0.17628119037520104,0.17444634952799526,0.1397862055599597,0.15848502633359016,0.13322212628470098,0.14895095180883902,0.2194495344309355,0.11540117806101546,0.11150966939923174,0.19143277105984696,0.09495257598366386,0.11907818313516044,0.019618293442289533,0.0775369118552196,0.13267099405489644,0.10816407630476797,0.061012200644125165,1.0
0.07919494842727262,0.013810576170509407,0.01303954308423317,-0.008732597474443889,-0.023555648002176903,0.012028473493358137,-0.01742907775345198,0.05044577396948705,-0.02174653028614481,-0.07651300168308464,-0.06110664081402128,-0.05709903341922111,-0.11028376401692058,-0.11120309637597875,0.03354687840540532,-0.024879696614070843,0.06477291241544145,0.09333415853734256,0.008864113587743465,0.16999801773298825,0.12571638887614656,0.15160815014083323,0.11833813827104891,0.1727656118053391,0.24334571973326358,0.2573478226696727,0.39619078822048176,0.4039534703767861,0.4787038144527841,0.5031259706413279,0.6243348648429794,0.6551230592146234,0.6959139504978186,0.8760027578771701,0.8689993356852961,0.9323170737742404,1.0063449601418564,0.994711247099142,1.0817562695831382,1.2798389931025098,1.1556130473885702,1.2137070305562163,1.3401574675352883,1.380469577792037,1.331354523614875,1.331368700992408,1.3612676478768426,1.4438629914836458,1.4174838756546113,1.4202933696710884,1.423276668571303,1.3993575989624476,1.3078691545228949,1.2640181377844006,1.2929348743469975,1.1729655028115107,1.1920258906087324,1.0291759398934164,1.0010848894098319,0.9913512666909966,0.892504737111141,0.746348137378063,0.6268779611348065,0.6657517301190549,0.5156003837391913,0.42498830483485867,0.3764163903657859,0.23440706207422954,0.07765021014556943,0.09212593596234497,-0.03241693109021447,-0.0175646057726533,-0.11343855278899986,-0.29901952871235316,-0.26596164899891733,-0.26072185089738126,-0.41203711867686754,-0.38512724993715114,-0.3761389122333064,-0.45003232169351626,-0.41263524057662077,-0.4241060618824545,-0.34108235896976496,-0.3753505781601828,-0.32735531586916944,-0.29208923060535014,-0.28129608938476147,-0.24904992681600283,-0.2871686291919302,-0.35641849097514766,-0.22312097109550683,-0.1823802851538081,-0.11441269631521434,-0.10126581993151089,-0.046163271616744855,-0.0912778792701542,-0.04739400526765808,-0.08202835558915084,-0.040247942960154826,-0.05442351749051731,-0.030641069260676418,0.05746099554644093,0.029268310643696647,0.04597959170379128,0.07515519169826274,0.030808965187973922,0.11746225367341964,0.10139350072442463,0.09266006268075472,0.08971925295434315,0.0931966352866849,0.10139138345385708,0.13657943044691184,0.14169965575776358,0.116148502070373,0.195249928435344,0.23097636784701722,0.16742902529484138,0.16738080788050905,0.17286817036655142,0.17098154398929122,0.17317467568637807,0.11693032495794038,0.03179955876160181,0.05991102765509425,0.10305778114286848,0.02123150379243948,0.05808377176898778,1.0
-0.004858750696904578,0.054274835776552635,0.15120099571216278,0.13017165105828596,0.2613501348843478,0.19762156759297378,0.2610581044363447,0.3385701236125629,0.33587510456202285,0.43239557315480975,0.359938362370543,0.43725089831614156,0.45713797783882765,0.45721971158204056,0.45617708236522314,0.5578457957021896,0.5438866557345713,0.5513699797760652,0.5439568053547841,0.6078028425495093,0.6324807300748245,0.7042565891644593,0.6494974597316922,0.6963105282622353,0.764751775826513,0.71302485721913,0.714330318082735,0.7427916944224392,0.6889939528487629,0.7537874729865701,0.91183329484687,0.9332955815988576,0.8436447296055914,0.8736920297635821,0.9232530200439877,0.9908354560313027,1.097938668390797,0.9639493704716976,1.005109241624462,1.046297454725186,1.1294357972788491,1.0902580438054859,1.073465841044478,1.162249980824409,1.2059869949151916,1.2614499762889138,1.0939853896633653,1.2273842759484497,1.1392858767569016,1.1524644006343647,1.14874593426134,1.0793924291566066,1.0458809372645352,0.9975746495696981,1.0237259220485244,0.9790022480165887,0.9467867485912955,0.9105788502404488,0.8211607666665302,0.772889168435678,0.7930340390968607,0.7105427259786433,0.5473996178407854,0.49459542260884054,0.47318978441981113,0.4287603871754592,0.3793834963541044,0.42930512443001073,0.24692491044143863,0.19668692544577132,0.1611369999186104,0.0508144478634004,0.07337389917641211,-0.018088433607703527,-0.035714567072743106,-0.08096827050219318,-0.08937195448027087,-0.15121947787886342,-0.14348184572646555,-0.14582901618723382,-0.0008754477932841898,-0.13109073707612995,-0.18245476299570879,-0.13278035590587542,-0.14091240801308105,-0.19183546902635906,-0.18223870144854842,-0.09780821967081002,-0.14415877656341644,-0.19373315479209174,-0.17621457692230622,-0.1807033430068676,-0.2012111821626492,-0.1788459222106737,-0.18041415546309392,-0.24661566782464592,-0.28268702176493793,-0.2826050931830604,-0.3521653109822903,-0.29679164650570655,-0.2853733217032626,-0.44283187211852265,-0.4063715046287575,-0.4186411920470753,-0.4062942730747104,-0.4119611834575405,-0.46092399194948147,-0.42327692211508305,-0.4782577420448489,-0.4558852108816227,-0.46107375959432306,-0.36356859856299556,-0.3853144084858449,-0.3120748812084387,-0.3864725585644956,-0.26250848464981136,-0.32376103720418586,-0.24516702364951212,-0.2056051367747777,-0.21844272824888936,-0.08898129961527756,-0.11391036551551473,-0.08238338463364413,-0.08455302856366277,-0.0015294423684188915,0.008214397915592739,0.0555204080764181,-0.0035044196257106586,1.0
-0.06287037437795592,-0.06960868753355705,-0.09390217318640873,-0.0032985679667636436,-0.05398255108250511,0.010457956827667508,0.09538135659689068,0.06105758520747036,0.07323789101834748,0.12445624689459904,0.1624022628375976,0.20611717939235114,0.17606832160105013,0.3332313005824552,0.3031746221919308,0.24289806489617524,0.426873579358789,0.3334666202136208,0.45120897928887427,0.3437019084471591,0.5151265799202416,0.5250439378092239,0.5785698145620377,0.544033903057881,0.5902667976680898,0.6097434656634171,0.6538704274665026,0.7017599474269014,0.6704070428626798,0.7308096563916505,0.7435831848624629,0.8666509385836207,0.8429896658212319,0.9764064793311386,0.983862860274771,0.9131725003698306,1.1190673145862213,1.194626247134091,1.1643367583785336,1.1538376347596917,1.2607101203637647,1.2326664485409493,1.233876075587252,1.2646454539958607,1.3214478165343095,1.3062102156994468,1.3693181684571054,1.2931276703660959,1.337286294068817,1.3264718868708305,1.2767417569678468,1.324578402698333,1.210856956069808,1.2542941140970634,1.2738038912961196,1.2711086958767168,1.147281047665266,1.0535155344996707,0.9647617687606987,0.9165761337182808,0.9064710485721956,0.8735027038910912,0.7058306687601472,0.7036201253899177,0.5414000590034824,0.640096737411927,0.6285015986956077,0.5040375034806066,0.3982227860171861,0.3752714725485146,0.23375054020435174,0.20758755020644304,0.12364020715587636,0.03470823783508528,0.05180586217850095,0.06220312668711157,0.05867933025875974,-0.08899041836559637,0.02741476572990352,0.061104694676444915,-0.10298829991571132,0.007422158608480653,-0.039978338645825735,-0.05191212103897927,-0.002686166849121527,-0.17087715146225535,-0.025226308800930224,-0.04099039070627622,-0.006997073692461095,-0.04875574199690859,-0.07536005162909114,-0.072998190931114,-0.057334777655324264,-0.07357943458076781,-0.03708105628192801,-0.17756103894173383,-0.15614129808639496,-0.14867884673900283,-0.155648899683465,-0.2574627571791334,-0.26763611033354057,-0.21116717698963333,-0.343524907513949,-0.36887877961650994,-0.3961486931532719,-0.3694273486436326,-0.39082107551484446,-0.3305561093857423,-0.48859243539625324,-0.39668165355655377,-0.4837182335404813,-0.4261230481948065,-0.31769658648545196,-0.4375921805039478,-0.3141825376163952,-0.42367519381237545,-0.37598468685946984,-0.3174383344257413,-0.4039669158887438,-0.29067755661406636,-0.3065768954132458,-0.3229587624947584,-0.2501659795148677,-0.2334995514138382,-0.1034636000296724,-0.09873712313421673,-0.11510977005523174,0.0011931081572835317,1.0
0.18556587971225647,0.2827261002422623,0.15618277933834251,0.10598757390044111,0.19574682039208285,0.2050573053924909,0.2120029573939112,0.1584319937823668,0.2427196825900589,0.17754474545195242,0.1706667123642281,0.1914859359039898,0.1301674886406226,0.16917191358368958,0.1089804906877942,0.04422302910814423,0.19056373014490402,0.029964978395541526,0.0825569811660935,0.08778857644241564,0.03892992739485259,0.06349620659667607,0.01826399646132388,0.03276358946837436,-0.008598348935850191,-0.041934702911596414,-0.12540029774712097,-0.007821995719728171,-0.05203152059679106,-0.10145333344573207,-0.07021341781551207,-0.10120585348749699,-0.06122713866008746,-0.02949575536775397,0.013646604337299112,-0.06335702931398268,-0.06127351511849829,0.05245320945442632,0.0699818744917604,0.04047246604989999,0.04155792430592979,0.046784404145378704,-0.016823093482649445,0.0854903988098101,0.1700205757896434,0.14827178869884794,0.09591487850131075,0.11448539759860496,0.2765262922598747,0.26653888125227687,0.25601502746861954,0.31001205181256153,0.2976875622536507,0.3409016002841569,0.2865179434700866,0.31860069097215005,0.4361714218296536,0.4187292797989031,0.3650599267933524,0.3149582520946547,0.40205613328297124,0.37902898167159393,0.41949586762456254,0.39214182480726123,0.386643807510952,0.3954176499447362,0.3253819798281539,0.45360714124188517,0.3384730773690662,0.3630607968564316,0.37834635437320435,0.3114510765320201,0.30605565625465286,0.412901272254953,0.4004599003013354,0.35770094684372833,0.3243169742288765,0.31995502949392346,0.3187563856558344,0.3688622581336049,0.3261254688364808,0.3662347041997705,0.41579485373589553,0.28805058046485954,0.35554687244947775,0.2731107740357648,0.2940582879019148,0.2807601688666988,0.25090726850522815,0.24166998709519455,0.3130309195824922,0.25165498566779165,0.21990201513656366,0.25445153524000796,0.16971108406822916,0.10099221649012502,0.1787322746826065,0.1732843817080993,0.24598635441711464,0.19849779752413302,0.20402036636480403,0.24944136790250243,0.17351501236342332,0.17007581791383003,0.19785651896651785,0.250907447188883,0.21350708715709843,0.15714095740010023,0.22177773830906194,0.24502290766147058,0.20679004006567,0.232638773846131,0.2055254770947016,0.17449435264837027,0.21220121124981645,0.22997677463360539,0.21580238984246583,0.12853165235288416,0.19927733670743877,0.20458238404714713,0.1103573982043616,0.21870077769898494,0.23174514250824477,0.22838087784511762,0.21374912557446332,0.19635047700602257,0.1541197372065131,0.18749575452932948,0.0
-0.19310029987079205,-0.20510088702758938,-0.20795721105042295,-0.09350187306727631,-0.16967332277376365,-0.09820562694749108,-0.01237280417776955,0.006246933373715048,-0.14181381024537126,0.01855895806765536,0.029636569418268612,0.054714499770412546,0.016555222812466477,0.19096489929554183,0.07958587305897077,0.15120798721620327,0.14102448813017296,0.12711511270280562,0.20464653528528598,0.21789417420194282,0.2647350112898374,0.286336306868059,0.3457268947368428,0.247561812471723,0.3118725619762279,0.38364725315801035,0.40804322445948965,0.41709400141329217,0.46730741996478425,0.4971340819798411,0.5337981453383088,0.5008857488018645,0.6717642999630842,0.5846715200584816,0.7365772639632535,0.7653640948222256,0.8205188417967786,0.8126038423555016,0.9165797938360788,0.9494820823333981,0.9829512329269483,0.8739485314625106,0.9765779594739595,1.0169266786557263,1.0865707437558,1.11951532476008,1.0449517703722995,1.149791865396773,1.1663924206281355,1.1828146716179078,1.1474199368859506,1.1499943999297872,1.0746550296114772,1.205328469262643,1.139107359409552,1.1404926553787893,1.0535381406960143,1.0652157310385495,1.0257403377017602,0.8827519283620151,0.9508850629614098,0.8348748739936667,0.8462608973338395,0.8296957823826004,0.7319046232767458,0.6845485664144791,0.6993620607381171,0.6739712335186331,0.5687375720642889,0.4594542260734457,0.4467399062588741,0.4472057654217148,0.4713822351390567,0.41445622624661127,0.35492734676923987,0.24400004636289965,0.19327308376465477,0.15466419017978633,0.25868739998053114,0.253258667456556,0.10733172340349345,0.2386449113336802,0.1717064995521135,0.1334933573504391,0.10428686158591059,0.021263667481848825,0.06932927657932186,0.07085425407512375,0.11168230071329953,0.03321238811344913,-0.008207610000017823,-0.10402024313534254,0.012904162875283776,0.09921121511900513,-0.13125703055343052,-0.13729522507554637,-0.1259053122194772,-0.1518149232253767,-0.1582777758269414,-0.2628382193076042,-0.18404504303996885,-0.3749364286346397,-0.21027217841333404,-0.25241645202869595,-0.2905979081504456,-0.38441642412747334,-0.31836584414132546,-0.32510114391485506,-0.4583685157872161,-0.3865540838710148,-0.3108376027907318,-0.42582615353397013,-0.30439242323505467,-0.4367905139854806,-0.394159682397056,-0.3760583825411402,-0.35984667674488596,-0.34987347601017804,-0.2699421731362048,-0.34754227600754406,-0.27777439050404606,-0.30827345192146965,-0.25544160761087736,-0.2783684086330299,-0.20446494475145247,-0.20769231033521715,-0.1714814670310739,-0.17879794691072734,1.0
0.057366995881733704,0.06969347960113953,0.01422873794507,-0.07364725813908429,-0.05491949734196235,-0.020768084703807803,-0.102269362301148,-0.15302006532452944,-0.10052351336934026,-0.18875444089734922,-0.2704724233962572,-0.2866448415083329,-0.27302933508549554,-0.28136227908044265,-0.33364221553439394,-0.33220478121235547,-0.26072976815640925,-0.22951880589518178,-0.3180991339216931,-0.29920273375717454,-0.26823733490589896,-0.32188760515340853,-0.3142146501076523,-0.21898388488184864,-0.20890943120996988,-0.2447555504178977,-0.29675077221866875,-0.1574352700079046,-0.19141803087892748,-0.23088277062482898,-0.049264352353761996,-0.03812659115128557,-0.033390010133896225,0.02267236588975425,0.06372201454958404,0.12630714070950802,0.16977912509973836,0.2333650180576187,0.22074283792337446,0.3216547010466535,0.4274851227872394,0.43388069538831503,0.4806446915723268,0.5509149018563468,0.584619771260393,0.4744156825946223,0.5762891028663581,0.571044085144198,0.6591043363098065,0.6831567449110166,0.7421173144846273,0.7160564916739991,0.6796630681928668,0.7736322101706746,0.7617249552529448,0.6797872721175825,0.7078005949867431,0.6313138469866728,0.6249519318018266,0.6664965183668146,0.5770660175230126,0.5494836226241615,0.5768504072165932,0.5332839277970428,0.4650901470046609,0.4495272666633995,0.41421410258261865,0.3635481745650279,0.40216867436780945,0.385737441093558,0.3396843179825354,0.33855325091442284,0.1497838528778541,0.29598639918809944,0.22262729510967527,0.22280615020203878,0.21184891472479583,0.1756302077125548,0.16970300792281576,0.20067889839939337,0.24110281054916827,0.21003280238613703,0.18427801517681064,0.2288406128118115,0.3211725122493661,0.322324410071703,0.31813644196770796,0.3919569219795235,0.400140819599047,0.3866705583702457,0.41867784404624553,0.5081020517306359,0.4012801719932291,0.45362938591916735,0.44069968181616453,0.5269246272722522,0.5131589133580424,0.4894182741433853,0.49404774930562684,0.5425972519522021,0.5880786242021547,0.5526416891934904,0.5336775985356709,0.5525184094772484,0.39408617836469917,0.4968463526803854,0.48492975605380284,0.4455934414079174,0.3492619308090933,0.45316725930316426,0.4942224042089817,0.4129501047879815,0.4526271006233069,0.40754091381427693,0.34448592851626303,0.41321940961996373,0.2481963260051458,0.3638160565848204,0.3897763942351056,0.31039322214228643,0.30109397421862255,0.23351267802042333,0.19999302078789463,0.2676308217283625,0.22339147027070466,0.13788943930889225,0.1431277329867072,0.00980143868641295,1.0
0.0882273332045093,0.19523355144125548,0.09480063299479127,0.09826234510137222,0.1075630385718831,0.13121555037236354,0.11968739358295996,0.11874967401705491,0.15226399345568353,0.17727206446103178,0.13062349693139005,0.17398820787590108,0.02035135966945187,0.17319638091251294,0.0521590553855332,0.12779651353656946,0.07328832953560778,0.004604143829789888,0.03264514458990038,0.05835044181314907,0.09625101916171579,-0.07180931314727138,-0.04837679710831854,-0.04309640667375502,-0.058978841588215376,-0.031973650425072435,-0.03166164356240742,0.009068704628369596,-0.023621022102699958,-0.039707714694486855,-0.04657656951541411,-0.05279972469161077,0.0359648848632756,0.0525036042041135,0.010099909738664445,-0.05782817684237805,0.06062067617019197,0.08003604027698695,0.1367059725653224,0.15935365797146273,0.15217175500207408,0.20212454864391774,0.20548416251045842,0.3085821479669581,0.20563755052770186,0.3459227888439301,0.29547013096267033,0.3743858787326725,0.33484834322813395,0.47543765388726245,0.3291983141350674,0.27550506207638126,0.43467658698000855,0.42756641303152476,0.44771959825253277,0.5038718774849786,0.45607418966576924,0.454644846646799,0.3954602529642053,0.4020871589073462,0.5181306295735789,0.47493616015233775,0.4449978722896389,0.4805809050501828,0.4408708425749939,0.3909376540295402,0.4529800971051307,0.44701692005700044,0.45477251960205,0.4798619271697517,0.4411289233495849,0.5136080889745971,0.4340445075431838,0.4733029654199913,0.4851795644903706,0.4496274482483605,0.46204112460795427,0.5223589217829746,0.6138940699234388,0.6007866757069102,0.5609449934968009,0.5940990131648842,0.6242131584543458,0.6532856101422703,0.6993204611266692,0.6584542965420987,0.694977448288837,0.7337078189863516,0.7363620591044184,0.7315335383420883,0.7181075904402205,0.6843947190129543,0.704523586936953,0.7260014344427898,0.7121314108171803,0.6371224605517894,0.6265984237710344,0.5568352823511459,0.5519345208112573,0.5155449289587419,0.4858672330253132,0.42329510928106534,0.32541440800513544,0.35462035888866333,0.36416576867001615,0.2656909830720211,0.32311892039924495,0.2236515778221497,0.19873642295449967,0.17698335865474962,0.22009650296756705,0.1820521127466702,0.18459301771094722,0.109561188779358,0.1145484076158016,0.05296805899442124,0.12379716261009273,0.08602916139063564,0.13070776671447376,0.13320561279899162,0.18390219960306725,0.09125395019096352,0.12634573195622006,0.11418808097683197,0.12132911695132441,0.05430135492796534,0.16907506626171964,0.1841859932852397,1.0
0.08408601091768139,0.17112276761652448,0.09098577520660707,0.11891361649394147,0.15319188029585418,0.12217879133705419,0.18592947424753864,0.25804046378397294,0.194799333726407,0.2004687472235647,0.24680253555120976,0.13283607663529584,0.2527082669395535,0.28510790060074503,0.2222771182657177,0.24799937964737784,0.34370677062675037,0.36563781134622886,0.28742435391083043,0.3509199622992368,0.3332972083953697,0.37419579697624245,0.36267986427582777,0.4258956229764108,0.4344394231674006,0.43674675783589384,0.4689280118554425,0.564364665249711,0.45055454741767736,0.5450027675599732,0.658913463851842,0.6256557302245325,0.6261173646298732,0.679799895648742,0.7078961886861704,0.7981313254917439,0.8457229312500351,0.898534541432647,0.9162405829032153,0.9538737202782338,0.9542660011578054,0.9114291867371396,1.0197819275725537,1.025370047001935,1.0196257256558205,1.0634232587497192,1.007573103218025,1.0528809735901052,1.0503187941614012,1.1512106772490212,1.0741790585321909,1.0528570319186161,0.9156831906628297,0.9897939332032748,0.9369109366520028,0.9363313848871256,0.8618102317430901,0.7911647808479128,0.801208350002528,0.7370499033860171,0.6540649893387092,0.6457178209617931,0.5922443892488038,0.5191938037812386,0.33945197123582665,0.39104181100308444,0.35953624887562635,0.2727034484760492,0.2820703118995864,0.12929292461672232,0.0751282525705255,0.06837578125499784,0.06698754712970564,-0.0074423416193821115,-0.1771219875504153,-0.023590224513188138,-0.1249257221718102,-0.1143093121961523,-0.08012625253793582,-0.1208289358636795,-0.12633023401485444,-0.0359800404947154,-0.03883674249232032,-0.055737361666142626,-0.061878538005480335,-0.16393118606089582,-0.03966654467698443,-0.06394170288511403,0.004685601404960908,0.02120613955505719,0.12872481980689054,0.0384804864952919,-0.01488461653544218,0.00019277768104765391,0.04676249185814599,-0.022505584724293475,-0.006621399367186564,0.04360706220470018,0.004299917419159405,-0.05229822291819078,-0.10416817852534814,-0.010319708690979847,-0.04430571381246671,-0.07516709912199931,-0.10183896757921226,-0.07925827028278304,-0.13621759987875715,-0.07307728599228719,-0.040659303765231455,-0.04842349975156164,-0.13198324840190653,-0.01650709304890824,-0.10899443373027903,0.012557263191337431,-0.0350290098894942,-0.023505798546107168,-0.09218899868409056,-0.012456597231126937,-0.011525900445918433,0.010523813737335784,0.06449330752565895,-0.014064126058323696,0.040657920652268684,0.07572332530005621,0.047987336398052714,0.10607052741770023,0.12160163675543087,0.14330665823901761,1.0
-0.05299921920067932,-0.08838483415141467,-0.1681153731416674,-0.1530474119672599,-0.1434031805581232,-0.071489295366227,-0.001666907999311587,-0.08742918198258517,-0.09151675382139492,-0.0022349906275699744,-0.07016178690019509,-0.1307607490832885,-0.09137031596882572,-0.0969616139758549,-0.19892944529185302,-0.0011327932350866932,0.007260867066496042,-0.06750481893894854,0.04736728039199889,0.03773951969515914,0.002757441156474377,-0.022467274415341146,0.04035285619849759,0.04631425174792245,0.06873064065319859,0.006371263028383117,0.11526831179852759,0.040380180153057124,0.22607604168184292,0.23956538802424396,0.2622833335850859,0.3566853976742345,0.4140963001962632,0.27255380021289044,0.3776921230760817,0.4500173353043597,0.6316324841269265,0.5615369783903903,0.5507856329452016,0.6451638286478373,0.7611523083308174,0.7476628843581504,0.8582479384169256,0.8162428494529724,0.863327507047908,0.8270971987432958,1.0055196530663146,0.9711018337443384,0.9968463955819079,0.9475249406622837,0.9436687379426606,1.0343237369627574,0.9746491164941712,1.0581335435630612,0.9739491163832583,0.9048254743497658,0.9555355043327441,0.9003712907233664,0.8350975032925011,0.8129588082817981,0.9293266562054877,0.7614740812869621,0.6646496632194957,0.6206435618895421,0.6732370015856429,0.7153752086456079,0.6077273001934853,0.5197762979736426,0.5879907474967052,0.47783843950839855,0.3512485937735662,0.38036069782044213,0.3746133705135693,0.4013395072135686,0.29562622633292945,0.23519214242360215,0.2658539525250695,0.24498058953851284,0.3640348876675148,0.3275655427975513,0.26171755054022694,0.2220721284545034,0.16206000549494165,0.18965264193073683,0.3002373484392321,0.28638108845387744,0.29895309573017115,0.2971967469578566,0.24507767448186082,0.260793001811975,0.32976398686377306,0.2579999874199443,0.24442733814078477,0.2271091225373288,0.3372414882775031,0.25786260845737347,0.23908138785898797,0.11989280813036483,0.18674507276194158,0.14007381226486249,0.14507334888883563,0.10960846712911278,0.11939110725663182,0.0719333422768681,0.023481932740265984,-0.07657988291054132,0.07873721418288623,0.023988282614771837,0.045875341865433066,-0.057524048046842226,0.013227429153699195,-0.024187800786232956,0.026228203279974154,-0.08371055461878729,-0.07235252583332624,-0.14373597444873296,-0.10571073486512532,-0.13945357401289626,-0.07558657772319807,-0.11420397084204019,-0.09468520397643963,-0.15935361753235477,-0.02246281730052875,-0.06782494288833893,-0.17231617111422137,-0.13200591051829144,-0.10263172696356122,-0.12947292210801692,0.0
0.3327953371307181,0.41645514888970747,0.3782639768948258,0.3660324548995562,0.37333251159385844,0.29179523498823007,0.3944672682471216,0.4360680630948277,0.40867745422799084,0.3666641099592154,0.329479446348244,0.3564683969906654,0.29003853261720447,0.3491674758307864,0.3915438216756362,0.31891749844903694,0.2665169965144316,0.2887102998012979,0.2761707961756921,0.31739490134020765,0.2982993216698165,0.3013019834380933,0.2835013419365134,0.23552811548669966,0.2952814297729119,0.21103057199223058,0.2086412193631782,0.3099684038767577,0.23173804718970106,0.32531767884195933,0.2777719253171051,0.2580732412470267,0.2473923541880208,0.3316872937423533,0.2886803026411898,0.32881445364214495,0.31550682909982014,0.33175554902414156,0.4598885162013914,0.4495168719081525,0.4391354038465935,0.452974424602538,0.5034664531130855,0.5500168138845799,0.5121117193427251,0.4862409453911946,0.5652410694561913,0.5397584471574174,0.4785691658156198,0.5181417376053833,0.5332431567603801,0.5476642140750481,0.45229035012329866,0.47328186383069215,0.49187101869755384,0.43525134994555437,0.4639030326162282,0.3776485986150159,0.3839778380759831,0.2866665533060864,0.3593979283380278,0.27172792430859566,0.21974652105158132,0.2273540975526333,0.18307257474378608,0.1691026781288441,0.18716592601050241,0.08123394602186589,0.05358573270993593,-0.054173718247455926,0.05529445422026484,-0.059497628230685204,-0.04578254312000717,-0.03955249886756597,-0.09756979846793985,-0.12697729505274835,-0.04582945508759954,-0.10060688110378985,-0.11427289247337852,-0.1022181226545076,-0.02876660375568435,-0.057219113831781014,-0.12629508424700606,-0.02630084558821065,-0.10344621560288783,-0.08194694942118241,-0.06478719287678597,0.01877318591897266,0.04887740400175693,0.03533539771059356,0.042268508593934814,-0.009852581692924155,0.042219212116786996,-0.02405379169314386,0.12246244520041856,0.07856896772260846,0.010938065847689166,0.16271565878270974,0.07896266086629408,0.12155058255980757,0.20204093238968168,0.17792674569727546,0.20390799125881373,0.17803139708265853,0.16050829911746747,0.2337202056133799,0.21161251519829827,0.25011916310408405,0.2328124131984329,0.32097469591323563,0.33340034237293203,0.22951405318288393,0.2879112057996865,0.3443598546255531,0.3103559839416605,0.34272724716257313,0.34861472206938143,0.3647440386361684,0.3726637824292286,0.3063844213775587,0.48891825298705843,0.307263773306528,0.3942083777676151,0.43692176448361525,0.3571591598638515,0.3951036955837599,0.30468876910823645,0.36017489453051443,0.0
0.14722988415455823,0.10950328314189169,0.023122044829011198,-0.03926458844672462,-0.13456303989646068,-0.11048085721675209,-0.2068460762713911,-0.24403731718460625,-0.3164632702559826,-0.3612923283631794,-0.4031871482733002,-0.5113615959976662,-0.42203032103882654,-0.5046312461334361,-0.6047718608590438,-0.7463303509668978,-0.6492058783465027,-0.723870370766611,-0.6716593398889971,-0.7132839268911513,-0.6625752930509208,-0.7430228716797592,-0.7490759508204085,-0.7394195451357776,-0.6643899934980614,-0.7584944741048094,-0.6840538138136881,-0.716212164719801,-0.6396735325399597,-0.6180659084252423,-0.675123203064459,-0.5728190331424415,-0.49324929812147833,-0.4728862216119677,-0.3684439246784843,-0.4254682622795917,-0.26781423519530745,-0.21053296202530408,-0.10874298216662742,-0.12124773224993834,-0.1462279505577014,0.03567633779732262,0.11176820812910303,0.2149462794208979,0.15664556771956029,0.3372292673322953,0.2740033970678023,0.3758659784462414,0.41870420658456686,0.4110618406322489,0.533144160807955,0.47933067469520635,0.5358163811317117,0.4733448112442767,0.5860917109956146,0.5417299933078699,0.4965605299487186,0.5408480780030823,0.5890111052898297,0.5067285293156344,0.534096626463028,0.5088542525300369,0.5204757250537928,0.46727332766725155,0.35980811318417183,0.4059082497455452,0.29565816960143415,0.3425998295577451,0.39997604903809203,0.36162236488222016,0.26572519183367765,0.29863324565921595,0.3174083241623948,0.35651958279618834,0.305528311245706,0.2934888414476434,0.3006522701033379,0.22646865173942782,0.3522087399119572,0.38601476530278256,0.3760905077685758,0.3964580800858677,0.39943083046250905,0.4295179910291564,0.534160208043879,0.429579143385075,0.5239664677736207,0.4852865897295009,0.6034429692940279,0.6752365254322429,0.6416960142130909,0.6293077183449866,0.6350366562267399,0.8256956768643815,0.7393990550445245,0.8037283430903653,0.8259387574649618,0.8822706375742467,0.8829300748121381,0.8287605088348478,0.9374236538101428,0.9945413929495012,1.0000298919620838,0.9599239476258531,0.9110379775764387,0.980163397884432,1.0295247361955413,0.9713736270638171,0.9233061262994544,0.8905045685463802,0.8982984699330885,0.9264243775138943,0.8591971375997677,0.810943258193653,0.78805045414115,0.7609910005064282,0.7321018819863159,0.7306837358791319,0.6194331462507879,0.6625269456746026,0.5118680309750934,0.5022241917930673,0.41409185941282994,0.4548618312115839,0.38397256222190823,0.2823885972754604,0.3248032295939776,0.19006423042176168,0.0
0.12723899872390848,-0.017945125269649767,0.0897971787982789,0.01152947102019524,-0.15989168762130357,-0.14233791000561752,-0.21934522231334844,-0.3008021254090916,-0.4393462182768521,-0.40152928339306415,-0.557305170790547,-0.5099798848680148,-0.5769957228803553,-0.6847843155571883,-0.7018602546786937,-0.6754235502247881,-0.6397775154056956,-0.7743988099227822,-0.7342432723314436,-0.8560543004723333,-0.801437138704308,-0.786856184206777,-0.7559401922346409,-0.8147298647108608,-0.6952940289675736,-0.7512546206483844,-0.68391011360445,-0.703731955479403,-0.7201957513383441,-0.6084619823722188,-0.6094351498105139,-0.46160000846656574,-0.48236678912889475,-0.3940137988257545,-0.36237409537537374,-0.21551495827744283,-0.22399851256344785,-0.13627910289878167,-0.05799424748877227,-0.07126440203801873,0.07652007220979609,0.19772221443824786,0.10458651963506865,0.3158590548899659,0.29366627641206317,0.3670906986380826,0.4042494935907168,0.46817437861169364,0.4649239367102734,0.5587657815195979,0.5194136718749259,0.5215094207325982,0.6170160686730704,0.6947259595083923,0.6301328135981028,0.6683970493766218,0.545786467913854,0.6223554023680934,0.5901004463133661,0.5476511580985252,0.515969792432596,0.44050314870448215,0.4827155213624134,0.5027570907913513,0.5189585678822314,0.4240663100686649,0.30947068857745313,0.32048002081431826,0.3115828294222629,0.33339787772870766,0.16601568771157324,0.26547824792264746,0.25684208267676606,0.2737026306541134,0.33973406041695614,0.27261150342713913,0.35074047826014926,0.31119909769730125,0.46618057770050225,0.4542855099428107,0.49212606051396607,0.5723099415378451,0.7023308645334453,0.7398750848294484,0.7643544148279546,0.7949947375400186,0.9374277366897819,1.0215939167364445,0.9024966791728377,1.0961341869892252,1.0504505019728791,1.2091833922285382,1.2062810681870713,1.2396113445136028,1.2415548925937334,1.3420839594757263,1.2276031693839922,1.3214033060109265,1.336553451349881,1.275998677851663,1.2475058037257742,1.2635343629778393,1.157388701537657,1.2313160802669973,1.1856947635324362,1.1271241836759103,1.0187388464297764,1.1258442044255974,1.1484184300701064,0.9958914294538114,0.9695913168585667,0.937851345184749,0.9696031645785421,0.9098892881257361,0.9192878462810301,0.7865816184033683,0.757956672933448,0.8000771458284934,0.7791442238904192,0.6000990625689319,0.5748100705462162,0.5350965015504271,0.4785971171989613,0.4211828104242033,0.3400413910097973,0.23971848501253146,0.232437655787983,0.057180042416089955,1.0
-0.7341537645835167,-0.8023162325899864,-0.8856376732278697,-0.7240082765196534,-0.8117146179357015,-0.8424417210801088,-0.7577122324491916,-0.7896365504991048,-0.8332361225106233,-0.7500162023607305,-0.9328478269648677,-0.7572496050027198,-0.8701546178841378,-0.9069779215061142,-0.829771108193557,-0.7737514075246333,-0.7623669038307618,-0.7498303375310235,-0.7824509181687367,-0.718148152014703,-0.7656127322531411,-0.5982451315516819,-0.7366964983193129,-0.6422873020977854,-0.5141161651685893,-0.5162588661288403,-0.47771360336004876,-0.4297621472026374,-0.39689461239111223,-0.32667284513643075,-0.2324919166812505,-0.27343623040367543,-0.08851355224100493,0.001486151788607712,0.05081071237442547,0.18727407440066213,0.18450993990480075,0.316590734041627,0.4272580499278572,0.41228481543899237,0.5860643023615992,0.59825812536313,0.748602699578923,0.6868511231996994,0.8094404223736749,0.9042529048323178,0.9748511907058982,0.9974338404510552,1.0059542079368793,1.1342018805356215,1.2479269357640908,1.23244506893954,1.2777653080332683,1.2772472466627243,1.2866541804098088,1.3737008516541298,1.302071082687273,1.3715265758301072,1.4000154427088871,1.3965837063468276,1.4221819996506442,1.428525894916913,1.3131162689484401,1.3351088856542346,1.376489540450104,1.3006115935113978,1.341546046940164,1.2951717065876385,1.2639808927878302,1.1919826876565573,1.2003921430328237,1.2616202003314236,1.077970538239611,1.2211400324608819,1.079183425996314,1.0378736450567065,1.0569618644202174,1.0323903145157423,0.9377318509889472,0.9623381863207122,0.9454467134234811,0.8200565491241968,0.8332855427404692,0.8233122907537267,0.7699844393332604,0.7131915312742625,0.65923867543087,0.6836722607298525,0.5975657530201046,0.5311069044605795,0.4917787068461354,0.44768953462977457,0.455204159205577,0.41150054267409114,0.325995658721629,0.23543580811804143,0.09921412976511315,0.29838647825522274,0.1614763329612035,0.14702058209891877,0.12288856193356974,0.1601508999990751,0.13740758379856577,0.005800999464567785,-0.09226019472710265,-0.09528211847797195,-0.03383667859532671,-0.20952787967957098,-0.23968716006288215,-0.18999679296956645,-0.29254727876671527,-0.2712913431873644,-0.28707432349605755,-0.3363128037959608,-0.32849001853158744,-0.4170964393363665,-0.44581976105124155,-0.5477141948763711,-0.5309710448180464,-0.5431463365775806,-0.6397066109800932,-0.6072575639957913,-0.6968402656222049,-0.699387680943304,-0.7463997102769536,-0.7526931789319167,-0.807710024474941,-0.7429216588982196,0.0
-0.17269253204739232,-0.1748614175913191,-0.05394502286640813,-0.06768043897304907,-0.10385022063276973,-0.097651630679234,-0.09100947369995799,-0.04842320380421831,-0.052342866429071294,-0.03453065158326796,-0.05381402764807561,0.08550407320861403,0.028513715832028268,0.05896741954887921,0.038502870745880206,0.1411372320171238,0.04602087420623925,0.1581855093725068,0.17900991347699421,0.22344086178240605,0.22112198022316887,0.25431994570406385,0.14630211456344838,0.3033574716832297,0.3698352003789757,0.36829741354084267,0.38097694337601207,0.4995156118932241,0.48069268050740876,0.5132576549109326,0.5261959507040112,0.5856874374848617,0.629606633646265,0.7354335497477099,0.7124855937181048,0.7147455299212458,0.7664548976101211,0.7677038049569169,0.9070230806342484,0.9287687130299869,1.0613214778154056,0.9718791199893015,0.9956477461576156,1.0410832895891373,1.1274336875592734,1.2172165036510565,1.168646594427783,1.270911030209092,1.185022954385331,1.1416681024725963,1.2560466899847638,1.216782013168668,1.1592240453814833,1.1401406542950336,1.134373597558734,1.1343451539805554,1.052871490726766,1.0638249675204319,0.9785459820517856,0.9104552086508353,0.8971391404640645,0.7682573313616724,0.795303439067105,0.7008389021458835,0.6992789566258771,0.636501352406647,0.5485678913498018,0.46069344344794055,0.4156299491744032,0.3528040510603434,0.39166436695700607,0.30815736395735527,0.26854745616598985,0.17412924951209224,0.14161263374119587,0.13344053784093854,0.17479101607334982,0.057276752340824875,0.07721648006910449,0.058627063804679004,0.0393288810700925,0.04472890477223551,0.03527285202916704,0.0017771348866923234,-0.048206381594719724,0.057625511094466814,-0.003144851702462389,-0.02187026119937351,-0.02431173212591911,-0.028136234366680266,0.026650111147865203,-0.005229468492312865,0.03576143759333075,-0.02954407977366652,-0.0043402250180469976,-0.0941777697344974,-0.06129561560234069,-0.1296935311145801,-0.06158363401004717,-0.12265334893822225,-0.15495933362786662,-0.2031626754992018,-0.19515319026471994,-0.18107486195835767,-0.16550614742875153,-0.22262636575969674,-0.2667023363112528,-0.18805123015031888,-0.1887756565826494,-0.21561539751157058,-0.2164007934213277,-0.2912033788194256,-0.2689196288782115,-0.2424145651798478,-0.21875482342573788,-0.24289358726348634,-0.1825000309350933,-0.15964573213569191,-0.22770151227113386,-0.2691976582573822,-0.2429797279002466,-0.2641636405436311,-0.2161108709739335,-0.18446625461111704,-0.19127459447722997,-0.18136335514133942,-0.12378699373712027,-0.16415274190045046,1.0
0.07948838336091521,0.25240645956302843,0.21652332901139226,0.19281119745078754,0.17855068370093735,0.1749612249141982,0.18032240036775588,0.22493861748925115,0.20943689874649554,0.17283154201686707,0.18971339765233092,0.19847094215774896,0.2574441004031112,0.2155889521033154,0.23715959358574573,0.23184913087404152,0.2343497002342503,0.25909288842686573,0.238697407875276,0.19666965255400537,0.2648361950074329,0.22082191012879693,0.2942449435929796,0.1313580735231225,0.32542962209091,0.24421167796748378,0.2630251101342626,0.27048679637140965,0.23353394539583805,0.307136713719847,0.32704194988950586,0.2777283306510404,0.34269315168411424,0.42026094871386505,0.4292390084315209,0.48559928795192747,0.4907355611312899,0.6045896381539172,0.6147995495889346,0.5922589704647826,0.5688994498537143,0.5980193173282303,0.6749448859783352,0.7022838105775843,0.7097463220175346,0.711168890638877,0.800299950341795,0.7440384594475687,0.7675919758242571,0.7923384270024784,0.7898366799344061,0.7070003334257644,0.7586217628547489,0.7553241724349703,0.6850727945240462,0.7170107570354134,0.722278488233483,0.6704348985836841,0.6862873298717922,0.5984708570599806,0.5862830485348217,0.4882891642870443,0.48449950317573964,0.3855404247314864,0.2727573111438445,0.34889345654275117,0.3344762248954739,0.21323600489036276,0.1270128519803615,0.14744979254941676,0.12152172944106732,0.13587520288018737,0.12266395923141306,0.1144462338749932,0.05214017598831073,0.06884820240114208,0.02145982678070827,0.0537643072757039,0.040022720948454715,0.07964134384761642,0.09565736525432678,0.10398719739012184,0.13159980068186594,0.09682533019766144,0.2060013848861999,0.24422200552474874,0.2889529382595917,0.2666063413673204,0.25737299010498554,0.27625278823568494,0.3366751530342931,0.35079569012399886,0.3148053452814409,0.330199431260506,0.3941317137339051,0.3257696202844226,0.30399811988144376,0.2662254016502146,0.26063964008928736,0.3882160156964877,0.28695724509261294,0.2071801293162691,0.23055997452501026,0.20935943691148062,0.18082279439093657,0.19850846488478724,0.1281964378365229,0.169858201549803,0.1278048668569695,0.12201521146899169,0.121054160397083,0.12841459672879071,0.09541704404384876,0.1141418959145316,0.22155010451645557,0.15966142823261248,0.1354417996484783,0.1147275142103342,0.10527288023024464,0.22861802191716243,0.13159651017564933,0.17566248625280517,0.2090563360277954,0.12433732436636123,0.22194488412739644,0.1294329574711564,0.2466869594347169,0.16979778926785008,1.0
0.01719586638746385,-0.003014973565214657,0.05497682256082942,0.07523976552799318,0.02589670189831452,0.10403269984755384,0.08867239020672889,0.10041244354057141,0.15520914207189912,0.14639779985914064,0.08712546889542416,0.11344577629032629,0.13750165335928932,0.196507561439957,0.13631569729551518,0.25602709589652034,0.1357249291598922,0.15216706496282445,0.2374823293487575,0.1546230212385629,0.27970827165710754,0.3323373719933507,0.20764489196184863,0.263121810659254,0.23705755359406222,0.2789209204253474,0.33140311620417573,0.372078322193747,0.41369073298354275,0.31541365999725723,0.451095212571283,0.4326264950110828,0.44446051336783926,0.5268413130065467,0.5184701776643152,0.5555735010083465,0.6473521008447622,0.6578192947921596,0.6260170456989688,0.742544359283165,0.8116555131989831,0.7465489962476013,0.7867903023239523,0.7757243329178422,0.7840702197479484,0.8998149045218722,0.8974113595635754,0.8328905344591626,0.9126288297318917,0.9258492302001843,0.9269498410480153,0.8831208055923652,0.8768368995699329,0.9554777151700994,0.8750050922714274,0.8641174764623278,0.8401254168068366,0.8479822791934073,0.7469125363499983,0.6946733032423229,0.7073511308289631,0.6500816027069807,0.5814806522422955,0.5915317101347431,0.471318378497837,0.4469000695793369,0.5028209028656844,0.48839609178768645,0.34356331680992314,0.2607989868392062,0.29529042092138746,0.2847610258794802,0.2995883093184467,0.20236341939334263,0.15688235851102142,0.19138629250228428,0.14809586664262206,0.11762427662607174,0.16591362835739787,0.13748356175254808,0.16604255915633662,0.18593196760696,0.2123961572329564,0.2077024642133212,0.17658387924823193,0.2387434530040189,0.24948786863932065,0.26653128796648584,0.3131532901648987,0.2190174021089858,0.20497951565076256,0.2552747598431655,0.2104664336974647,0.21779012922681515,0.20205809759356963,0.20403992940680885,0.1294300778159911,0.13237256128841954,0.21207156437515193,0.03910701054571234,0.028713260863007083,-0.024583273435498605,0.04243359393360199,-0.023722342492509717,-0.02188965802378639,-0.00902038023521548,-0.08471197187178542,-0.03196800957198585,-0.07971961824076358,-0.10076869837460976,-0.18668624008003448,-0.1987397928661647,-0.08455221732312199,-0.1257399436656278,-0.09323349243524952,-0.09258880525584438,-0.08702641326174508,-0.041516622226448724,-0.08431700650363202,-0.08281771268031238,-0.1198355686728462,-0.05581421218058216,0.021933764467852942,-0.027173822384691432,0.011223479653918893,-0.009211099868518369,0.023671383468174767,-0.00723253863570129,1.0
0.14485082218844977,0.04911220380984807,0.2015934914977278,0.233785034319615,0.3124853921587227,0.27206182452603656,0.43043416137947366,0.37972017700042193,0.4179602807270074,0.43538811921462295,0.5369266369853304,0.48109971185831035,0.49895338440960924,0.5864949541381014,0.7221324227787186,0.6667039651249029,0.7453471229487352,0.6965284436259626,0.7429619384317749,0.7401682569278626,0.7967385581812332,0.8176553350353056,0.8008346324407927,0.7963395884278427,0.9047024355639054,0.8182126135471814,0.903681536266983,0.9360792772909329,0.8974480996299952,0.8784183311556142,0.954131966269762,0.9719711288363965,0.8895389804136364,1.0567809163916655,1.010095070507096,1.0313108505351996,1.014415151083248,1.0459415546231023,1.0921395868771806,1.1581284376762797,1.1226350131336436,1.0443069783815424,1.182841493021198,1.164861596737439,1.1010782919012594,1.1243476732079327,1.1537702556824911,1.0683449603152242,1.0038083295091742,1.0977402070587665,1.058125685463932,1.0817226652762229,1.0300732090039078,0.9965753083887214,0.9558573184075654,0.9092513932428639,0.9861619557619394,0.8461602670883512,0.790902817719947,0.7892830464365788,0.731391981562515,0.7216720009245804,0.5885790401959348,0.6729415906822233,0.5405613488594303,0.4343121954546933,0.36519962494107605,0.3133439084039735,0.231237464431164,0.24259355462604695,0.1311574341251767,0.1849232970962681,0.08196743587306916,0.08391626807819708,-0.08149953236758105,-0.025024105054477875,-0.004268361531968086,-0.12271901818609388,-0.1171177994073472,-0.1217056181291537,-0.09829402805356009,-0.13380002063906415,-0.15368915063353283,-0.1775374248310252,-0.09243600520512636,-0.12659764225371176,-0.14786273761572574,-0.24318664715462324,-0.11775345767290184,-0.24261839839215318,-0.27183143166077217,-0.21033458833474478,-0.23055991427114048,-0.2661902892488672,-0.35033049143066286,-0.28433348674614434,-0.3679998996368068,-0.34422521271872536,-0.41138861840096685,-0.5735340801899276,-0.43145254402557354,-0.5444538732720633,-0.6609560915572625,-0.5576281699398551,-0.5607507040822781,-0.6264857745432715,-0.564866363171749,-0.5613742736573387,-0.580247298252535,-0.6031476900445113,-0.6146852724536589,-0.6399553299951445,-0.6224682852058264,-0.580321662389397,-0.48896032940144224,-0.4968436932675663,-0.5076314163227954,-0.41966037558148006,-0.2872813307591056,-0.27738801210141006,-0.29467203214106225,-0.1615645389855742,-0.24853167060564585,-0.1780594356390636,-0.07538567896182496,-0.09865619895019254,-0.04930446278551782,0.0045884072205018,1.0
-0.47426657761689234,-0.46668289021201875,-0.5233343877747564,-0.5347330050834234,-0.47375166659872536,-0.54663503534428,-0.4235013938118976,-0.49726194970839305,-0.4419774476599861,-0.45679168204697806,-0.4005681886217016,-0.4164444146883357,-0.2783758387357802,-0.4148633616582217,-0.34936152341621335,-0.3266580057493172,-0.31566590329511635,-0.33226599264588363,-0.19982871667313615,-0.1908442812358412,-0.14853148639209618,-0.20464598364701367,-0.11230883385892532,-0.15440430909580666,-0.0385253749183366,-0.08509174211525453,-0.026968728633081147,0.025879334192642656,0.00021207895388913878,0.19578810833051494,0.16811921510798458,0.19837750075861466,0.26595546516172797,0.33527918503043064,0.3617507482117731,0.44971158778651815,0.4596697545659104,0.5743922670934605,0.5702805105151943,0.6951178489122439,0.6688032337083263,0.7880286765066844,0.829416599220598,0.8388552045968458,0.9014275051200805,0.9825380098672316,1.0093355339627592,0.996316661851423,1.0951215742934275,1.2300670031890166,1.1381832498134836,1.1678713014309243,1.1867106993995733,1.2045009773786315,1.2321123854627531,1.2314552694637662,1.1899005754520335,1.2068205854066638,1.2310928711626707,1.1376541615273426,1.1982468063773393,1.1852483632109927,1.1439612419561818,1.1749796198155669,1.0430843568670585,1.056499753342882,1.021847981912368,1.0538364369000142,1.0598302627816663,1.0031733338123487,1.0349012427198965,0.8434022111949369,0.8345221701843224,0.7399675702512926,0.7498369250909217,0.7826679660104845,0.8443718246806717,0.6888992674132828,0.7748880271135461,0.6631744962048699,0.6730951542384076,0.6373161398168762,0.5132133822381894,0.5869336685634249,0.5244068270079529,0.5429409807258301,0.5135103968679929,0.41974172315297115,0.4587084819467573,0.3697577826047699,0.2620947726154225,0.3157277889776791,0.2655225068215504,0.22430430817783995,0.19300870651765564,0.06312744617504121,0.1220606029794582,0.07963744156160389,0.028936736352630818,-0.04709627445551807,-0.09236424490171302,-0.05036592766734128,-0.15073134273641983,-0.1371852528349618,-0.248663495264056,-0.3222904884051161,-0.3203197366139399,-0.32365831229718195,-0.29399803357067716,-0.32277792756480905,-0.37603638144115525,-0.5227876849831686,-0.4684769174044793,-0.4197032038166699,-0.49456862123814294,-0.4358161351916988,-0.5645237505975669,-0.5089948730460235,-0.5738855659526232,-0.4694936438837069,-0.5739859975689446,-0.575385181913296,-0.5843963985788322,-0.5425678350873582,-0.5887393048631047,-0.5626301987149277,-0.5527330560482603,-0.5464617556839563,0.0
0.22829337923314963,0.20630910982034506,0.240839413086083,0.19683622981769106,0.1459979151412421,0.12119484227114313,0.17952918851362054,0.13993830182456124,0.04499137823657319,0.15262641267905241,0.1945235978414952,0.13549546028388015,0.14020700539969638,0.14960041911353844,0.03909808533614688,0.1280809211143424,0.1060083758527774,0.13651436960164165,0.0805292039483778,0.14604188472863494,0.11147756259955266,0.15227599190925703,0.11016228284420956,0.04876684338189975,0.06994439553326344,0.0446193256231775,0.223340032498831,0.17636450718046046,0.21316676591873257,0.28066756297129475,0.21113580175264207,0.3123120175851605,0.2864619025292274,0.3952210899338767,0.37275617210110484,0.43788644765102797,0.4935551642379475,0.46881818019490346,0.576615892803865,0.5672339556289644,0.6166037806495815,0.6581571559346711,0.6179945544151592,0.6698731396495353,0.7012588917779289,0.7157513831849721,0.7873027850529927,0.789443824781055,0.7798002045942769,0.7739832457250228,0.7540992520855921,0.7419285218528201,0.8132679326080468,0.7028841701700692,0.6971422494566432,0.6793296225616546,0.6537956849956454,0.6871495965426845,0.6362950115561562,0.5737020854892124,0.49029145742348157,0.46607491871099005,0.3278214428943246,0.3152515435901707,0.2462354093414879,0.24221189456494413,0.20480205316970979,0.184415514181303,0.1420726715480638,0.08025277206431801,0.03321776537719836,0.1214917288350843,0.08542929098183837,0.05347029789252926,-0.0056323590508549695,0.0031873817035777408,-0.12306317552622498,-0.001660983981193187,-0.10958774509423042,-0.11114729953286319,-0.08012909077176564,-0.03384942777080159,-0.15062915377280908,-0.12511672592027595,-0.025399090532728735,-0.11029509040667283,-0.17729648197564532,-0.1493041696927595,-0.19195766491318772,0.023057102714398744,-0.14148011565184326,-0.048555465524783264,-0.08199288729827829,-0.08409205790479406,0.06523596752586626,0.0048146121611973396,0.04771519544913144,0.0024649521045290897,0.05912734972142944,0.12885768070123838,0.09740495400846498,0.14208964355195963,0.12154897504345905,0.12647599492084957,0.13929885564661007,0.13853539818185184,0.2209537216090485,0.1484724841412174,0.17852429242579254,0.18182002057068172,0.2238901159991946,0.2122576158564902,0.35929396984377393,0.28755273017200583,0.2802209285486681,0.21162728767965305,0.24523384574921703,0.17872351109737605,0.17464275108813543,0.24928895464958117,0.2746020583403506,0.20112038487783832,0.22494643685736743,0.25711411694857605,0.2422882541772977,0.25276452732589094,0.27119702776009563,0.2612724302389456,0.0
0.13901032482562026,0.2025774436241493,0.12331845793702485,0.12920964296450727,0.1911755367024988,0.18451296877983986,0.1887772652871688,0.2025465267284619,0.1080997693487662,0.15167586217788195,0.04327042801339155,0.09202961997131938,0.15166024774814024,0.07521543022298338,0.09183854377413364,0.05015393399828631,-0.011704005673715982,0.10525077529424964,0.13182901705404043,0.0254132724514075,0.04984996953970091,-0.048799427696171266,0.0338719005823493,-0.003768046839627894,0.07556786749387966,-0.04404700150967162,0.08299321633466662,0.11897859272274894,0.11600736852941765,-0.02116141591270096,-0.018692865624707386,0.02412154858777176,0.12300014593619485,0.09079073052505329,0.1478328314995774,0.12134698412089151,0.2040445785564497,0.20559049720312111,0.28286278280005783,0.28107462458070476,0.3146273480427498,0.34645229444719056,0.4413275704582953,0.39646765874332524,0.3381700398437386,0.43073467772561674,0.48614516095579413,0.4964643391064684,0.5072582147401932,0.4752634600234975,0.5792702037836186,0.5314699820340144,0.5276478963380591,0.4837473277684857,0.5619397278239041,0.505830048974363,0.503883230858351,0.5582074746249579,0.4688578757306617,0.5416815366715871,0.40543222843884846,0.4207345242537601,0.34270058351577914,0.36270286951761815,0.3297746365640474,0.3176471686264219,0.345196325751977,0.24301019566407076,0.17049012977592723,0.30900087370913765,0.13493553230264727,0.2307004608808697,0.15897879639255966,0.06658793030427976,0.15367584605400153,0.1338024286187441,0.24217004295324376,0.1509096913268578,0.17986643085483608,0.15827515975335593,0.2912354997440773,0.23549945752796503,0.2302402569662862,0.3848163656773228,0.3481079040825691,0.3991457517085108,0.3045538901231425,0.4518014589644108,0.4847995217821647,0.38193441499167563,0.48182929844190653,0.563671495251206,0.5615595067056417,0.5273626058374798,0.5506365099226126,0.5617828404330466,0.502550346893414,0.497776078361678,0.5204720198509458,0.4326101862482768,0.5324982711129693,0.4857290833708617,0.41614089951587074,0.3832460957885816,0.394616451875113,0.3852683381165085,0.2805996084270345,0.31969489494656844,0.3620105240083136,0.2885701562332367,0.33256710856412514,0.3649533297056071,0.4210584006538271,0.19819849889052746,0.30854444212533755,0.2572872175295486,0.25604274808951155,0.31227642375789916,0.3644565419802025,0.32411424247527926,0.3733823423249038,0.2796421932659533,0.22389437258306122,0.3280298693050723,0.2999383507375488,0.26572892273478155,0.21285164229254813,0.1375213610318761,1.0
0.2809737841780639,0.16196479384996593,0.1855621513605842,0.19039619005063765,0.22514474752493102,0.11319582285383872,0.14368600576511198,0.10299879537535174,0.05727028009076217,0.06656218069776838,0.08469509816926302,0.08118206725427107,-0.04267819005189,-0.07609982512998179,-0.048288307607417,-0.007171957479214765,-0.1216499771340345,-0.11222084049607019,-0.0686761353616796,-0.0564742761178496,-0.17021075478445666,-0.14643252059871362,-0.16006368789915554,-0.0842450772769622,-0.16434661076976703,-0.10856499508103043,-0.06403387641209723,-0.1507170169592163,-0.11593153718462296,-0.08148377566315818,-0.08053910736169112,-0.03397609242364341,-0.04813819242514595,-0.006335176197228065,0.08724271442875231,0.029054564957119014,0.16650208988773996,0.12350252276468884,0.22439879488965053,0.24582171357585425,0.309036558873101,0.24813979918295315,0.2947410729930757,0.42739452742514394,0.3405662067468475,0.4045818546993132,0.43560241671120475,0.4099071851097172,0.46199901353515077,0.5975970774951053,0.5399713938173445,0.5217099913781467,0.5265409105960436,0.510403952978397,0.532562389404263,0.5079247867982027,0.5291688900202497,0.42041259150714727,0.504864319336419,0.45227213257284216,0.46192279092135113,0.3968360044778807,0.37297927346752774,0.29347573004541694,0.21182100212324034,0.30326676283363985,0.16982723905340544,0.33463123704628267,0.2035657302903591,0.12921994368674083,0.20104827021632682,0.14989529466951362,0.10801542959403639,0.12005219027161637,0.08540915716052058,0.11740450060027985,0.11781866209044056,0.0017257464339253403,0.13324765499964497,0.08850947024534812,0.11588764821348703,0.08983899352895405,0.0999583917220814,0.19597550826699844,0.13126050714718848,0.164650913509952,0.1233413427587442,0.19095570515613497,0.22401457940877928,0.17520327212964254,0.242134106559877,0.23799678128359653,0.31222212724075743,0.2726740274753346,0.3392937942668295,0.3911291736820277,0.25802318371049493,0.3789731082679454,0.413371892682327,0.3151157070078322,0.4469864715772547,0.5069630154313856,0.4486725428385193,0.40004761941688194,0.41663729256786547,0.48977043992186087,0.4261833663734102,0.4044925295678463,0.48905737441913644,0.5069186780101888,0.34432211168286364,0.49674256056200383,0.4630296060074728,0.3980322173820192,0.43032736072543154,0.5411694957044688,0.4296429636448536,0.46214736524073036,0.37967458009556004,0.41021609685452765,0.34299300060898497,0.3895515337827961,0.4257277034283959,0.39706644277355474,0.38467802358925524,0.2974315506195768,0.3295003818252458,0.2726214497845107,0.0
-0.2291147377456813,-0.19414387804947852,-0.0503855350332256,-0.11047644053709957,-0.023184102890294933,-0.031056317564296432,-0.03752931507757344,-0.013249473783306733,0.04628037603906435,0.0633576289648515,0.11984044028450723,0.1958419617064214,0.14019051525184045,0.15158984697341332,0.1619850708997912,0.2253157672497543,0.25797672002800176,0.2487700253295813,0.2944063913811387,0.3351692007355027,0.2026690866451743,0.27834934329097916,0.35413673726749767,0.2982518536804861,0.3366652615666841,0.3718896411582706,0.3885189022933701,0.38643003020390443,0.4068729562228362,0.39038486728103017,0.41582680149937634,0.43370398802004473,0.4048340239234327,0.5084687558642508,0.5581695982696167,0.5658744293633141,0.6279732178485473,0.6329775734054482,0.6851504928983055,0.7088094083568847,0.7233446495480564,0.7573345143685635,0.6896009153168517,0.8557573359033822,0.7608783371279818,0.8052094603336536,0.929430077557046,0.8744274485332497,0.9101251541961471,0.9081808191797653,0.9820189813506838,0.9922595801513221,0.9364305162069541,0.9300978428352452,0.882120461261392,0.89800845085213,0.8678652614238571,0.9072874672217945,0.7973830327934183,0.8997297942955034,0.8928789299863522,0.7745342178445327,0.8510633580705488,0.8680419184331832,0.7863537802506617,0.7268707976841119,0.6462221650856882,0.728784774510833,0.6465087140359118,0.7202285086408717,0.5586648902901451,0.565576920938123,0.5446400401045721,0.5549704359185007,0.5668948533342065,0.5469731540035003,0.4819124068009305,0.5517049824606154,0.4666968875966514,0.47053561810746497,0.472359345064204,0.5124649128773267,0.5049608325199755,0.4425033536440632,0.45751505845793006,0.46035523498090214,0.5014703626672271,0.41153399216771247,0.41137293009264364,0.418767924731721,0.3914546763877415,0.3620247872692614,0.3058123722861021,0.24995949105244655,0.26217692737525616,0.20993965747619103,0.11019770458673056,0.0933748619522451,-0.023284932527184804,-0.02748526593511002,-0.12574507796899448,-0.07537329996714304,-0.18984135077988837,-0.31941564124902255,-0.3002068627738942,-0.22007160464334347,-0.3899038702353199,-0.3699089610436211,-0.3946024658373262,-0.380663500012616,-0.3188251829350645,-0.46341688191032143,-0.46634496604370357,-0.38403505900181967,-0.5296789583773444,-0.48712268670428965,-0.4179438544019348,-0.4129140043753739,-0.4169062587285753,-0.40031746268076684,-0.42100778520519466,-0.3269067796192466,-0.333803093259858,-0.29997819847693263,-0.2359738607230087,-0.23005474287852704,-0.28155798096463563,-0.19076659532309898,1.0
-0.22172107294406868,-0.14883001294501147,-0.1719244501133203,-0.10361901077659497,-0.14793602598519828,-0.09084880822638529,-0.021465528543462974,-0.010099125895240403,0.010439426668466962,0.05852898318049793,0.07154400268446474,0.18128024216246502,0.14685598704410263,0.0806513176494941,0.20042258977347172,0.2432983865543966,0.23945405035060735,0.28365912117428865,0.3817673858008917,0.34876350375636833,0.4004036307372935,0.3623228323311466,0.39660835893228596,0.5501378060177895,0.5466210142618926,0.5239649844382677,0.6450261088716654,0.6927011267351403,0.7473582707264463,0.8586197784369213,0.8041502289780001,0.7923857300409014,0.8603905350901702,0.9766949422015305,1.0631636139380773,1.0609220629386769,1.1541410239474967,1.1868496572400795,1.1856439694040244,1.2049120682769707,1.294201337829391,1.3429333970146813,1.362757907248762,1.4452910604804223,1.4248925534038503,1.5156578084175434,1.4274171649184215,1.4649369458095889,1.4299738274383516,1.5339897851542956,1.3861765664945467,1.3955449273606517,1.3724627424701117,1.3705149933381697,1.2659822337778124,1.32493840899988,1.3117055602621008,1.1445375938494031,1.1173823602326456,1.0385879639270557,1.018510857874336,0.904678023023659,0.9408330611861155,0.7904178319248119,0.7293352602366767,0.6656820199572355,0.6114667056973225,0.45608189212652517,0.5358987287469177,0.3985186736132731,0.24928858788294805,0.29388168706606366,0.22000165974566885,0.1430452296181598,0.10336651864657415,0.07197721262758136,-0.09938709702914703,-0.11227014496249609,-0.17054223358026946,-0.2256009439603002,-0.2367757226201223,-0.28003999760977394,-0.3091439293932102,-0.40677992441385463,-0.38253491266636497,-0.46405142994232007,-0.5070213912674925,-0.5319820727052688,-0.4399590056051634,-0.5937996183668584,-0.6125817026959907,-0.6214102284162674,-0.5413643113647293,-0.5752450913147847,-0.6379335024135715,-0.6623534753188003,-0.6431380121269467,-0.6150133735981198,-0.7028075162281506,-0.5381411870188967,-0.6452739855766458,-0.5346709354714559,-0.6100364747105843,-0.6448660009774962,-0.5834579892735514,-0.634175683885347,-0.5766433251696063,-0.5090382600555362,-0.5080912575327582,-0.618256152236814,-0.5034088587833773,-0.5015492231957814,-0.4797897483172083,-0.4460035160030472,-0.5061032765403096,-0.5178619343163055,-0.41113024396369424,-0.4670772213688943,-0.3888926468730534,-0.39530004189009965,-0.3633183135171925,-0.3181323737913386,-0.36850929131801813,-0.3681906742674001,-0.2804170490194934,-0.28892861119585334,-0.24726323936721079,-0.22024685809620836,0.0
0.37731693213060596,0.27452898260942227,0.3014041591376916,0.2738746662846746,0.25266997613545317,0.2268719647806064,0.23813700317932618,0.1850538961116952,0.09674597842639777,0.14815850968435698,0.13649722954997098,0.15468504756521745,0.19559661624521435,0.09625849966913218,0.08550980587270249,0.14795059171361197,0.08746873568472702,0.04448678208534297,0.010783994396255901,0.05419396656376863,0.034055611680807986,0.0651671078757363,0.017344338210619602,-0.008688505693665367,0.025876293055090743,0.10294846981938316,0.05233715266999091,0.04013601211449323,0.14663546170976957,0.12600850243743467,0.1127296482312245,0.2633482102587513,0.17339439497957024,0.2611752386762563,0.17946002202753197,0.27533803745802177,0.340858414454858,0.31583596192628866,0.3977936069636852,0.39632688737026533,0.3772674701292549,0.5244983515172761,0.4932250438159863,0.48196851041379896,0.6256404418731866,0.5790997879962119,0.6208277684083743,0.6057630504753203,0.5617082124907542,0.6403891994212481,0.6027190224848835,0.5886205375320489,0.6124493852255988,0.5145423952581931,0.5470788432210254,0.5221750023890467,0.5454708308237831,0.496766219251429,0.483036922776733,0.4704290697288167,0.38870911174819867,0.40978752302735794,0.3446035405902427,0.3485985081408035,0.2523914025497243,0.20056565836281284,0.18109790481920496,0.13853372226899416,0.10696726758383884,0.08117258335048852,0.001048454120261012,-0.05965125704252681,0.017654420998301085,-0.08387464705162354,-0.10715954585977068,-0.12303832813186262,-0.22457304994131466,-0.15780696731690427,-0.15481159354744994,-0.24348724269626162,-0.22113920825910338,-0.19782694770508122,-0.1869066056473125,-0.12847203117450337,-0.19155780274021877,-0.17066210551484715,-0.13710378924792693,-0.21016402819107283,-0.11952890535832592,-0.09498251235761448,0.01283632993523215,-0.06306011681552334,-0.09910400824409484,-0.04831249108930937,-0.0037930772294568413,0.04705547037155062,0.0635285265648988,0.056274752737461534,0.053247456548053095,0.09444920624480188,0.26842401251931325,0.19763255466878207,0.24093471318144505,0.2664378624720665,0.31531607884230367,0.24804222444766935,0.3384544447950488,0.34684920820604836,0.24935618020477363,0.3415110390982081,0.426848494631423,0.41542481214535887,0.38400844426352754,0.4465243052250785,0.4845834611451564,0.4878801932445662,0.3482157956385755,0.46467556817141464,0.453994367620031,0.44595471560814437,0.4402870124677393,0.4010320876625529,0.4813763471886879,0.33080295590891207,0.43573524079211623,0.35426682561613854,0.34627046075578927,0.3115905178547478,0.0
0.03110244403663845,0.013829381472442982,0.035737290903947345,0.010963788620829626,0.024105958013137765,0.05565842554787384,0.06630691690293777,-0.03241544346148106,0.038577391932784526,-0.03335002624478572,0.08032996129575033,-0.021599225416248355,0.006189698578858725,0.03802439596088817,0.05800055638949442,0.05236821286470847,0.030868404516440396,-0.02466740514631645,-0.01510304963922817,0.01682642763927715,0.11587388837396674,0.032117643646276325,0.05445608498018806,0.09001672515053796,0.03526975688014554,0.08058725118917265,0.07874382715789681,0.10378443056303753,0.006374210942653898,0.05965629306534612,0.05255623426330096,0.04613348178978958,0.10785983783535256,0.2153036932133568,0.1635989053414877,0.19422163787471322,0.17837724333128369,0.2326576611502029,0.28022733435231184,0.3093197174493879,0.3307333367598695,0.3299507799683936,0.4349810448007814,0.35714534298820516,0.4746919093652395,0.5202968356734524,0.4754808695339332,0.5432219269664944,0.5677939484327093,0.5635891935059489,0.5915295347737797,0.6485767252718508,0.6484748875132047,0.5845817687920366,0.6388833302060578,0.6844600439541536,0.7108679264497917,0.5771097081110355,0.587299080358484,0.62245206893439,0.5203483113530971,0.6012234593999375,0.5353153877390185,0.5931777701480223,0.6284560618886402,0.6710262810165967,0.450048801549139,0.5832426602328119,0.619040569435515,0.5323779116206615,0.49971069404067164,0.47736051316701655,0.46956500148879765,0.5061294118688185,0.5155173816993184,0.5473638475981788,0.5305365027036693,0.459081276033606,0.5404410976545999,0.5475116901082328,0.5459011929187564,0.5323354535373603,0.49568265340532625,0.6200261669020817,0.5580820110260395,0.6892386041444142,0.6153580255867569,0.6692604032265217,0.7104749199543221,0.661700316309381,0.6131642001812027,0.6043237758423585,0.5812413170272995,0.6328571021616538,0.5707115565468276,0.5589046401883271,0.5588358428009845,0.4407385895133605,0.44924404636807946,0.38438230622188474,0.3805088907423605,0.3442133468663253,0.25604734818349867,0.19394572240612154,0.22166154949880246,0.05672355428893171,0.1816191250515456,0.12495996451131151,0.09070027481804295,0.0442726257646479,0.027099179028263885,-0.06375800525827544,0.02672560014300503,-0.02646003173763779,-0.03955414052471655,-0.09829031966049916,0.01517500385432688,-0.05565359230017542,-0.10657383745434508,0.031097407734147,-0.023199823636376495,-0.010424669593859806,-0.01874199132409193,-0.09969131798276296,0.030611310018435214,-0.04835954655547999,-0.021141414404277387,-0.03299743030292347,1.0
-0.03671104927833349,-0.06204542671621937,-0.012629629697961421,0.02593488585980882,0.019237941824052654,0.05996188562012318,0.1114530296740374,0.0595597298985213,0.12498845905950758,0.17231156532665506,0.12729617734819076,0.1389974187568392,0.2854725818063799,0.17061973847917308,0.2465199888307355,0.2723457721734941,0.21904325939572789,0.238427576732298,0.2933389674322968,0.30059948782201223,0.2514283665734054,0.30269087251712445,0.33276397685940046,0.3947783136063648,0.3737876379591387,0.40420846211228667,0.3433143679067212,0.4731235297451371,0.5178969241844111,0.5397347969235203,0.5053291376181597,0.4705359712721934,0.5662101405716073,0.5861496713138132,0.6500425171331551,0.7074962753459102,0.6609975636560458,0.7671899306242433,0.7453356402459549,0.797134203418792,0.8493902231172743,0.8546654932190071,0.8414248165355445,0.9367704000327911,1.0086294330033048,0.9580630124202777,0.9543749926751026,1.0385135424292908,1.0001780290198998,0.9439381269613436,1.0000819068491842,1.0769716605954183,0.9344202375403313,0.8571194675735585,0.9755496355838454,0.9471967322547009,0.8792117408934409,0.8586204862722118,0.9299989030901716,0.7240564935189647,0.909419428432693,0.730695871906789,0.736960356073307,0.616972926288816,0.5445470826870075,0.5413513123675892,0.43693306874383275,0.35338065914618694,0.46608210923361804,0.43653195065495237,0.33067508310763727,0.29313345750169817,0.33941034116242064,0.13567475589811867,0.18047297676237328,0.1540644883820956,0.2089693996407621,0.19488021489023535,0.20223116989953666,0.17829546529340048,0.1073551438540024,0.1708949880938987,0.19885361960666237,0.11651442164703583,0.08443153559763714,0.09267530399669335,0.1858115909390211,0.1941928917564,0.17258243268094328,0.17513482741188915,0.13592452687052964,0.17266761386887491,0.1503332807032482,0.1623088717099631,0.11158536147974071,0.06462798869639087,0.05207654665332518,0.05727004841930444,-0.024115901420662812,0.07089293932379533,-0.08654582837575743,-0.08761357476996537,-0.16034208420689017,-0.1292085128005837,-0.1905000214575491,-0.06471344383384865,-0.2333151038014335,-0.15223828535522613,-0.27052913439461174,-0.20232767863872478,-0.28775067108616165,-0.25999456198510146,-0.23597799528209515,-0.18285945044705504,-0.21106747335834855,-0.12768264920672512,-0.19071239105790824,-0.13064270980385845,-0.16418945336611326,-0.12145359185517786,-0.20729797331512817,-0.13701941245733235,-0.10663984151161601,-0.08209969366189898,-0.012632930383870353,-0.053437063104043434,-0.015208007577510844,0.03481913466254647,1.0
0.2260292573102866,0.25268345681274684,0.24118282796586757,0.30473023115423614,0.21983215407031936,0.2816613849299153,0.2945914675357273,0.299083330997267,0.3470342527658242,0.36674624838637193,0.39045696786585765,0.35846480492075533,0.3485287841527909,0.3958666958030431,0.3502320668169733,0.408087960111321,0.4199925035529063,0.42513236413417255,0.4028889139878206,0.36352264969992254,0.43020887906624083,0.4312234248291347,0.31357018037973716,0.40221449208497106,0.46769649508133404,0.3848052606519683,0.4487446849838277,0.41931728651310946,0.4441869578472724,0.45369605031232685,0.4404311704059924,0.4795115776037008,0.3741919273995812,0.43899219304749953,0.43522478424858385,0.4635281048424202,0.5127214013773291,0.490464899708985,0.5699199083187455,0.5167209962529864,0.5232114035457863,0.5369024837705979,0.549151856678005,0.6051217955895191,0.5511362146073163,0.6662587702252383,0.6170979457621855,0.728994719637295,0.6677833865159409,0.6053096842181561,0.6423299980783151,0.6394585898448564,0.6972009473131173,0.5900644353227867,0.5624539220091958,0.6151209722386419,0.5421822957299185,0.5816987300325408,0.47824837898834127,0.5597273235688481,0.458696067054043,0.4220006164679177,0.477421517157795,0.34542703588470636,0.2957954719513451,0.27641534501881726,0.3121811735290767,0.18817752584595165,0.19339287334142935,0.16035179561225735,0.2781146466132912,0.16568712182525552,0.04656785768725616,0.06641925495390899,0.08042097969528203,-0.09271269976678967,0.07209527841336877,0.05702825314801037,0.039471037915583346,0.005124455478449149,-0.004574301220891981,0.00573842911263734,-0.05112860578063674,-0.091538860104644,0.024582260385388147,-0.035127162575723445,-0.03885869921435269,-0.16605930444145342,-0.06705468928139492,-0.03270625746297996,-0.1574461382735145,-0.0969643181937698,-0.08715108836411066,-0.14693172535822335,-0.03656674318878225,-0.12596433231203746,-0.1424077394551041,-0.10199156138784728,-0.06270838997476108,-0.07521417188991927,-0.04559242054833802,-0.12806459392978206,-0.20125424522934898,-0.12982681234235383,-0.18922770106059866,-0.15967184290119452,-0.12073559870493446,-0.08597380760069696,-0.054256314023864105,-0.09339166657038783,-0.06861803910587246,-0.12445285014998553,-0.051103850409258696,-0.08820399058425432,0.02077902542713989,-0.01585633782422599,-0.0022317861553041145,-0.019376250614423378,0.009300732932027586,0.14836796575479083,0.08597165896343716,0.12057637747480882,0.16782346718998759,0.15196467843302328,0.1495282346619994,0.2306561961673242,0.24564051870875686,0.20602095270727427,0.0
-0.09510648162864944,-0.08795712272485726,-0.07819761711081852,-0.11688340311188217,-0.006119167478346923,-0.03509095629391475,-0.02752393262379249,0.050029018958741706,0.05121925505253109,0.07585834813955748,0.10548328680525877,0.09882661289894952,0.1395015509277438,0.10402753430920267,0.12084709538751913,0.2377367510356205,0.20202068266680476,0.23893918577468914,0.2522951930213007,0.22550263310614063,0.2738531640746077,0.2639470527308511,0.2592466045257159,0.39844075322949396,0.2827666353537116,0.3625365919469398,0.4358650633860007,0.4697541700663953,0.45694249207268434,0.38240932214982853,0.48554791016451904,0.5227795087499157,0.5889982902442945,0.6178683670571278,0.6733584642444493,0.6719293978456102,0.7474944785584188,0.7329285107557691,0.8345715957313732,0.705758717679453,0.8345583490472505,0.8726019745314574,0.9334606916135313,0.9788087710635329,0.9534736421373894,0.9402255320174031,0.9356889964526771,0.9916385565905992,1.0617403263864746,0.9651094934916452,1.119329467044535,1.0699642179815059,1.0384275300339885,0.9656625810104342,0.9614637536905434,0.9721491764801525,0.985082702574486,0.9228295354101432,0.8942095707665492,0.8144401038970658,0.7729117650793419,0.7487149691628866,0.8262228950446292,0.6367647473044509,0.662988892927137,0.5730077987565764,0.4289419561887736,0.4672931930766587,0.45905364164486007,0.4075992409949322,0.3981852850213924,0.3840505259745683,0.3549746410209581,0.279367928930602,0.25463557319082925,0.229509249740558,0.19103387227764682,0.23584406477473563,0.2789923031809635,0.2591644829779598,0.1346083969045423,0.23973522817482912,0.2262072900837321,0.17992667168374077,0.24942974909902138,0.272319015940648,0.2684183906919415,0.3527414863594403,0.3067918484548645,0.22278379626732076,0.2768516657011527,0.32734564449733033,0.2280467736561013,0.23904768231824547,0.16860951250507766,0.2170418827506129,0.18504551403873776,0.10728594551352653,0.10285007984890387,0.11045035122826782,0.08340802440169198,-0.018515101870214056,-0.12259090631085838,-0.08495793740212852,-0.12351527998677493,-0.1244005078523101,-0.185357898219416,-0.20309655999587434,-0.2448766799625703,-0.23886038755445324,-0.13562946398708242,-0.26028997367549905,-0.2001071366637563,-0.2527376310235279,-0.23754146778578947,-0.23185412217283727,-0.3018784395614995,-0.24068351079387945,-0.25722055674215916,-0.2140150064784628,-0.2092004117327126,-0.18678206580876183,-0.1509743049670835,-0.22266068786197346,-0.16591523900553581,-0.0975026271248554,-0.06532198252583978,-0.09647242686692223,1.0
-0.12558250596399254,-0.15010350526968497,-0.08245573842517183,-0.08992702656200045,-0.11655588457097245,-0.008643445121099352,-0.09174114857168092,-0.026939385743307245,-0.08797202448708699,0.07337994380411925,0.05008755674291636,0.09408251255041096,-0.08318909006404054,0.05756018449293636,0.10384413933155928,0.15746371420284777,0.1470395869721896,0.0718953042392859,0.16134292565585073,0.173312975043086,0.08931332676437936,0.15821201449466396,0.1874663269288665,0.3101324379536485,0.3512527123796563,0.41841645344616923,0.42144394002530544,0.4421388036878436,0.5098037613806735,0.5130866425747113,0.5963164411366133,0.6367836949824931,0.7170121175861368,0.6285571065005137,0.7473448687894976,0.8456529564534842,0.7689608439326926,0.822365016493154,0.9800144547427575,0.9853543230606021,0.9090950635026903,1.033591827510087,1.0575551087995472,1.078166796182001,1.221268935590292,1.1716126165535763,1.1800812109962031,1.1614168628571193,1.1647878563212084,1.2897240675765402,1.2972127591111726,1.107567716463416,1.172462221501827,1.1647878189893697,1.144816671806474,1.210986999637273,1.1267520762628953,1.11444992957511,0.9493300930988782,0.9639217329034652,0.9026218628565257,0.9463264804535529,0.8445923085406412,0.8137163829077017,0.5975006106919162,0.5844673625234158,0.5004116256621591,0.49047639402257104,0.46188425179850223,0.465645909351189,0.3912993550912352,0.3416212562227618,0.2800672578202571,0.2098269641141044,0.19789710430633387,0.21223412934380514,0.11034706845687503,0.041656135050242404,0.056859517413315006,0.07965014733526093,-0.06054082356882474,-0.10291204946365591,-0.044092968807335466,-0.1075833629041074,-0.1535908113841104,-0.14777690505948088,-0.13783983369095934,-0.2414432509132585,-0.2010042591633121,-0.1939511386121645,-0.2601124710600288,-0.12351698212048365,-0.19060249711592941,-0.23097004498506107,-0.31852049862169496,-0.27785973281228854,-0.23444706832182274,-0.31246638765909407,-0.24938550975151083,-0.2635534660304504,-0.3361379919526441,-0.28099348839944654,-0.29191298662975895,-0.2728364647950905,-0.39946059422203395,-0.30589889509672935,-0.35826788429665085,-0.31849290835395677,-0.3017899810199672,-0.2532891344245401,-0.27733548076488884,-0.2586812882924884,-0.28083249478379263,-0.2928691442291621,-0.2720852069730847,-0.3222951606467921,-0.282885647502983,-0.2911293237547321,-0.24754089915090374,-0.3056881237654216,-0.2236077208102142,-0.2821420359090259,-0.2331006475189064,-0.1259650996457929,-0.18035940223683147,-0.21409349440966918,-0.21780233516907105,-0.217398123158487,0.0
0.2795098101236282,0.28124358270540806,0.3199568070289991,0.3341744623385948,0.29312694505864817,0.2678591374018112,0.20088532676260784,0.2634493449255638,0.28349429624566547,0.24710208619816318,0.21921487384065105,0.21443806709903795,0.21657346886623605,0.1506555433547071,0.18191765873462604,0.1688724577435209,0.10318564761272904,0.14391366637376568,0.07256334568433101,0.011876086653615073,0.03406152355081804,0.08182244909830458,-0.004099451306994739,-0.08307305231431114,-0.08319450275013959,-0.12375562650606525,-0.13471481938296073,-0.06433081805157415,-0.07976284406448597,-0.14183688777635708,-0.0943518337760604,-0.1479234499798565,-0.07208699999422019,-0.18901942669440966,-0.16883322955473437,-0.15870920055301516,-0.14734156169662282,-0.1330868226141837,-0.1837074625778787,-0.1986178431423871,-0.046668658420976686,-0.06494833192413069,0.017862983024331237,0.11334034258156668,0.0428358992848311,0.016053836733792456,0.0528340219280773,0.13092602969672457,0.09677492859077855,0.18838596379164718,0.16229027777907915,0.10680733508283087,0.20542553314195441,0.15692853247247837,0.21536761645212557,0.12876062423295964,0.12425389485167931,0.3231561521780846,0.23566470544010865,0.3485126907818696,0.3261918336901046,0.34919018049136674,0.22907316100381214,0.323722958721027,0.3468383425606176,0.30141242932361173,0.3257224119464858,0.37521412955251787,0.4096301079844913,0.4180027162779134,0.41186966031929256,0.4061729450668568,0.44371491444140604,0.4941474245099743,0.46674959353395545,0.5633195851214704,0.5590168311067768,0.5748418111705746,0.5216296615600446,0.6897916216572251,0.6793961582311485,0.7397180747405432,0.6722478015912913,0.7551004310510459,0.8035544666338263,0.7700378778652733,0.8554242159000182,0.8222844086415347,0.8225602407043654,0.764211960378189,0.920291401204632,0.9007288765606214,0.7644419981350763,0.8660834728109881,0.6928793728665242,0.8384542487207238,0.7042004632051884,0.6848411055276746,0.6750257748686173,0.6766935457251186,0.6119293766840538,0.6058143242103496,0.6135485346743358,0.4635790439574685,0.4730581908920781,0.3806755022929801,0.41966326962837086,0.3727659189066218,0.32635158955327925,0.3088029575889173,0.3102227040937819,0.30939242970706504,0.3761066728287705,0.2732523314352806,0.17366424795712398,0.3284147588175931,0.23641229160940572,0.23953591711561747,0.17228547048039625,0.27293085697901137,0.27196999844621156,0.19728536076563585,0.2520098589844436,0.2523784546380388,0.21940495820040992,0.2781553383905285,0.20280199628608495,0.30907395693416456,1.0
-0.2524686750663441,-0.2749063282734462,-0.22412137752578892,-0.17398269429394236,-0.1715208496276525,-0.23253788060424938,-0.26671283583343586,-0.16938488507307867,-0.1993394044713015,-0.14223212187546702,-0.09696897953595952,0.009812626808727326,-0.05729006174286509,-0.02430103155340458,-0.02742981540971069,-0.03323604849100059,-0.044850204274314784,0.06508894302480578,0.10417308487137802,0.15563295505679794,0.06820021999496831,0.23101802624789114,0.12098776281470756,0.19654359544173677,0.21013931793237442,0.1939098931158573,0.2808690811679243,0.29067943779283933,0.3320421264922505,0.41380033934392413,0.4850755747913705,0.48035018855136496,0.48797380116722744,0.5275649867492522,0.6371357302636841,0.601766429293013,0.6835641433525985,0.7470001158971062,0.7393014189059165,0.8537917042885874,0.7985015066828359,0.8872085489018262,0.910492849733336,0.9675001688202551,1.056785195326516,1.0826808205314793,1.1185434539387022,1.2235544681816024,1.1446893298820207,1.1968215626865637,1.2427625687486419,1.185788645384993,1.184428258904847,1.1051930128122283,1.1777901323768922,1.139778569219703,1.0913250129807759,1.17390504467902,0.9898246497081155,1.0592604786718725,1.04926464584545,0.909950844468695,0.8599729365226041,0.8593166230559315,0.8101493238899843,0.7395769345329664,0.6490773390651303,0.8044332506800246,0.6910584672138773,0.6380028394766045,0.6117490818868013,0.5783823749325118,0.538099567708519,0.5351491127006005,0.4301682032737627,0.3251855294669741,0.32980728782592633,0.3629943733782713,0.4317138525952292,0.34949952811913,0.35087782442247295,0.2941678270480325,0.24918349320260344,0.2792562238623954,0.24792539840797784,0.261267703677455,0.3054237420451339,0.2408507522915168,0.23517590208436204,0.15303872491152637,0.20852804253265078,0.18365334460801214,0.16646018698015894,0.20182877620241296,0.09472788194567827,0.1196139721659174,-0.00316884107799259,-0.022175374482561693,0.03794425611393114,-0.053913006487305126,0.01622363506023175,-0.15858983738929794,-0.18705876148674727,-0.2366051280605874,-0.212770839478843,-0.2876743453604078,-0.32584108902006814,-0.26258688446868395,-0.2561527748693021,-0.3302349533986907,-0.3506921534088756,-0.370175237849407,-0.3543218854014615,-0.4285546714022182,-0.4544721204532783,-0.42106642909379643,-0.33668665395487746,-0.3759983109561829,-0.3936479804828868,-0.42333597574015336,-0.38776606627412674,-0.4060893727637232,-0.3599727278816392,-0.36330805170131997,-0.3584409687569898,-0.3306127567128978,-0.2416776256455284,-0.25782478186906466,1.0
0.18102062483986492,0.19686426696552128,0.15605292985963173,0.07012175675045079,0.10792089233530158,0.07998345576953987,0.06704997784564556,0.13535058524214869,0.059491527465933794,0.14369871609144694,0.09860155974110218,0.07085807500946902,0.10685801703514683,0.02641905142356235,0.1385387719447245,0.08523057811356896,0.11808739784423708,0.14862886740630285,0.03486558340838117,0.14324935616228662,0.14651141922737976,0.17799666465043731,0.1866202739300145,0.22077149215649947,0.15270180214112028,0.27794524046646607,0.2655592989325278,0.4101035309593468,0.3492005339966867,0.3974850423949196,0.48378082188106036,0.5210333542131116,0.5885573214814961,0.5878593332971672,0.6814939725801238,0.6359604316356383,0.7735110431235916,0.8385125814009153,0.8339873926874546,0.899635818945519,0.8913772055772823,0.9286979468079894,1.0352249366932742,1.0177203298804818,1.1816755865010984,1.1112814568899718,1.1487545067136433,1.1990993007233488,1.0872441961238988,1.143215136999089,1.2016672094698757,1.1333280813200342,1.0849965343858592,1.0509100733873564,1.0137158702168345,0.9683023257104637,0.9808714083463339,0.901003537928543,0.8723714499346014,0.7814946827400181,0.60104821071906,0.6283676740781009,0.5345933016948295,0.5500598248861823,0.35467009138061517,0.2874872431406005,0.26032746366796444,0.16495756414426738,0.11464859461642433,-0.024026637480256977,-0.007049141644451399,-0.06328154542939876,-0.1917487027626947,-0.1165109123296926,-0.14681702394014853,-0.2298841617198124,-0.24356477779832758,-0.23517332142814518,-0.2669949866793515,-0.31559145668039834,-0.24138330776752734,-0.22281209293065346,-0.25655267142927807,-0.26314366530751754,-0.20603552821933588,-0.29283084264660286,-0.20263386728234534,-0.22106054194859998,-0.1846185054732899,-0.12005387406305253,-0.028726590358553558,-0.06044832383507691,-0.014733543562588672,-0.09773302862357619,-0.01534311265668286,-0.06773111747717143,-0.024139787563596762,-0.09818051335603065,0.08396853397217068,-0.021137471511811612,0.0041216064666936905,0.047689759218211905,0.06644515170441857,0.0724617193248267,0.14345859108216674,0.11875411643402162,0.09287217223070651,0.13421369700531746,0.0935586255832733,0.09509723446597744,0.179763086578104,0.11809724172833895,0.16010447643858502,0.1766947584097438,0.2303879165470222,0.13602064003982106,0.15856085564444217,0.2025051198072199,0.12955877057548978,0.12399781369646232,0.1825936720643349,0.14695752251422278,0.1900037201839691,0.13023060722482876,0.22377644225872226,0.18244657745813186,0.13082717764980945,0.10764288491148893,0.0
0.053349937934325666,0.007697094678321616,-0.11706161009815186,-0.07083982048752147,-0.07376847970604447,-0.06913437152038478,-0.1416344240991892,-0.09110452252190054,-0.11950032104284061,-0.22339169410303247,-0.1819983443521769,-0.12167446062592817,-0.21520872539743063,-0.12235568780776601,-0.14589233161882517,-0.24313849199376153,-0.25745128728996247,-0.20766206359809952,-0.1396009828826617,-0.19918970222486262,-0.09961290525888147,-0.1360768641467989,-0.0861345603730167,-0.12537067432515883,-0.031036488138884752,-0.060903908597827044,0.030869491859516436,0.02787165360226221,0.0537250991975213,0.12749771084348827,0.14792836903667445,0.16878166305241205,0.27669147668808325,0.29414686774834786,0.343471723835111,0.3605224586053815,0.3584225901819853,0.4922697599943937,0.5223613657280013,0.5558585473733698,0.7133335893332123,0.7799054866425932,0.8127249534234259,0.8819210495056359,0.8564022318116896,0.9516405268030198,0.8884967806599103,0.9053280058052384,1.0528367178778828,1.0334840098373663,0.9605567352952471,0.9729270662818693,1.0278821558891948,0.9300754116611541,0.9858366111051047,0.9416890924290989,0.8932289657079809,0.9157432408817939,0.7361182202635411,0.6813745880728314,0.7691410049482647,0.6831318924652781,0.7575046555495957,0.5463268023691438,0.5480412294704158,0.5107744381636394,0.38249566009586644,0.40760161536495215,0.3251171709367199,0.322109665370495,0.2901238270352016,0.25735573536103024,0.28854147344014247,0.13395432722409245,0.1713108424820389,0.1962043189340112,0.0989505546053216,0.08931492943588565,0.14745359946038375,0.1504252034321194,0.23496024769946283,0.11947999549197988,0.11034047784366971,0.26142038597966877,0.2536301676575914,0.17692027288430576,0.2872082023210095,0.3729190582434074,0.3688517794358238,0.4385351096981815,0.3783464094990534,0.4129280351379114,0.42927932132355545,0.4859548996459412,0.49418813625608266,0.43520529913888834,0.4037885968495664,0.43910577936191647,0.367810521890472,0.394298213312556,0.44467921219344103,0.41078351241612865,0.3877517424779778,0.3643176474169668,0.3072129575223747,0.29107203146780836,0.34168978126778815,0.27686656541985166,0.24044600769688473,0.26506845051452255,0.22701418858844538,0.22839728649641644,0.304699432872607,0.24699301012999025,0.2464813324628231,0.20318630412114105,0.14762735244660813,0.29189056476024977,0.1770510178914097,0.11322001140782366,0.1389341661670673,0.1709772583278485,0.06540217939712935,0.10691028062480532,0.06769909397174678,0.022172667328533475,0.018713359641000894,0.02675854982068962,1.0
-0.25480190821317805,-0.2723544928545588,-0.29587038267031496,-0.3284495070982706,-0.37849939160604523,-0.4393551128757344,-0.4682530066452294,-0.5418342556044295,-0.6205517421563153,-0.4867185463557236,-0.6101842931385693,-0.6261524899210715,-0.5765069978453192,-0.622817091823918,-0.5856258451607317,-0.6244854900378037,-0.5923337274419249,-0.5583805002358188,-0.6363148814513823,-0.5448859857155226,-0.540570294855217,-0.6225891588444048,-0.42946993742883716,-0.47811122326912775,-0.451793475013042,-0.3547417170208977,-0.3875763595291089,-0.35508372407786626,-0.22123990637169286,-0.2224240904565686,-0.1109916586775093,-0.019958540630043882,-0.013254354888452708,0.07331429943908027,0.09824115272389633,0.16736268099138518,0.32191792257888413,0.3051695315519974,0.44739535881220593,0.3767801163059044,0.5428629401083211,0.6700109328990921,0.7151390850294198,0.6995786253592945,0.8781515095743384,0.9525450419412427,0.854977733237934,0.9536053321884593,1.0175217096635656,1.054360103310709,1.1528980679366692,1.0739666629041211,1.1150809466475622,1.1025890201276694,1.097751949507608,1.0981169801261146,1.1129778655164357,1.1205864864112958,0.9998352043174946,0.9875903204033591,1.06426822764,0.9931493523644886,0.9508122599403247,0.7989539434605095,0.7574276398995733,0.8391620834902281,0.8166251844659778,0.7579411253283943,0.6185710490455539,0.7201168770850587,0.5762011460169517,0.536184749614963,0.5475496561087696,0.5449748948115656,0.5636495935293834,0.46261482720325814,0.45784572788594363,0.4880832942037614,0.47042175522973817,0.4831414069876265,0.5878079794194271,0.5495076791972662,0.6028037412262082,0.5837918045509395,0.6081421220486953,0.6454815422655822,0.7292472832089488,0.6960325070161002,0.8426619311538865,0.7440271144518659,0.7499036367689025,0.7459619683079576,0.8927805496202128,0.826646471633352,0.8676123015067853,0.7959420315896713,0.7330921274731002,0.6826010304022302,0.7486121649578829,0.6109616865117697,0.735822991959833,0.5135335122627757,0.5213942564090702,0.5191896796524199,0.4560257393732652,0.5200047920682584,0.46668744808340074,0.3773869927796236,0.4026889117662971,0.26399301751815973,0.3665564880186289,0.21159919802379257,0.24514871028558524,0.21050553142670192,0.18554374338021218,0.1693638133906457,0.17162346819789698,0.02365182781332255,0.0642215361782815,0.07592126692666598,-0.02449928771726959,-0.08192921062379997,-0.06916266176146545,-0.09963768204763516,-0.16213633119192458,-0.2771489659181332,-0.29636481011878163,-0.26621741069268556,1.0
-0.00507399230892882,-0.08944156479262172,-0.029308914594199507,-0.1321576718271469,-0.16649769486851743,-0.06639025794490286,-0.201050228969618,-0.3538986867435545,-0.3372911708291257,-0.4049381582183699,-0.359302494949144,-0.39773833644084555,-0.4806261826454198,-0.4459838293145218,-0.48740021677598094,-0.4469811396994087,-0.5724384065613731,-0.5085922230570071,-0.47323301044455524,-0.4357086725859209,-0.39306056968973363,-0.4440754526065753,-0.3588052378446727,-0.32797399961323753,-0.36817770395607013,-0.3492115338238729,-0.26222072018628756,-0.22823357600590558,-0.17231772212046736,-0.15083849170358887,-0.1291082888976243,-0.05639009398739762,0.024552409475636035,0.12465370663760313,0.15318697308122123,0.20427445654243495,0.2867435700663899,0.2805714104582866,0.4295892034067493,0.5250417431669504,0.5623214457933925,0.5645185331402123,0.6051155768020815,0.7493564453900605,0.8381415102798533,0.8400033912002806,0.875463164035801,0.9404436220912721,0.9334383397866665,0.9267997458544013,1.0385470808474373,0.8892153832709205,0.921342467071164,0.9909537931939527,0.9272881093705121,0.9280391727183256,0.924001899177544,0.9749030938944606,0.8690235681124557,0.7284776775795313,0.770542594609541,0.6833860065372269,0.612629992924468,0.645397077983388,0.5157320555384388,0.5247383568620894,0.47572032839998896,0.4694275759813946,0.3324549359251397,0.30729562651522024,0.26628427853465353,0.2106547150360779,0.24111959259244786,0.1728676779802342,0.1821379208293906,0.08661151768313534,0.06289641068657527,0.07210015782937948,0.026526202461752482,0.02138418345280002,0.026185766430555917,0.10132284913199904,0.10325394422250024,0.12272303598790144,0.15005923929969223,0.1224098532289462,0.20430035312123335,0.11811280349023623,0.24306228607556513,0.22082346821128065,0.18975736932864534,0.285006772559926,0.27491597150264374,0.3590845137010371,0.30897721469360323,0.386125631803028,0.44706427164250506,0.44395130539377975,0.4486834688979831,0.45227802163708575,0.5178117560373051,0.4335375156549561,0.5458849321343793,0.5287536845477185,0.46037859407030385,0.48136348856014877,0.5009631625001205,0.5443171325233795,0.4964868454961787,0.5398619485259536,0.5398173715779342,0.44760403383670594,0.5136366163009152,0.41352495631701813,0.4968057776096845,0.5189910310981511,0.4536104652246259,0.448349979019774,0.3676320920987811,0.385223832237674,0.23809225484501173,0.24469454666955806,0.2601487799218691,0.10697815548290446,0.08701411048365862,0.022945286445977812,0.04671147640849872,-0.0385119584370537,0.0
-0.1768181820684166,-0.1498245525292192,-0.1641010628683154,-0.029306616226049353,-0.01769670419738098,-0.0392605394368424,-0.06283295772348552,-0.16156619235450148,-0.0403615234405273,-0.05624290225015266,-0.04211918816657679,0.03306403723174716,0.034314533834244175,0.08552866907054645,0.046445350893695295,0.09470544594165944,0.08794134561318581,0.21363615518791518,0.278664504269054,0.2612685409442614,0.32735535074104277,0.29798367432680334,0.3791439210926908,0.24701586416790858,0.4253048355217414,0.45157658276424195,0.49070913626556745,0.5131250003664329,0.5912872660425272,0.49983696215492296,0.6841430068419723,0.7003171476467179,0.7137048756710533,0.7988499209535722,0.7233858118339745,0.9488404860604368,0.9251882366931632,0.9243073260861758,0.98701575652701,1.0833836864733628,1.1273139642873677,1.1367757155313805,1.1872329461036657,1.183316910645477,1.2764338649688547,1.2629166821973665,1.261958643248449,1.3621631242055035,1.3385908227373673,1.3736309391430321,1.3060812327815505,1.3544438970680224,1.2861134836843722,1.2608679706019232,1.2331309980186513,1.1829618607467767,1.1946848433607904,1.1251648778346417,1.0558194644104686,1.0648801726003596,1.0114369432826578,0.9269715997090001,0.8720609734807995,0.8093781050230435,0.6809634724061522,0.6798064275093714,0.5894895725080818,0.510328148126166,0.4522185115558784,0.3371921648418363,0.3232716023800344,0.2788753287590326,0.29132471269983023,0.11947852607230397,0.16323201734175824,0.09773934341239575,-0.006216418176216237,-0.027780075047909646,-0.06933035608963964,-0.05868134029156502,-0.15234836108454816,-0.07740697844835717,-0.18903421013590022,-0.19885704862521822,-0.20574459277211335,-0.26301035052356925,-0.2834652940385197,-0.3240383513641649,-0.3179008110558481,-0.2477920283884514,-0.30265779030202106,-0.3863899466193941,-0.3145414262628522,-0.4180513569314739,-0.3426172714151449,-0.3920254681068835,-0.41874483436825694,-0.42848496884963083,-0.39639928063487384,-0.49212669242295826,-0.3897466085020194,-0.4652711502987172,-0.3814176714377989,-0.3306066828615733,-0.4183512745134803,-0.33252205065837315,-0.3711441990380922,-0.40403914469885704,-0.40122516718563367,-0.37151422379718785,-0.4325806600523354,-0.3542977550111949,-0.34474069738322305,-0.31367351513382336,-0.32182964529074803,-0.2562136092178605,-0.30693949380930313,-0.3728244410410895,-0.2745923014554757,-0.30373911704133233,-0.2218323563488849,-0.24780847689531388,-0.17853671241463387,-0.22289118332736027,-0.24101536600170426,-0.1954168551089697,-0.16559129290070984,-0.10447482477539309,0.0
-0.12213445273088828,-0.10193048589021791,-0.05531550829877696,-0.02182331477690983,-0.0017914391891136992,0.031632790196065415,0.04002650260675039,0.1365109528248173,0.17372719257346386,0.1717190007559833,0.1843763508073119,0.14295114086555746,0.16911033547709525,0.22331356611978534,0.19532015017539897,0.3002747564574321,0.2890190788759753,0.2331542205572134,0.2824023082619267,0.3110207858018641,0.3430540249655103,0.44466360184678394,0.3747349867419562,0.45873713076887757,0.46522605241428905,0.45314863450925347,0.5540080435941467,0.4885951194970136,0.5999149154160949,0.5510151380549012,0.6169308619333578,0.7146242412304773,0.6629010967071903,0.7286296318039405,0.7936934158517903,0.8764891304496181,0.8898463846832596,0.8914674430929895,0.8367018939590907,0.8667101993259322,0.980748630238423,1.0008445030629165,1.0538997480933727,1.039169956123291,1.0455101991351579,1.0824839746207426,1.1179257996166345,1.1128913411865593,1.105628973167208,1.1464033106235707,1.1529096834360315,1.1250777731868176,1.1200412873015824,1.0129563611472232,1.0593578002786532,1.1041362401575978,0.9785755607004543,1.0143283517806139,1.0254861811087017,0.8629720905083387,0.8782316902716046,0.8469558873036844,0.8043446629273511,0.7309170905961841,0.6192533157989071,0.6346558629427372,0.5625857620164554,0.5368044763544968,0.47443681125522275,0.49217567752303454,0.3306838950270262,0.35785121404453946,0.4377756477534445,0.3097797252892336,0.2479353102718473,0.3311590160042251,0.19678233858771943,0.17524309496557647,0.17778617388844228,0.16071901665959565,0.20776643590446062,0.19899402273741745,0.10874960710780365,0.13267263977906837,0.09377159319980269,0.07930972664607383,0.20627430864633123,0.17801673181517963,0.13676649196846521,0.15432684578360323,0.1124335691499306,0.06648757335293401,0.07132276451420727,0.0845253394357085,-0.017908315799835366,-0.03032090943082118,-0.10210098360066402,-0.10431144425765673,-0.12067180874294131,-0.11201436213753736,-0.25490757664684904,-0.24924263553142978,-0.2804677489852293,-0.22478658448002645,-0.3830453181193636,-0.38061453004663676,-0.379361150558613,-0.3861830905009527,-0.3901543232239408,-0.44763005836455383,-0.33717945182951226,-0.4091852100458871,-0.4276646407659063,-0.37631897483224075,-0.3654732992585543,-0.4256408042791226,-0.35996109781036695,-0.3767988375801113,-0.3004621431967737,-0.3271791874541964,-0.23818863442906768,-0.2561812983765882,-0.2778823878139531,-0.2138468012416161,-0.163213468170953,-0.15284313752773193,-0.12913773990460625,-0.1477183722506549,1.0
0.0284644541593599,0.02219903708707255,0.030600765831634166,-0.00677221345884306,0.04753000535344546,0.138547420944743,0.12348302121400126,0.15737349342950832,0.23805164026279868,0.2448772572705728,0.19617519032944858,0.2911898647040834,0.24943689633026286,0.15534891698296843,0.2583857885712235,0.2697026984995077,0.4157304723979721,0.35121546925975533,0.41863348098171865,0.41095629593104593,0.501383884657505,0.4981006219747108,0.530333790669869,0.5837769374514582,0.6860300275602176,0.7866471636463435,0.7189659427726982,0.7737632946012968,0.7433589144881168,0.8550676500906479,0.8657758284124852,0.9739589296746097,0.9916568726769799,1.0343471167974954,1.0673236877668686,1.0887112764280702,1.1003472634110494,1.1733826269537175,1.2455917670411238,1.2658710978163523,1.3733240949763392,1.3429464288898547,1.4060082328978938,1.3225621630185598,1.4238019195617255,1.440665086727709,1.3866937926482623,1.388929006629023,1.4181154820797153,1.3958596004592028,1.4097570595238302,1.3782785339229138,1.3737050213127462,1.3057122987631542,1.2826143144938325,1.1656568398674014,1.1563333932281699,1.0572558088689419,0.979250703102549,0.8559502414070046,0.9174266960109562,0.7716076518598801,0.6588022111207021,0.6194683028398406,0.5906233245040239,0.44170497141866777,0.4699140323167536,0.33456032754933035,0.24733079692882748,0.15615877723223387,0.08846577188848856,0.10979530662344385,0.01924687152676418,-0.03254484510159255,-0.15111463762598076,-0.11764161970829007,-0.27897459807738934,-0.31460209828527425,-0.410069378688622,-0.3990669632045711,-0.3893801108596619,-0.5163025282479644,-0.4660585417435346,-0.4832537739350143,-0.48701411454728183,-0.555866324573112,-0.5737162055917882,-0.544404891098689,-0.6379630108672609,-0.6014191497884753,-0.5998915902621248,-0.638271864330554,-0.5581352364218147,-0.5391049640345436,-0.6088454995761591,-0.689483194207756,-0.6029951662669012,-0.5844270293113849,-0.6545593171894424,-0.566556214240839,-0.5648429750805879,-0.5600338625980683,-0.527504054716576,-0.4837417306504571,-0.5291228461218161,-0.565000606999277,-0.48866048320162736,-0.4328870998249102,-0.40662986899180337,-0.4638094466320398,-0.38899600964337916,-0.427091964681742,-0.40628159248707746,-0.3165670030375906,-0.34365527892582187,-0.42031559720570105,-0.30279066540754873,-0.19532560234139298,-0.25131285803992126,-0.17119986315256935,-0.12518827112241732,-0.15683676076356703,-0.20925707760903886,-0.12557163304018554,-0.11506617144352119,-0.12261175529918793,-0.07208933560795934,-0.036662340359265896,0.0
-0.15875151723555944,-0.2989944776412642,-0.33167760580577554,-0.2569173484913326,-0.3100449412938645,-0.3526744232313661,-0.38639352649985537,-0.4188284805291282,-0.4221715390552243,-0.3988342139434976,-0.49642701847318293,-0.5165316575314428,-0.49454082683161027,-0.4755079981659642,-0.4912319966290778,-0.5757478200795962,-0.549018526195698,-0.6076086245190089,-0.5563861400776341,-0.5084798979084578,-0.511003117156659,-0.5172006649384694,-0.4374857015462225,-0.4452660358301774,-0.4526638114314344,-0.4313030265690322,-0.3903557639846542,-0.33893804584980847,-0.2800511566366937,-0.23201712878241534,-0.1927613033653935,-0.13167322142408747,-0.068609264175502,0.0704045961236848,0.06519076693988758,0.11711982477745572,0.14195407471896326,0.24673715069989655,0.3396472615847064,0.3981579383335913,0.45714963677424264,0.4600095519250016,0.5719365167195779,0.6255496685550129,0.6546362141922059,0.7397897991986354,0.8836105139104968,0.7825052996851161,0.8805933881451912,0.8412648253197765,0.8886388289858091,0.9444753536401075,0.9865730090693259,1.0205699234372136,1.0090593073883645,1.0122560691929177,0.9574860557344681,0.9093291627285547,0.9705690414754953,0.8898492529293598,0.8806755345567608,0.8488492805437192,0.836544078659527,0.7533812631198524,0.7414244340363224,0.7113007617238507,0.7581132836949085,0.6222240158831528,0.631280471872477,0.5606202013358548,0.5731159980358963,0.4617768419887379,0.49358738489000525,0.4266950898698819,0.4365556618839834,0.41770542099180985,0.5023523738307023,0.37918142473416017,0.46730892273244684,0.4854246817820966,0.48651239844449057,0.539484169737189,0.5251853229551643,0.6288569334484082,0.6143788020045665,0.6395843323515565,0.7086260227354877,0.7775262376343535,0.7032837740379553,0.7402400661685037,0.8455941373638328,0.8589902065902317,0.8660704500130083,0.8632409835158857,0.8503200962636814,0.850770689790406,0.8858273283344015,0.8114262138948937,0.7595977032199057,0.7588624619831619,0.6895377952326254,0.7080055463578651,0.6042862653810163,0.6339389346351518,0.6058170474680209,0.531966707711263,0.4803036222573312,0.602015156756862,0.49036303683323174,0.44956630947227255,0.3735247798788627,0.3891312265804485,0.3276456129301742,0.2937348949964605,0.2905660112395903,0.1688258032450089,0.19538822284915403,0.2078966727289902,0.11743266722554564,0.12162227961208966,0.11449393758649376,0.05458677075459802,0.08301638085324414,-0.10557131130000026,-0.13190421471510816,-0.10259708473492704,-0.1717503793775578,-0.1452510486618941,1.0
0.2512538467279152,0.15679884213958312,0.17249235664382584,0.06399421466577473,-0.02906560679997507,-0.06487269830636518,-0.09987090849255321,-0.130518060096147,-0.13027658389759245,-0.250873600509025,-0.20908740704224169,-0.3585583622849954,-0.2535568828579059,-0.3920839055988359,-0.21251231006846502,-0.445206595097655,-0.4270692960857253,-0.37914114679380906,-0.4735699656863681,-0.47585403387018965,-0.48638380672126996,-0.45343501266948255,-0.45611559973900384,-0.464600033452335,-0.4646268159759693,-0.5085239602389517,-0.4507565157890019,-0.438569993978695,-0.38419569216422333,-0.3243091991465145,-0.367996937924745,-0.2967255696071653,-0.30283164627641834,-0.15590882120461155,-0.11045014742750894,0.04362710479413229,-0.06576744129839046,-0.053953327374471366,0.03540397671286623,0.07934703914888082,0.1498884941937026,0.2906383929775791,0.2573280923781298,0.3727222845056664,0.43091354331662446,0.4013228837739698,0.4532671888335974,0.4864364701490354,0.5962481996269855,0.5334164259488066,0.5763086662389599,0.5539851947337633,0.5681112402479521,0.5753668395953448,0.5690598306523402,0.5627995707011458,0.5899135897808674,0.5646636132396923,0.44024918504459654,0.5291134748145542,0.44024577650482577,0.3946990122063302,0.4416906231604346,0.43472243010757555,0.3678534835057425,0.3850690949428515,0.29803692769673706,0.2781689657413288,0.2782070547100134,0.20847796567702823,0.11242421693449799,0.19945368366894164,0.15878331008213944,0.030970162240417362,0.10783397614393371,0.0892620060441262,0.10283347492341371,0.027871980638602765,0.06143200103427184,0.018627223788205916,0.06031025108274137,0.07161722528056749,0.11063556392009302,0.13982853908019985,0.04322955581511173,0.005812599500488916,0.14807330287529333,0.14273440419910194,0.18327204313208645,0.2543394684959723,0.23375661378570248,0.2586933401819555,0.2345396204813974,0.28104431980467176,0.40428660709637715,0.3901486246492887,0.45878708363548487,0.4824515229368122,0.5407278459891133,0.5261197388987451,0.5411335911631557,0.49974037844175323,0.5717580960487193,0.6955808413371354,0.7119352471180985,0.7181061598816048,0.7695571963036392,0.7523661659485982,0.8829239530993753,0.7863758268908202,0.7113257373145624,0.8065681289388695,0.7704858614110941,0.7223292327788926,0.766457244528025,0.6995185502684694,0.6038022461100425,0.7148348343791762,0.6008352406070002,0.5027734341429068,0.5153322326514878,0.446790530909331,0.44581882810824225,0.4232696451778323,0.32811251841458966,0.2820957781230901,0.31985091555344514,0.25306112361830024,0.0
0.1176965855033423,0.0945874378910359,0.23040593244360308,0.1392661720277904,0.19669372115413464,0.11022885124390618,0.1543046049755491,0.20483215585385242,0.3254235578606639,0.27716689495565366,0.31315097475977216,0.4022091343687441,0.3877486795135507,0.36810727185019776,0.378775357930297,0.36187693314095937,0.4665351756111796,0.40129257496973353,0.4426884147405297,0.40008061317968985,0.46723046626643744,0.499406500456278,0.43514270394344484,0.39045746359382044,0.477960247219062,0.5564473055260825,0.48794198822888407,0.5426623499913135,0.481215009524444,0.4963677540333783,0.6347892683916668,0.5588302684780407,0.6055782637822588,0.587740350736152,0.6437208307175815,0.7070599750196873,0.6857829449867392,0.7100611585663544,0.7587627395996144,0.8074992709905271,0.8495208937354873,0.8653947197670178,0.892364429766674,0.8469025718675405,0.860672451766222,0.8788644671915932,0.8972723983392755,0.8946567849480412,0.8926561964851218,0.9706295763620616,0.950926794362717,0.9298737332955137,0.8796551488241309,0.8819817361673179,0.8105910733386487,0.8310072393764927,0.8446839123391594,0.7672430699011108,0.8087106877358228,0.7183652084429235,0.5950385700224102,0.5670167697900937,0.6119588235821536,0.5581043298931245,0.4995332629487375,0.38563729033316324,0.3263169654279229,0.24266401581750363,0.24561652798914724,0.252448908057078,0.17280928825006603,0.15354360656190214,0.21754688356435214,0.13786184860235198,0.08815990930640473,0.06573730485112701,0.06450114512961774,0.026618424327151488,-0.09309915004716011,-0.014555438924365834,-0.06762394496910747,0.03687898198719085,-0.15541667364387268,-0.08072821958279763,-0.03458601636023968,-0.1338395060314662,-0.0545697420324327,-0.127544665926819,-0.07115321473671814,-0.12104227279407043,0.008694491954242017,-0.15736639662949425,-0.05032705204674908,-0.17944208997444483,-0.13979427317303056,-0.14552632635654322,-0.19954692357338424,-0.12181232786783458,-0.2296166616632982,-0.26505581435546804,-0.19080825107606408,-0.24242632686298887,-0.27148622302705844,-0.19126787645397952,-0.24644496907917846,-0.21496050483459783,-0.17522824387355482,-0.2296129267799199,-0.2747386294932769,-0.21394163418397796,-0.2891638299776284,-0.26541622254497416,-0.1906401916842174,-0.10894347264432677,-0.15767188415451594,-0.2253873802087559,-0.1411663952140435,-0.10619966520049487,-0.13043073409682798,-0.07984184655628711,-0.13957179286887264,0.05024658346329997,-0.0445838447352745,-0.0208747050458374,0.09430956944732233,0.07782761920451717,-0.02786818289757792,0.14090799250164443,0.0
0.08763218955675144,0.1063001816234913,0.13290040883402804,0.1082928304418212,0.20106127295207196,0.09974600855935851,0.16386269985973917,0.24701528924228133,0.23888616892673975,0.2730655761691118,0.3272954224695534,0.28658953774604995,0.32166559287070706,0.3265251530254866,0.34617391710880796,0.3295483186076304,0.4146626903695059,0.3789468528307156,0.45392472498079245,0.4029456130012814,0.4833428959624631,0.4484002160869126,0.41306885010972716,0.5226757672696198,0.48850625053535257,0.5131589655312334,0.5433523765956139,0.5933182521099257,0.5763566545326076,0.5930184494768564,0.6451737920566764,0.6816305707358793,0.6839392609886006,0.7063843583155347,0.6338178709944351,0.7860845726618576,0.7442375399589108,0.8785776332788903,0.8152441951931662,0.8425200810375016,0.888388940259082,0.8855533335446062,0.9114160997770815,0.9288453439529817,1.0177577095704702,1.002282177007475,0.9821232677216857,1.0004404522744408,1.0017640505459717,1.0402348217169204,0.9794323285251765,0.9657028619241139,1.0205197855877504,0.9506266446078065,0.8601160421923122,0.8578816352900264,0.8703891507239171,0.7891446161708761,0.6882884000856362,0.7294204509106497,0.6718794933059001,0.6201494774552434,0.5791783556935352,0.5171965766689355,0.4871668087572253,0.4917518440493943,0.2950539275374574,0.3663488737671408,0.3040227917734483,0.20575230763922814,0.13823330712796428,0.12764465431574146,0.09405667221772819,0.10263539629481493,0.025340352455438968,0.026134961198623047,0.026500163431239225,0.009362603590143105,0.06140541385820541,0.07530885660925983,-0.0209180619014322,0.01618270302016442,0.05774712602424379,0.1378387234222567,0.08266777826403596,0.184116261503184,0.13843197935638651,0.17583840356556105,0.20523738367683114,0.3274821030444558,0.15830429456186118,0.19834156765979027,0.20501711465371625,0.08541794871352032,0.14053144082728908,0.1077351482991931,0.07421075165247693,0.17822601098863444,0.04806485611947784,-0.05401936658155632,-0.04145650353226857,-0.018536870500860017,-0.03926843359808863,-0.20430501914114677,-0.12174417575522087,-0.1810655986890404,-0.20970854789009352,-0.18369680330068602,-0.11298630780950272,-0.1664156149675288,-0.2448674555558351,-0.17718250563019733,-0.20636255105745402,-0.30686082731148523,-0.14565426673172857,-0.16434295420353698,-0.11813557901372486,-0.12636352769818116,-0.14553547221221663,0.010557967326199888,-0.02144576038899646,-0.009660303355517041,-0.05721904135457706,0.15781278437195656,0.08183928481777819,0.09741682322161707,0.021911042870447622,0.1756689285087228,1.0
-0.14611524658143776,-0.08748469335170489,-0.2005619818208257,-0.20015814870373294,-0.2289118015993138,-0.24872915859006184,-0.1500348363642122,-0.24939603709757024,-0.24699740351452043,-0.1847647332882502,-0.1524278930823833,-0.2932780605823074,-0.27121077711985286,-0.2845554283177792,-0.29522115372952906,-0.21330854305302455,-0.193559115920795,-0.29092728693954534,-0.2788395406398363,-0.20265742799459535,-0.1522158543688798,-0.1958199426040196,-0.128563096746988,-0.21774144662044675,-0.17941811169699645,-0.1564131315055069,-0.08269555235086928,-0.04571118762053536,-0.05363495765700718,-0.0432389610957194,0.14191554248612176,0.16327293184769318,0.1693104897554119,0.20174780907586698,0.34718153909219795,0.2980978595675048,0.3935968442290094,0.40145243470383596,0.4293877517184687,0.5652571816532359,0.64519578946585,0.6939090414297836,0.6898411808715156,0.7578551381131391,0.7316158891314096,0.8234423672396122,0.8131967580514389,0.9306150120150184,0.8929659464339575,0.941125310360343,0.932492236320456,0.9695239110336907,0.9727383008121461,0.9507310557596229,0.9629670819806105,0.9233472645630949,1.0501651921583917,0.9210564754027645,0.9531683333967929,0.812896702479164,0.850244380721321,0.685269305347987,0.8111883929416599,0.6471753203954231,0.6947776296770874,0.6594662555365672,0.5709294575672386,0.6579579502329491,0.5306655165263199,0.5156112883527751,0.4409659484231125,0.4528068991110193,0.40636511449548895,0.36537586814286394,0.3451153247196273,0.3118175521792034,0.20663475130167955,0.2734999783040475,0.36013755473976844,0.34535630504903175,0.16166139297515247,0.23559331004046702,0.19245521426751566,0.1842661406251801,0.15021740694882596,0.18583817746582137,0.19718686814594052,0.10428223406205574,0.22161511087773833,0.2056763792749983,0.197820286238036,0.19445294342464467,0.21274026333339702,0.09989602639124838,0.2680778350399379,0.15835596710224448,0.14674809973493047,0.12875636494106385,0.11266014059687854,0.13156796582817248,0.12806412798753686,0.13272887176994025,0.20751580383699564,0.10483282625952844,0.14918703749878626,0.12162186962618561,0.08562181678389807,0.17188726627982942,0.17383743577793476,0.06583749523631319,0.06807350969304846,0.0861549048753821,0.11754145760669686,0.10400647968192207,0.10585342272968858,0.055607726435329755,0.08859762592242579,0.0590566647887334,0.027151161384144758,0.03500418851586482,-0.05179914504459552,0.023478424875838372,0.01795354275998807,-0.05194129450476746,-0.05955123694544608,-0.0984389439479417,-0.06205275241747343,-0.0899593755666038,0.0
0.28739999532497706,0.29948006486643525,0.28722775120581917,0.3006987990445645,0.32257270359253276,0.18209245649398864,0.2722965285755674,0.27788608843877927,0.19610433561549795,0.1930858394961592,0.20079720942953094,0.2714246877832118,0.18821775076995947,0.21521846961756225,0.17613751436318514,0.15532136782420627,0.15155350032645465,0.09634278575491965,0.09332777169747605,0.1204075330149074,0.12935530189110445,0.06342440380456775,0.08452848936780896,0.08280296172360099,0.04511822429784469,0.0840133835216236,0.09869077553411838,0.060749772631508624,0.1197352583435535,0.10551634269747213,0.1694194512264082,0.13949543362181135,0.06688277733608751,0.15952943972298406,0.15967660241556123,0.22777222205415446,0.2184368630710644,0.32692718006923616,0.2427392629432464,0.35560496431572297,0.34052923334559565,0.2846000999414663,0.32683105650599636,0.41919025441445396,0.3458013394939832,0.5171843121861391,0.42985742182998565,0.48208827297675333,0.5591285336062939,0.46093390936325557,0.5383655617859425,0.48287193048048155,0.5433805305247175,0.5304289415553335,0.5252844302053936,0.5024630862033149,0.5051421611267786,0.404108013018812,0.3586213259378171,0.30719488160952146,0.33948273451084143,0.33630545813868024,0.3228500214352784,0.22650083073484278,0.11477639326695961,0.18578198257794543,0.16169070040153072,0.07253382400545516,0.0953473713771058,0.10924199031461417,0.12481851706697814,0.03370397236298181,0.03380536755196248,0.02229078578757572,0.04829637311698241,0.010887961063990953,0.06415319675847302,0.04900734315521183,0.1534176560117232,0.14727860396494188,0.04382262296613178,0.18840409755089685,0.27317125111768303,0.2119508573492952,0.2558235275727103,0.2913766167098125,0.3378517557201366,0.4370021083253873,0.4072274847416357,0.45030589594714077,0.5358449563315594,0.553514451033975,0.5937980237663814,0.6428441012414003,0.4869586142246346,0.5648103705450502,0.5326399179545939,0.6060774218441037,0.5143680445952205,0.526194233845055,0.5637245433468928,0.4246154847097168,0.4332932079379206,0.5053779236506694,0.46742753932125924,0.437317373313261,0.43135983770666203,0.4012662151866099,0.47120771126599653,0.4222790561981157,0.43402949027860466,0.4657092373576402,0.44600837790849407,0.4740663342698647,0.3014893075690391,0.35555511454095046,0.3939918842222727,0.38420189264109744,0.3965346005693651,0.41970345141154547,0.432120940335005,0.41778122878800616,0.45277364613869825,0.38052776148452405,0.3472473653506858,0.38128647763218726,0.28232081142763776,0.3883264312800513,1.0
-0.041942514711834356,-0.05003024581500246,-0.016643580632242236,-0.11519951917221002,-0.10765679800111372,-0.12423491227451663,0.02586749125709968,-0.11964875203204992,-0.045696565893227334,-0.03181211595451859,-0.05687077551639988,-0.06082307887129222,-0.17617830513075375,-0.15106069463097607,-0.015379318279277868,0.006197627156843508,-0.008685507785938473,-0.038717298732995925,-0.036311327846994174,-0.04629670305671264,0.14553741121769057,0.04320814497032979,0.10056216459789286,0.10047870719469726,0.18064622130919203,0.2180645888765577,0.25328736584098577,0.3334782024756642,0.4959685393182889,0.3949812337089066,0.48192701253662773,0.5876408459488188,0.5683037425974762,0.6742887569047337,0.7268658010368736,0.7129094671014338,0.8676329911784865,0.9216539591392543,0.9259509024682552,0.9334906725552979,1.0435847508646758,1.048436139632664,1.122645860861633,1.1834329461227655,1.1861694969363161,1.2146726322732708,1.1979565046546483,1.1674901889830684,1.290553578286414,1.2716504562059365,1.3025610334868507,1.2757040303117873,1.2554610889415847,1.2015679159164074,1.1615644374144374,1.1764114019708605,1.1212961625974167,1.1116828518084576,1.031143858288793,0.8291199727155614,0.8016552003920306,0.882969455146768,0.7652350782653852,0.7517561556299561,0.6235571449381256,0.5320004621369447,0.4744200327143744,0.400269726199016,0.33000581446278876,0.23510934345902745,0.226209543660367,0.10704246023558511,0.13034805774241015,0.03125747881996417,-0.09685342189762144,0.0057512737721441415,-0.14904194583648628,-0.20496561720110792,-0.19170648016751785,-0.2613453305201831,-0.25248052770244034,-0.2653166561260098,-0.3685229837503783,-0.38479337003650793,-0.44705931503179935,-0.3379883220963188,-0.3983728929335291,-0.4630554057811919,-0.48109966205951055,-0.523006176569732,-0.46216477668412687,-0.47410267367791625,-0.446839660755397,-0.4109276566423955,-0.46993648339219357,-0.47347529807283867,-0.36656945699523413,-0.4115370177690759,-0.3680644638999421,-0.3570485362317695,-0.3065917026582291,-0.16910081843617836,-0.17357439238449157,-0.1694574413227687,-0.2160257310790715,-0.17202139241916917,-0.08850922705071115,-0.11736809641895386,-0.05048050338163308,-0.13542689105031047,-0.08793408595154731,-0.06294547883603101,-0.06906733494950701,-0.0889975937330433,-0.10838806916782073,0.013141498708529667,-0.13422935927277785,-0.08121780570221258,0.07728221161318857,-0.018944625796843004,-0.0626160741504059,0.028352580289118398,-0.05299311272260257,-0.01861947709957265,-0.050895515449351995,-0.09660504725917458,0.028354063292748824,-0.06804042791496699,0.0
0.45641608027901676,0.44958212913632245,0.44496367577243423,0.47411713843045683,0.3631949597297608,0.4755831487938909,0.4709386979270072,0.45112989171070944,0.45973914897222706,0.44916997512518225,0.44387115057929316,0.42268757339233504,0.39597520684710674,0.37585956802218934,0.3656784775429094,0.30141446870175204,0.3658325306197126,0.23428865255874054,0.24516527652091677,0.21537639341626802,0.21464384436559658,0.21118878141628364,0.152627077923893,0.147423660188407,0.15495261440662772,0.06513138351915526,0.09882216782247198,0.06903670035324111,0.030563689226232132,0.03648438781463217,-0.050637666654160085,0.07346178169092532,0.029007011197182003,0.00914972082149387,0.06146901689136086,-0.04641595268436618,-8.904101482483297e-05,0.06807063266914477,0.01144468237121451,0.007123849201094941,-0.01732970749542751,0.011887527102567467,0.04652180864293846,0.03186439947673242,0.054279930805422955,0.05489907939822737,0.022746394849711526,0.19816415912325255,0.14671916016349285,0.12955744913321274,0.16692615419467446,0.1364337778931067,0.11740799017976103,0.14803393162015147,0.16844459904835654,0.13123169908389354,0.11445010114924256,0.2508898598365977,0.19196714811887927,0.2303345517249194,0.2352710946093864,0.23131728286377243,0.1961202869527234,0.1016141199463111,0.1496918145709967,0.1126672911840554,0.15408840397499463,0.1466196559868337,0.19226552852336004,0.14562792630590418,0.10183889488273742,0.19596202497184348,0.15488302396964343,0.30178080610188535,0.2102508386695972,0.24200167985681428,0.216285124331753,0.3107273041368352,0.39794829843974994,0.2817112280292127,0.3338448822206803,0.35439372883433984,0.3128252451322858,0.34518919468809284,0.34456462420692696,0.33676833107108983,0.34497119880545074,0.3076501409035841,0.3399905521662446,0.3562853548374959,0.37022482370512366,0.32830577828962265,0.2831010122245766,0.2548358985906043,0.31532778889446156,0.24835573303535885,0.31380750800924745,0.2907940592997995,0.2785636574809013,0.2864272671727586,0.39276490248997475,0.2742587284559049,0.27486093600446926,0.2835416874356574,0.2584565730663875,0.31872780371049214,0.2582902851927792,0.3092108522552523,0.32152499950380187,0.31638161582557195,0.25216377067812085,0.2375981633771739,0.24982823203582014,0.24131855889106368,0.3267765290594686,0.36524366754411636,0.3144345911261262,0.3581630595534211,0.3473927323656736,0.3405100917105044,0.36298995663057393,0.3327678846798501,0.27359295590952565,0.3462434458525696,0.3538973594500107,0.5002733701201751,0.48569361078372675,0.4513271992673007,0.0
0.1298479889097727,0.17291174865991904,0.12197272666416127,0.06578924775335343,0.1435827128860121,0.08030707553491265,0.1611916216996889,0.08722253511902817,0.20713338797706374,0.12320161421323697,0.04738617213619237,-0.019530666530270843,0.06592371273961387,0.030516520945646414,0.10314251091693989,0.09353425207380463,0.16907978555470407,0.22168152206740568,0.0775338330589114,0.15787925579846257,0.1654981054015064,0.08761187923037733,0.11678802133892113,0.16032704772382356,0.13528621841602076,0.1469870704614547,0.21331247399682235,0.2792784142418081,0.20302981633990064,0.3192844558484298,0.26108886472808446,0.41407153626786936,0.3767466748048989,0.32892206361058923,0.479194500451073,0.49729531216150363,0.5409083128710657,0.4959725996894235,0.5488905137474349,0.5229644670443292,0.6073127544410304,0.6941351720427379,0.7089321319770799,0.6816948189373815,0.754617386168327,0.812000524333676,0.7111118358279288,0.7958153980319569,0.857456037255653,0.8480857528885459,0.8300153942119116,0.8297555591556505,0.9034384024183167,0.8326262291321089,0.7725272015112429,0.8494407461281576,0.7515294845648756,0.7200597520010502,0.62582496515205,0.6314487157032473,0.5620584086664303,0.5752107084558137,0.5480961240571047,0.4926077997985306,0.4389480918294792,0.4031074577952224,0.3426326931011472,0.30926141763468923,0.20713112929026983,0.15958597816583608,0.11203459731143153,0.1470216691516358,0.13014355180808493,0.06973313708679553,0.017119710680449193,0.0563815921497628,0.07066993410634419,0.002666780843016095,0.07563479564689143,-0.00035172041959460193,0.0626876397086741,0.06633453249376413,0.06680003422550183,0.15595173010042407,0.07830095464148694,0.10372361764656791,0.09025528891362171,0.18508597028712498,0.1389825046549984,0.20125549141381474,0.20950439553015585,0.17703660432180113,0.17115909131797655,0.18721559955531977,0.2000947911976054,0.1605595183136645,0.2227112361258976,0.13189593595126492,0.1595509365420184,0.24078839835461258,0.19630210144092755,0.13856667808535908,0.12411877944595132,0.15291403664744554,0.1532733957373074,0.11712294641063643,0.163213113763696,0.1945536820380252,0.13099295699425012,0.08138863696627428,0.11385526398210011,0.11038668539330672,0.024237757027524745,0.125790908722951,0.06247043243398394,0.08786274673121544,0.0920409656040915,0.07762807016034598,0.08051249062672741,0.09715046945423436,0.12853704207243735,0.177498363598026,0.15429027305762272,0.07953921729098834,0.1094108117208244,0.20462111859179274,0.1467597216057759,0.2004637599131404,1.0
0.02181397668134237,0.10031086040656846,0.09961000674810404,0.09890882376684057,0.1165178369146447,-0.06472861404028957,0.03393949638733512,-0.009681339297708707,-0.046246119329298126,-0.025827938737230917,-0.1157074005935244,0.025140597781877078,-0.026906749675078983,-0.007826624727737527,0.03405137944904331,0.040554171161792774,-0.0182721305091328,0.004860806825015468,0.00045486712483427255,0.14507630580031733,0.07009221183048966,0.20858399661902205,0.14033429383469942,0.18969868721120986,0.2584843245994818,0.21293212644224926,0.30481420670421194,0.34292833301745446,0.502103578448322,0.4855662825094389,0.5294253153984538,0.6413366323212184,0.6503038386571165,0.7542037891157816,0.8428606920694164,0.7756897984133879,0.9218386219993625,0.9806061353149855,1.0730749090202003,1.079489969479481,1.1511653440074374,1.2437136295046272,1.227139827678798,1.3155337560802594,1.2952404161091622,1.2869780694648734,1.2876489914267781,1.3781258073298357,1.339236831071071,1.3458742303497657,1.3159803662379395,1.3103784147159487,1.235956537856902,1.2103826313194135,1.135631821499847,1.18648810308867,1.0620856309461097,1.0060603267541859,0.9864009019772123,0.8256221073043887,0.7379413487006544,0.6360564113760989,0.5205725782597739,0.5457067804709547,0.391200806808241,0.35540778975440085,0.19477048091410665,0.09431442287039235,0.004764553942800842,-0.015122436156066028,-0.024849513154821687,-0.12741369795821839,-0.25166792610254723,-0.24170171542318417,-0.3103887543769785,-0.3426059779381572,-0.4431746230975774,-0.4746665762735156,-0.3687430233842427,-0.43772693326461976,-0.4944100510746092,-0.4774117957193596,-0.4082619470394899,-0.568876683067219,-0.5280098270940418,-0.4834514167692649,-0.4258291285744129,-0.4038908666519477,-0.39200802420790026,-0.37089547722415706,-0.2866820171941197,-0.2905670896482341,-0.2404611692187449,-0.21596363831986637,-0.23245891503449953,-0.11193134806352482,-0.0811851873043138,-0.11767016680253758,-0.10889035936310981,-0.08227770382730365,-0.009313145679175648,0.01961644241213064,0.05333027657039627,7.439548802348761e-06,0.10662574118230264,0.0844167705495126,0.1778381818504709,0.15774242369932173,0.09291413672411637,0.24515380674459716,0.16652937431260303,0.1779444373087054,0.2836072153793433,0.16393399866268693,0.19644313028841248,0.23558124417519427,0.2353015588959975,0.15562202798009972,0.15757703097043357,0.21539205130213038,0.21197772035810686,0.1547707783618175,0.16547212180670812,0.13801820558831973,0.10857183796331715,0.20148779347407167,0.10038933242382991,0.06908196178452625,0.0
-0.06278612757544354,0.04944027493890125,0.03289756468804503,0.07504366195744855,0.026327833505630095,0.0640760458651023,0.07658638459210354,0.09565586351605115,0.21284085262210778,0.1620534514733954,0.20235042775316003,0.16145174596849204,0.31525579240735857,0.2002989945119782,0.3158283377630249,0.27881858040474905,0.35276374527378423,0.3844941130423041,0.4066919164047584,0.3816332350129126,0.42492784037541115,0.4473998840307804,0.49828355929133045,0.5340290928721604,0.5229791130935166,0.4655311738774764,0.5051932070359132,0.5429868330102179,0.6008199658984343,0.6709191132571892,0.7354295456496083,0.6095052366211267,0.8042234173213583,0.7547717244696728,0.7399605274794806,0.7924748809535587,0.8437952763677424,0.9264139928803377,0.9476220339649007,1.040922891327875,0.9672368528690459,1.130553781626753,1.0863939373328977,1.0226993930209098,1.1166948595336774,1.0233267226937353,1.0705907943080883,1.1240030552360938,1.1132778958243366,1.113848390892696,1.102575787316289,1.0502275253673259,1.0543506907310733,0.9948832835762966,1.015950540271134,1.0490527186092946,0.9961501923629703,0.9220854909056343,0.9612961484804364,0.8402236516130779,0.8393314025674746,0.777446428475093,0.7735715430694853,0.6122114495693789,0.6654219142449074,0.6486509997209283,0.5099892614265797,0.42724413531408884,0.4559409477765959,0.389476891453119,0.43212470508293954,0.3029466813236189,0.25184387045994694,0.1356845884523048,0.10955550850292545,0.0404912603585922,0.006580684571756819,0.018299298599768928,-0.08164652944986295,-0.022601677648999667,-0.10578420034204493,-0.1691601963955709,-0.15055281773564586,-0.22831449267284207,-0.21093514044338763,-0.20632596892955657,-0.24131157923787822,-0.3211353392919483,-0.32855047195997095,-0.36423456516063846,-0.4050498345002363,-0.4780881737902442,-0.4657951283699985,-0.5392155398620316,-0.4481508457221466,-0.5392220581947037,-0.559207276117663,-0.39953800406218953,-0.5640173415376777,-0.5073136161545189,-0.5390280146807123,-0.502019822767003,-0.48385987709662037,-0.47229825441022494,-0.5611942438065134,-0.5506980304029382,-0.37106548992459326,-0.5420920390038002,-0.5843065786336019,-0.4639055269694595,-0.5230378966502265,-0.4200609418436775,-0.511993098971174,-0.43499801854549874,-0.3411554179826577,-0.35314582786142573,-0.3216363267267249,-0.2845807546745709,-0.32190157979177453,-0.33965515282910375,-0.19987717645574027,-0.3057125277692699,-0.21985041495608307,-0.26215063579746917,-0.14689726089464347,-0.09182151808724423,-0.06637208251879434,-0.0308702600906842,0.0
-0.45618814589706114,-0.49575237241645065,-0.5780650236951197,-0.5352783066312318,-0.5774127516328768,-0.707569472598959,-0.7006871466235493,-0.7848716462421874,-0.7246184254067926,-0.8444395737963994,-0.8792363518255704,-0.8290325757779271,-0.8486445986758768,-0.8847410918422232,-0.8713050520836942,-0.918004084963793,-0.8920471601611403,-0.916743013765739,-0.9184766543772926,-0.9209032266281553,-0.8205379989209711,-0.8966754201160598,-0.7204135208688621,-0.774861980704549,-0.7301273902345582,-0.7012428330072725,-0.5959554212171142,-0.5491643817633156,-0.6452498049234935,-0.44543464378416175,-0.3960270367590087,-0.23493965992995092,-0.2514911731427332,-0.102238057026195,-0.09235871883297865,0.02292403074106788,0.03904109790330084,0.16216622656499555,0.26706739542010327,0.3297889022663847,0.4012861558340308,0.5318926463868845,0.5757800726541369,0.6787041419156804,0.6972390609653121,0.7567107275482312,0.859937456802907,0.941912703097123,0.9150777642764935,0.997712103672982,1.0981216606140187,1.0684813460010292,1.1425245854067858,1.1826603659778328,1.146363340794851,1.198606115586482,1.1637276922443764,1.1467110473071933,1.1428197673001457,1.0963033585373796,1.1359142132183695,1.0594053752485986,1.105433799135554,1.083833817788555,0.8982706399464214,0.9861590455421301,0.9424868863762547,0.9418721110834962,0.9132652142305443,0.8508350263383431,0.7832230930042435,0.7584775860212797,0.8451068782321048,0.7609344446749422,0.7465039208665654,0.7330776122575958,0.757313077382561,0.7710475506499727,0.8600181464628586,0.7481496537850023,0.8315756880083779,0.750768007536299,0.7744521181633248,0.8527464840797189,0.9069800038943303,1.0406822211393716,0.9632727188561382,0.9683114793884654,0.9200806785466495,1.0771906506730093,1.0439803651075148,1.0311325124593154,1.0862432396057082,1.063673538409231,1.0638241978071425,1.0568317103420743,0.9882582464121047,0.9489650519553843,0.9269226651704827,0.8983918312184039,0.8551293855897386,0.7394986336048801,0.7568781222170972,0.7731523887786695,0.7423235194895745,0.7415219186164933,0.6201655710037636,0.5142127963987111,0.4104998629798228,0.48632422285170857,0.4233114431424188,0.4131540765681715,0.3204774686515709,0.2803456977003551,0.2204388249034161,0.17078756425958586,0.09128580138325293,0.01643384857651954,0.05559519333450891,-0.0556219755781099,-0.07300585599217463,-0.13949905093422696,-0.23601270602180766,-0.3115990308054622,-0.3847127699535559,-0.360683140438145,-0.3823709116811453,-0.3848888464675623,1.0
-0.1371359712286948,-0.09635519491323527,-0.12236164086562692,-0.057754090087814354,-0.021742463723158058,-0.007526632412948278,-0.08955335297306946,-0.016541304087090446,-0.029957335911442805,-0.003435083338427205,0.05783226530813835,0.017140621118270655,0.08267763964113707,0.12444204476103099,0.07647744950202445,0.1370016125400172,0.019429839669786647,0.11653943206713417,0.09876328618681024,0.1551208330252572,0.11630443561162848,0.11627644612625719,0.10830967617661236,0.20496057329182113,0.1887358704626219,0.29612426473172926,0.18884043429807087,0.2081128999743617,0.2716165839411282,0.2621436393422496,0.29476503498339945,0.37536681228907526,0.4407942119814093,0.39545263285689347,0.4369201430895846,0.44697720345540226,0.502293840588693,0.46946972336971465,0.5360802446867363,0.606674699063015,0.5889061222948768,0.7095652265821177,0.6357556049483708,0.7154876491984544,0.8016650236508099,0.8234671924269469,0.870366726427066,0.9167446183921227,0.7482726877667463,0.7921296070217022,0.8120624657032832,0.895607526463903,0.9007912447773457,0.9909243871236516,0.8108714699316949,0.850759113147284,0.8988145814986064,0.8582256593815492,0.7926098663784967,0.8313078932499097,0.8207673292872556,0.8379654354662239,0.7285968402891629,0.7903377910371254,0.6712166209627958,0.6879853772406931,0.6663989211862787,0.653177613701837,0.6535685722667842,0.5660175134210471,0.6534566171261456,0.5931236633880753,0.49860085555948486,0.4913700639473232,0.45250544285134237,0.40778845579755824,0.47999518736045893,0.397292709506432,0.3282740573871128,0.36834971544809153,0.46411555111342195,0.21182499311074282,0.27594253186152085,0.2590958333451641,0.3159151768462651,0.22292645580375264,0.2924374501874682,0.22910645352764578,0.3223106138259804,0.15601127491191605,0.12364354118956336,0.08437084505117494,0.1425688587993726,0.08598411300693733,-0.04941678480783482,-0.039241987049803764,-0.03194653728437086,0.03594846295908043,-0.08616070360495962,-0.06793756071350039,-0.10200068687879928,-0.11383327566720844,-0.1771074836378719,-0.17447839959533842,-0.24174630849081866,-0.21466552197482755,-0.3355754058983988,-0.1648773819630595,-0.1802344384361382,-0.2647650390382397,-0.3104612572303644,-0.2563955277448567,-0.29093088529096317,-0.2758198714700304,-0.32383508124167737,-0.30792928813400255,-0.2725391971282849,-0.2994594855303011,-0.20937078151001895,-0.2636915561386981,-0.15633582691393613,-0.2476714611968681,-0.27467641368032586,-0.22676835331473172,-0.17849067221414477,-0.226772395564099,-0.18170520217703773,-0.2557568077188197,0.0
0.15555647122298313,0.21409432722861255,0.16198605921573403,0.17272227990609357,0.12100939437354723,0.015284155974586267,-0.006125364499611263,0.04058888974732393,-0.16949764280043375,-0.09206478412656913,-0.0818843933838616,-0.10755819074790657,-0.09951921324044805,-0.12677870433693955,-0.2282166649494771,-0.1533025108574173,-0.28516384842928116,-0.17113729514472237,-0.27183056553220647,-0.23812834079593576,-0.2625234457108384,-0.21217896656887136,-0.23853490758418466,-0.17743219000704957,-0.26744249167869416,-0.18022755398790807,-0.06822531833658081,-0.11005200707765897,-0.20595644455494566,-0.09399754184798972,-0.1258620390791398,-0.11240498608336873,-0.009718102338153518,-0.02333803581712049,0.06340766004698346,0.10065190156305524,0.15007048946788665,0.10450019817605008,0.30006110465505137,0.31635815770557024,0.39880925861295907,0.3748043502047395,0.46979922915246614,0.4888779049657851,0.5125613414623702,0.5421340414207396,0.667613136803834,0.6255146917801658,0.6389609127727015,0.693537496056947,0.7613193808308658,0.8343645570727729,0.720869326037634,0.6112498074924126,0.6495136793784655,0.7414071634749696,0.6339336307587711,0.5590115386616575,0.6385762294421681,0.5735689473545914,0.5198932142280238,0.44540570776388577,0.43956681704195755,0.40062884237690455,0.3754649608824439,0.31365249037762527,0.22960164524113566,0.3303735973667944,0.15862183335526459,0.13367372250085618,0.18396317358742975,0.16402419673839957,0.09224462422073172,0.1505361617311119,0.03610552839032202,0.09685142636379848,0.1018564504105968,0.14744272285293483,0.07084248302860177,0.2107218625802464,0.15727310196172042,0.24138505522927003,0.26149698507534225,0.2298603190506171,0.3441920242558737,0.31025606436260533,0.33267945329623877,0.4677541031946826,0.5009753381719826,0.5266416757619324,0.6309679908026382,0.6005796903115984,0.6140588251946686,0.5959794240649874,0.7080289409219387,0.6859129329498529,0.6287330841058926,0.7340683565765644,0.6948283481345096,0.6929845917887458,0.6440738922078912,0.6858227266127899,0.6689864069749234,0.650452107678088,0.662552518162356,0.6318087778298141,0.6885340670264457,0.5863051771648171,0.6274310497281714,0.530945226065867,0.6170814103810979,0.5604385837161904,0.584177969703815,0.5538771721817685,0.5278702960061606,0.5820787999955015,0.4398595908606586,0.462958454011956,0.4949309596773182,0.44514684840387947,0.3923427294419315,0.47257792409257626,0.4338399579156146,0.39990854373180584,0.3083548404011143,0.31923597913060675,0.35748589127931013,0.2625509668391871,1.0
0.16271508557519512,0.1545716503740661,0.18281826354890715,0.2502531200608742,0.2347499472558807,0.3474083145458198,0.3605043706371718,0.3751864312520558,0.3735457597793596,0.4525704877875079,0.43798839312392135,0.5865251845222879,0.44131268603475116,0.4577193216096829,0.552264297079431,0.6214778954083644,0.5839511116164608,0.6323375907256129,0.6350883820829597,0.668903837624641,0.6614880903263952,0.7120383037189515,0.705395238207515,0.7107662544780036,0.6881026908371124,0.6899885528487388,0.7915257843241793,0.7091883641428078,0.7097905344062927,0.7623742003531845,0.8846345648666961,0.8168937912096493,0.7928038449824597,0.9336670523241308,0.8740303328379541,0.8970721434782529,0.9044206997375378,0.9748352563510831,0.8904874803031587,1.0390980923083795,0.902217527384383,0.9960716742512526,1.0033865177529595,1.0657223062536785,1.0500468036037534,1.0876954222874038,1.008556314731525,0.9857862677034293,1.058723810935995,0.9678601390280908,1.015422646089325,1.039591659927618,0.9243187773808318,1.0044595499009314,0.8670710088529072,0.8815588555546668,0.8440037759238366,0.7977514199310618,0.7079187871633883,0.798523327749872,0.6564380662036229,0.6244879648423193,0.5020050257276343,0.45495203263913153,0.4522091659720353,0.37514045165403836,0.3128841383398851,0.22213267098834394,0.2567853446420515,0.16954465733463056,0.07581913075534702,0.08050556281531995,0.05096129955555828,-0.045832220456333755,-0.02482744722793926,-0.040594627775578096,-0.09373873691428776,-0.10071353606618885,-0.12450140601917437,-0.1654492376938892,-0.12128127295224683,-0.14292968222622124,-0.24767027714336465,-0.23684594472112816,-0.23683547971063895,-0.19985119211185984,-0.16040734434634427,-0.17400282270649414,-0.18762045210331216,-0.15196314397378333,-0.15722779602350384,-0.2537022809928918,-0.23017028695382713,-0.19785257808322282,-0.2706356366450483,-0.25410716433903985,-0.27786514919618377,-0.29475658996626186,-0.4403564250488767,-0.3858533980800893,-0.29244863567045826,-0.449240689127929,-0.4377299444556461,-0.4323382999741289,-0.34116142597148535,-0.41282919573701676,-0.5128260859428192,-0.5242977964809201,-0.416059998021827,-0.40790528710431373,-0.49708317321941714,-0.355297476044946,-0.36832247442710275,-0.2524950848138321,-0.3075987297644054,-0.30707154601880743,-0.2993098468673523,-0.19953633760080494,-0.14015824005091204,-0.16686581673450362,-0.16989270967275932,-0.12882316908687283,-0.1473256014358987,0.03535232301766843,-0.03410652389019116,-0.022938134957008208,0.1904273740046068,0.2176080488740454,0.0
-0.22139453166826734,-0.24118174986316404,-0.14356533239661348,-0.27245719690221887,-0.2665115560262149,-0.20261558838542668,-0.1677044940208774,-0.19146575477615202,-0.1625269408102165,-0.2050889854037309,-0.1654476612700926,-0.1886509237016672,-0.1949679347214789,-0.17567360475545912,-0.09123421479422042,-0.18013538529292172,-0.07436948310284686,-0.10462755446800118,-0.11539535330674237,-0.07978233033996646,-0.0034498576843653636,-0.021703107369763035,0.0449699895412608,0.07342421525492548,0.05877887003738328,0.08006932830167475,0.06027554070214889,0.1668658694745097,0.12760635394114192,0.15271639246921193,0.28897608598185165,0.3362176464167397,0.36230766050794233,0.38610877474519323,0.4520154754894837,0.46466279381666453,0.49229671260193236,0.5744910999988962,0.666061980453256,0.6794229020327468,0.6510791046957817,0.7214396573345263,0.7781225061188527,0.8391354367106143,0.8130223571713443,0.9800995524341848,0.9818810869517521,1.0119281644811378,1.024959948364863,0.9564460316273842,1.0594198124202214,1.0934288412691793,1.018368074284531,1.0022936004377916,1.1660808307486326,1.016889178235722,1.1916186366745862,1.014452487708503,0.9571258126442342,0.9590822908640384,0.951170212814142,0.9439228476434072,0.8994073774747856,0.8760806341132175,0.7892147169329401,0.77773533693174,0.7672031879361977,0.6623246258907955,0.6545117338598972,0.6986726627014408,0.5791318187579556,0.5189399836889729,0.6343640582462152,0.4937472119852871,0.38427606293907446,0.44712132927736004,0.4486861364454525,0.4149379246304985,0.3170726337308801,0.38041637081669877,0.26103572959829247,0.3452573332124731,0.36927124866201033,0.241783467556208,0.22257441227443864,0.17050524502160946,0.2251652428464529,0.21121069593435576,0.25214307725991725,0.13144321280365462,0.11647367217474269,0.13255930311461891,0.09007873086199361,0.10193719534894741,-0.0184110433699248,0.03694924072707904,0.022245289519131056,-0.033498851171712515,-0.05084556208735365,-0.1442619654063742,-0.05084412374771374,-0.03191626849879894,-0.1143972223152989,-0.06725566157827628,-0.14674000923841984,-0.08269452014763454,-0.05389507143172123,-0.21210698247391435,-0.1414941389250023,-0.2156983650885253,-0.25609910316627027,-0.22132426466999397,-0.3032281415537461,-0.20217262178908074,-0.2733112364330135,-0.15402965446021083,-0.22472315683777164,-0.29858514090139066,-0.2818454880722712,-0.3087560699618807,-0.17078466941773926,-0.27920214547571204,-0.2513206626807024,-0.3340725430734832,-0.28048657023857243,-0.2532172339581316,-0.2189524590165085,-0.299442035278283,0.0
-0.26237978610496454,-0.3225625162722433,-0.2886224155395527,-0.3693375988570923,-0.4322899527141075,-0.4716762374617382,-0.4473334737477698,-0.44301538508866156,-0.4881351368979962,-0.4531821784550534,-0.43564266466533985,-0.467190477832156,-0.509803039801402,-0.4283743580382098,-0.47501877265297154,-0.4390387358329447,-0.4124083477498803,-0.3323562226485761,-0.41313268302666417,-0.35658936234578814,-0.24844930489615308,-0.28499931125819594,-0.2325866607217085,-0.17103616739449942,-0.08412725770523759,0.001106107228567764,-0.013593156654718754,0.20419397045420268,0.18488723146997707,0.1942344136244259,0.3132128875897998,0.44876829147200153,0.46002397308217613,0.5703931157675872,0.6381007133053556,0.7721575831241553,0.8628040978408619,0.9815585815139405,1.1008497881942256,1.0975390770823121,1.1380773169167513,1.279081110604843,1.3359154138454803,1.327364823944726,1.4185106452797847,1.450043472201037,1.5074305674564228,1.5949171879181046,1.6139624290596466,1.5478004210080567,1.5911275631953903,1.5080874425149526,1.5528251935360673,1.5010353484649614,1.549193579462848,1.4568949276604164,1.4876175919955346,1.3428877268235289,1.2326696830860517,1.2233776267901517,1.1479802491935227,1.0539197359924706,0.9596088977791228,0.8839745984749345,0.7877435978396867,0.6690136196452564,0.6030999586027219,0.5484443565204972,0.4394373758207544,0.46088052665762597,0.4121890682651468,0.25190807432128626,0.17680457933953772,0.10669741435907538,0.018462478161674206,-0.03329446147006027,-0.04101025199640212,-0.004588892941706002,-0.11383313367578593,-0.20517534527446094,-0.1847837016245559,-0.2221291236005135,-0.24004470478692672,-0.2907373369442261,-0.26987830061157125,-0.3360428233150238,-0.3110247415073938,-0.2526390693864206,-0.1605679756822429,-0.23678227907110524,-0.19255354106105402,-0.17571643746905258,-0.13928390222723425,-0.11379397213506914,-0.12074629544550987,-0.14225804409351506,-0.06943486796390383,-0.11952050497446338,-0.01098256986429183,0.0029766341973882574,-0.00939535406985476,-0.003876348521730322,0.013149412356779213,-0.004337425893147312,0.10749352475244849,0.038195420000687236,-0.011463626673587114,-0.01002017875128948,0.07228191543169907,0.09728456423931514,-0.047591872521260736,0.01683523396513155,0.056175273131398376,0.09558124353633782,0.045947276954496304,-0.03725111340691065,0.05359001508141677,-0.0017272997471051328,0.04623220190770552,-0.07006157736586062,-0.18221881420388325,-0.07841675620366079,-0.15512273165470838,-0.13013592557658854,-0.23185480584460638,-0.2606763752684199,-0.28378963311764693,-0.2858051706034322,0.0
0.40699485984262607,0.37744875343094775,0.42371560750127857,0.4085169644222075,0.5031452726926008,0.49680535545851423,0.5213370679408835,0.5951602977100263,0.5690389560365943,0.5615736355079324,0.7440652130099955,0.7548295993892365,0.644992420353744,0.6205112147348707,0.6713972057598925,0.6565636383312379,0.7476188232477745,0.7177106236582611,0.6552343817048579,0.6917620305237449,0.6725287225276679,0.6675594140807544,0.6710671968652409,0.6045106557202055,0.6659880885557887,0.5721854669775305,0.6147433375052817,0.6434543834529954,0.48968636649509695,0.5026307281029694,0.5160364558466212,0.5719856332608958,0.5184582632699913,0.542731265716485,0.478370294589665,0.5374574743446191,0.5519213905050022,0.5285520820818381,0.48503380909811916,0.467128876647986,0.5521313453346496,0.40609455652036364,0.4718837654943758,0.5224808188905967,0.45801903782965736,0.4494481583854738,0.44102892573011104,0.36984173167777845,0.4788741249488745,0.5381013832974475,0.49055931093093746,0.4150881021620493,0.4419191337126459,0.5247586316747497,0.4141389792896849,0.39011928439030574,0.33478932201001466,0.33723754568043945,0.345597198046955,0.42354853137206216,0.2562872598876065,0.2940239189654604,0.23766891248824976,0.09525812692496627,0.2244061367188521,0.2898971384813381,0.2196309542641952,0.15971937623311447,0.06311987078679923,0.09534899466168426,0.16221311357931512,0.04343887003408408,0.09840419885076204,0.08086351666503834,0.04817071488448703,0.07025064084083116,0.1512197936633224,0.03901361659782837,0.013373417805723743,0.0674313748770451,0.08954647023436965,0.07238126336683204,0.14590995870584264,0.09469319719104896,0.11745528064328005,0.08553564548215256,0.12797649842313,0.18278752995961828,0.10434852762731354,0.04638079511340429,0.14045193638325484,0.12821590926347073,0.09069702073788093,0.08085580009920575,0.09339289425277372,-0.006110875475020386,-0.012832596098762078,0.021771255929397722,-0.031216577951523675,-0.027984015118976233,-0.10647212212827283,-0.18680242305128292,-0.14121025084227182,-0.2059513649070579,-0.1610331333662579,-0.22952507014745782,-0.2809287291456689,-0.11631776806938987,-0.17866862085360774,-0.17854356107519792,-0.1765149760452042,-0.1751167242534327,-0.16667253797994916,-0.12428401709319546,-0.14937342105678358,-0.07273580915135829,-0.04893483143408371,0.0024653858052733953,-0.02982446183401982,0.07539705853424997,-0.0032282953792084346,0.10274666387729964,0.2131468750877867,0.1932923561911251,0.1803262572482761,0.31642316100172807,0.2545831163371013,0.3144681551166939,1.0
-0.13986816079213768,0.015042212013078739,-0.09021058424953615,0.0046284748492009045,-0.022216704185023965,-0.051732233242737485,-0.03731248935372523,-0.11487467539954029,-0.10162943641582706,-0.10693119251996219,-0.15138550284477104,-0.030835862857177862,-0.08370709186387554,-0.00491589325781025,-0.1513376061596442,-0.027564948337431297,-0.11467613820446523,-0.052299844145627786,-0.19221427832725674,-0.07694363045770858,-0.062061489433616154,-0.03954046048028377,-0.03168835352523691,-0.03940528097461059,-0.062167072062936715,-0.02962124624857508,0.0725773662749422,0.02402952612305677,0.07070121310215013,0.06867463619143284,0.12738231420302423,0.0998707442448041,0.10078820415373824,0.198591538336171,0.2036109395763849,0.19571245852713054,0.38727953537892423,0.2994522343066268,0.3209017132119,0.45160840726338963,0.4566377617790405,0.5101926909081679,0.6635400283983337,0.6098432254021846,0.6497813900241205,0.6713234223543257,0.6990410742987562,0.720771274754918,0.7588386171717306,0.7000153812918061,0.7673839582170899,0.8612445286377498,0.8441116922186296,0.7710400927735003,0.8174797728244687,0.7277272340420262,0.6430076664666543,0.8134742373329025,0.7224610676203815,0.775803893776056,0.6538799705990777,0.6519779518989278,0.6755791660742717,0.6391675276800002,0.6065916528482729,0.5763345299839018,0.5565564001826655,0.40184828572262266,0.5487923523132933,0.5027727232411809,0.3969804629534263,0.4348749227251436,0.39000147926823003,0.4449480943299147,0.4537469200467999,0.3789814496714306,0.3630498301973082,0.38510818891417026,0.47939593224496824,0.45096755443914766,0.4901912479315725,0.5350145114765715,0.5191502751140962,0.6189881256841395,0.6092120936218103,0.552702468721746,0.6566266094785069,0.6287049648203908,0.6040914428172871,0.8262805660050698,0.6505300498042975,0.6522586322904831,0.7497473013246144,0.7238830371411842,0.5900902924384247,0.6149128034123486,0.6467324734401733,0.6182841727221463,0.4698039476832552,0.47613082901690673,0.4859046628444577,0.39124631195262705,0.39363771348978055,0.29681104432196675,0.31219151645492754,0.327438914451415,0.2401897950914867,0.14805050994157304,0.20394433207435173,0.1248361236767604,0.13804377714169155,-0.03501505652976186,0.022168069905655535,0.017342184289767866,0.017478234164926998,0.01284588041372306,0.02131897916473663,0.12783369951714912,-0.04667525204414121,0.03908774803623296,0.002842046858789916,-0.05317480943286216,0.019305189576027008,0.03178132761953355,-0.05746946689535394,0.09439826620356045,0.010628432731440048,-0.0864712986524138,1.0
-0.16413854829432117,-0.21922892062128574,-0.25907169323151874,-0.23633602379480026,-0.26904887045136505,-0.3591237240994848,-0.3115503529870658,-0.37224524210547355,-0.32537822931143007,-0.2767788046641356,-0.4005064304281532,-0.40765478847715725,-0.36969280408394056,-0.4626160180342187,-0.3334331671308365,-0.4039810533878951,-0.4244380617715995,-0.4380743063783275,-0.40228809975418794,-0.42001049705456633,-0.3962835008858389,-0.320174505728694,-0.4043188201280325,-0.3273056177297372,-0.26225075297046846,-0.3407233652000074,-0.18333518946024704,-0.13689078649543107,-0.09298840134770889,-0.11070623649905723,-0.08547352497775197,0.07204672925637176,0.11448719927788181,0.17836870361601712,0.2799396778406726,0.3215886077168073,0.39948650977978567,0.43519242035265543,0.5751290057071565,0.6384668364768351,0.5927820927002307,0.6820499909142658,0.8121010754381869,0.8242629686014474,0.7968148730446422,0.8937290620156174,0.9379149854966,0.907564885583166,1.02692780902307,1.0654139819627348,1.0083069114288328,1.0990853355220078,1.1042900264659823,1.0994616653463376,1.05293312378894,1.0762411068949884,1.0387478706315891,1.012911666317027,0.9284371723039506,0.9246268343888474,0.8216187464683882,0.8105621951093388,0.7920019477909137,0.7893417215506074,0.6884443831051102,0.6407446456246008,0.6124288710739694,0.596889861443888,0.4721621679693181,0.4544383796271295,0.5091780381423221,0.3385006907251631,0.4928412161867673,0.35611717823512906,0.31057018285702065,0.2824692355121844,0.29223478707965095,0.24890109078571282,0.29852003498452173,0.2251320749541935,0.2526456234733706,0.1357492430227938,0.19902914162663618,0.20795540482116187,0.21071590974069143,0.22009926565385385,0.24128682343487778,0.28518630031116404,0.27760370023908243,0.2641095312977982,0.2487535062882763,0.26208686174297574,0.2933516562851537,0.29348976661838455,0.2572471759003442,0.2825345965775038,0.2378524842446761,0.2462409592479624,0.31322675912022185,0.38385484080069976,0.3209024829996074,0.32221488218938976,0.32948498545016486,0.2702618941454036,0.25993131386319246,0.3428826952017125,0.31415607105755583,0.23937886245481527,0.2506948424311223,0.2774734235960528,0.23589722468610222,0.1946160799407357,0.20692998856746547,0.21643667597068642,0.21390894418850426,0.11104988368763247,0.21242106928519738,0.12262224710275679,0.0572326524160986,0.14678204365315006,0.11113805382683167,0.021764368206511172,0.020509533626318684,-0.04907870224055874,-0.034556928341621156,-0.12998493653089613,-0.12809933851416064,-0.21784794430096865,0.0
-0.3166323264269262,-0.3773487329478208,-0.3272067393400532,-0.3152885594806433,-0.393298951035774,-0.38865284520385385,-0.40487161399823607,-0.4909985913104656,-0.4381276003197184,-0.48283913890741076,-0.5083445576457235,-0.5039135348631228,-0.4481891988868686,-0.5675207673036011,-0.5177917633740866,-0.4740412296422448,-0.4660873164224566,-0.4577884055206899,-0.5819680912446428,-0.4807583614283317,-0.49156714121968936,-0.5718960017551948,-0.4943375817659144,-0.5257977278230309,-0.4628854546973551,-0.4500284292359022,-0.36215844345987946,-0.27052245593571655,-0.3407414980118576,-0.3301558606985261,-0.2517044869264069,-0.26824548919815505,-0.1969279734691931,-0.13244561129924673,-0.19717289486707884,0.003703544669443108,0.01905718531945242,0.11503016073750218,0.08374943102694307,0.17687154463795582,0.2897572315801986,0.3858708458457906,0.3557618748330748,0.4453347197420013,0.5053267782697728,0.5727246183807142,0.559270930606522,0.6034995595689308,0.748338382836556,0.7106377689105133,0.8041152370848917,0.8197236291321305,0.8534829448993797,0.8612853975237686,0.8860579111281532,0.885207020092302,0.8553449835946997,0.9691058727135275,0.8835219485668163,1.019036038654816,0.9586205530671149,0.9096814787074641,0.8380783785100911,0.8522251699596227,0.8425508511791743,0.8905351339086743,0.8771674360344839,0.8801271173008665,0.8457316064015289,0.8515336078360323,0.7043778511856617,0.7861909532901311,0.7783734858473342,0.6648612717736057,0.7547638246847574,0.7399278425699704,0.7420686235667735,0.728373484643,0.7201879129699722,0.7264616847182854,0.7331467105068246,0.6666335373751942,0.6522749217296253,0.6010671193183855,0.6830618603569025,0.6265038658418728,0.6112991394723662,0.6006558859536679,0.5416462224484205,0.622674679459764,0.5528294430150499,0.57615505757884,0.5420306193078552,0.6063372111233514,0.5561912916689918,0.4460238022803941,0.4310365211528984,0.4429675198058355,0.5085687917563759,0.4293012706874088,0.4569005875783595,0.4081422532448595,0.3418187265062753,0.2450567030895589,0.2649529736057038,0.33780609343844054,0.2646876435870499,0.2910369645006163,0.16812207413921398,0.1485293104665887,0.049790816341747424,0.12596696948920308,0.10628755032303633,0.052853000366736236,-0.004139905159364701,-0.08517142579151195,-0.07149652848447907,-0.07172644138807743,-0.1014980478437474,-0.10263436505186387,-0.10607520860808678,-0.15978761359697713,-0.14347755055824743,-0.1792689857002956,-0.21226625363325083,-0.28321116381885597,-0.3333624600357617,-0.2600508169480828,0.0
-0.08449760086337177,-0.26609608761702663,-0.07844376666088596,-0.12726244712747334,-0.11235282811560707,-0.10334314183814405,0.07095808234560042,-0.07794309890174347,0.048467867513904264,0.03025818309583488,-0.056227297398002016,-0.04474432089813866,0.05183961294669691,0.0828019631442243,0.08248268543998578,0.04679677035491964,0.13445368709217376,0.1374043190597134,0.13306302412913756,0.1413017004782402,0.13483150840213526,0.11930058260481433,0.17549125170031254,0.1711261557072628,0.17600433219645015,0.08857969930509187,0.21750594975250148,0.15239011010704606,0.2140534609873134,0.21620721943756993,0.2583116814685973,0.2987708473515549,0.36492451522749103,0.25557330869192535,0.3197688735629998,0.369683366610157,0.32226930539967236,0.4087033101794425,0.4569023180346424,0.4325695563316138,0.3567710048201575,0.5500589708957853,0.6901900224834867,0.6036344928822117,0.6551970930279157,0.615273057676853,0.66634939671698,0.6534567201221786,0.7594382834140613,0.8113351294819444,0.8356663499256427,0.7998371741855954,0.8320464568744761,0.874774354260685,0.7636689098386714,0.7841854749486685,0.8646814776737646,0.8150860722764557,0.8031072464983696,0.831190613835086,0.7863469630138268,0.7322006413691186,0.6817967041398516,0.7406559128023054,0.7506147185635731,0.7135495276439063,0.7827800365061023,0.6390926792401793,0.6441539688261767,0.5563605965614304,0.6193701247594884,0.6119002935630277,0.6131149611367981,0.580548990534548,0.49525097463321416,0.47632732493295066,0.4511617955067858,0.5068343319836723,0.48828664236217334,0.42290653946849865,0.49211614823651667,0.5096831063394766,0.502305801673326,0.45609835473695515,0.3690412162929807,0.4566345713346425,0.4401023527470677,0.3447497244064137,0.43251317147296403,0.3747091323921749,0.2564857946079334,0.29467283476865147,0.22081256888973766,0.26640493568851153,0.16296139308698038,0.176765575230374,0.1472221454273177,0.14292021432810564,0.12635765961291406,0.09303332870479009,0.030603920044224527,-0.08695987231817631,-0.03918194610970483,-0.019991741649981076,-0.14211053075152963,-0.1411223988507457,-0.17808360682993185,-0.17886288432088024,-0.1652672803318362,-0.18056254742952998,-0.27942414832197415,-0.29340191710770147,-0.30174691805434106,-0.21765693182632828,-0.2388427737881826,-0.26452423983656387,-0.3389805803644894,-0.26969622205792804,-0.3852809505563112,-0.23659977183963252,-0.16430242848524174,-0.2657243768945317,-0.22236297603068858,-0.27696874346532885,-0.22154468249691006,-0.18829159157391948,-0.13140399537088945,-0.09863604093806196,0.0
0.19201810688319176,0.18759766791221158,0.16806414631717223,0.08683142459562442,-0.004039134021217437,-0.04578901789831975,-0.03805729161805556,-0.09321222029477969,-0.05159855434762226,-0.1354656809329386,-0.1142153728965869,-0.1681390705828013,-0.23475052406423458,-0.1977053446009781,-0.23085268482862703,-0.27795464976233225,-0.27628025350577323,-0.31312699343204486,-0.35450363232965737,-0.34473088726387674,-0.3366773768396786,-0.3514864117394989,-0.35070132163187084,-0.2689197160698149,-0.3593394324384753,-0.30270808462782084,-0.38518172431549197,-0.35363796749666454,-0.2757556375603807,-0.35747650742230064,-0.15080779795611696,-0.28686110516001284,-0.12626550697874403,-0.1459819807408687,-0.22521910027911274,-0.02914915896900768,-0.04687814826858822,-0.007955233910046686,0.012307668139872045,0.10449051070388021,0.07008710887813326,0.15956309755500903,0.2306494625699317,0.31494767084469577,0.39182803660733867,0.35861537318471953,0.4141310444020939,0.42246179053466953,0.43542600932160375,0.4415590806154196,0.4767856475047341,0.5430961714965342,0.622259482024533,0.5066439249248238,0.5034457460234155,0.4891415700461051,0.5411338683632151,0.5709493451673895,0.5678178028357702,0.4663365690424575,0.41945368153963386,0.47136334898277854,0.4308728632492488,0.4359481968316626,0.3659011970344702,0.3607924337010864,0.38206376622005955,0.25622535764294285,0.3258462162893089,0.22456489865313806,0.20689095501290705,0.3495779156032324,0.34498186551713017,0.30755196282656505,0.2891164386458847,0.28842308281836315,0.30028049989154115,0.35482382020908954,0.37079338254882754,0.3504096467700019,0.4755399184726128,0.40291117959329686,0.45653835267517706,0.49864613084848464,0.565648457160957,0.6122326857091581,0.5319720285375278,0.6461582064608664,0.8028948009835574,0.7150400667686988,0.7860991678101575,0.7038127810059571,0.8587750301382494,0.7911173211038388,0.7553733369504592,0.7380946591594924,0.8705628030240564,0.8035325122737624,0.8117863176756714,0.8000485554683603,0.7919837723891612,0.7542663894193962,0.7767062172506036,0.7770314517371945,0.6599849364312068,0.6902688673246573,0.7013576112227766,0.65893672395723,0.6354323800698475,0.6070744695846158,0.6488880400143163,0.568412497785814,0.5298184078724386,0.5565712247095165,0.5245810797730404,0.5390113440401931,0.5096357252911192,0.41056712080375496,0.45158259584032523,0.48209552698727426,0.388864335312651,0.3440075856461195,0.2630245181508576,0.2523961558883512,0.2778067749486062,0.18823595297321333,0.21658761918505762,0.18549169538017346,1.0
-0.4745837499258571,-0.3553046055343682,-0.39329212421446214,-0.36366135760616003,-0.35836112004930554,-0.38912701054402327,-0.4338955227017298,-0.41880978914064926,-0.3449352646739241,-0.3876160776261676,-0.48413411378636395,-0.3842632589659133,-0.35623831606270945,-0.37567015903512113,-0.34062478693378884,-0.3946023866642486,-0.44173236362008217,-0.3330743497275178,-0.3459226954022247,-0.32045920787570353,-0.1823695149680346,-0.34008919151563716,-0.27227768894530757,-0.21370882941863306,-0.21681517575549836,-0.15932425652635085,-0.1628199717679661,-0.09863524415498037,-0.17268644042333148,0.030114970162064596,0.05724811054320512,0.04554548126957145,0.12697445393868548,0.2577727204160922,0.24732523075194054,0.27380880446998695,0.4006385472759996,0.4053886678638637,0.32860597141614284,0.6050836377983859,0.5059650140715286,0.5916451836097718,0.60028793614601,0.7149104414486376,0.7920326657825455,0.8477299996110913,0.8606316167124315,0.9232488085659292,1.0053105649748924,1.0263587573415243,1.0654454652270846,0.9460859018502759,1.0169640707718968,1.0539065880643412,1.0374280018042341,1.1183747211194712,1.1236652146188366,1.1161228303880948,0.9844124129708214,0.9562067816180949,0.9549871930343532,1.0235042474377494,0.9252272811309166,0.9477719022816214,0.9299458843193175,0.8962903970988779,0.7922870920346429,0.7636387750909854,0.7129467648254227,0.8284955188407236,0.6940885414882344,0.6872903410887335,0.663693899639696,0.7226552421521459,0.6539281903257305,0.6199925018899942,0.5924887588238444,0.5132594372880513,0.5444587170331407,0.5853939570438678,0.5808584581372424,0.5096975203973592,0.39662599656837927,0.44681998534506223,0.3605016695556553,0.3894432348298863,0.3539905378524942,0.41306146619602513,0.2974612036056986,0.2825924270146567,0.33227822248351246,0.3639414355291965,0.34117857689419784,0.25216000765427776,0.27491430733486744,0.2993112931959012,0.1420129238823736,0.23979005426301397,0.09998838511967825,0.17160924580504985,0.1797427281257989,0.011271678914042405,0.1275160421836803,0.07976188987934969,0.0719703565616938,0.032172187790621344,0.020894915283783032,-0.025033828732623296,-0.05374985724779966,-0.09251125259364797,-0.03335310841490541,-0.10641261246110113,-0.0522887016452062,-0.09986559231788261,-0.20453690303411468,-0.19681407527908748,-0.26289893338401893,-0.20234502702898002,-0.28324423680950983,-0.19340617362692827,-0.21403531920704572,-0.2063171182549987,-0.36745720118680925,-0.24687256420326822,-0.35299657570742193,-0.2807768956043293,-0.31937967980173054,-0.2948970052236168,0.0
0.02641765391250815,0.07973407761013836,0.05409036201831749,0.053823154882665675,-0.027611491642193804,0.0022138657782337125,-0.022891819313175247,-0.08922068369536534,-0.1604722505650461,-0.11830795363552939,-0.1480063948904784,-0.1141623748107225,-0.0824115504341725,-0.16302583553250047,-0.19021882960039202,-0.1516198119000784,-0.22326734169506038,-0.20593759633281195,-0.24061062092509133,-0.18719038954304662,-0.2046292104793921,-0.23338710319484945,-0.23603510888592216,-0.1655381606577041,-0.19948880040757044,-0.10464216395947597,-0.1228486058810025,-0.053638826489899136,-0.10088011471953945,0.04656173503465881,0.05609864687493685,0.08833481881713333,0.12937402869091777,0.1695446422895474,0.14191716783500496,0.2564871140585758,0.27745377009135136,0.2647689110311725,0.3279836059966747,0.35847467137724565,0.4993609291861485,0.5345727941384447,0.6242532671398173,0.652544689099274,0.6799944764278146,0.7635086861005798,0.7273041274775007,0.731677387669315,0.7894353923176073,0.7935170504982072,0.7474260416586552,0.8962676888047634,0.8626727526695073,0.7860423127184956,0.8489765093592946,0.7699050484673383,0.7312996830900806,0.6866101955584915,0.6478527263069094,0.7261836685168273,0.6264799392050481,0.5225195966547149,0.5371481850664809,0.39892663896724534,0.471857258996529,0.44040150107734066,0.4186278207565752,0.2610111083751751,0.33366776518815644,0.2882197672382408,0.24025468657875654,0.2283573936590065,0.13655925580322018,0.09049405989272445,0.15100105993595914,0.15153232451409573,0.18585621119626017,0.0768780532523336,0.09566705587461843,0.0374339279327209,0.08063608868065344,0.006815928072042121,0.03257825306301949,0.08862698643978252,0.04454410363514495,0.12427480267508727,0.10631072481096983,0.18209521632517597,0.058496920295534244,0.15425893625698325,0.17860564867552514,0.2833901787516572,0.23073037138189434,0.22465245738669432,0.13846683078377475,0.18722710615986266,0.26662502701251983,0.30117227326128165,0.2636055539736666,0.23734588689566655,0.30628503021788805,0.31511153043569806,0.31646622466586427,0.35655047696479975,0.35928839452963585,0.26827742153430034,0.40777115136181147,0.3716142176906942,0.37644461576483806,0.4111830978621875,0.27814264438122716,0.2465025073440647,0.34414001922293885,0.362302259020843,0.3151987053007006,0.312234445054421,0.37194413145381305,0.24044984858644516,0.3179438621488029,0.29200689118915635,0.20608221282124256,0.2336502740707528,0.189081811759213,0.1658732715722861,0.1018701273106717,0.08115290481252138,0.13142514245677572,0.024732646772884823,0.0
-0.03862527697506637,0.0282437372716625,0.12032130811781148,0.15755010317375717,0.2084461170951826,0.23877015075677838,0.18613502052368786,0.2619720250791672,0.3993601473466598,0.2514958432495657,0.36436485167993465,0.4176092919489225,0.3895185266996961,0.39447483917219567,0.37878449125812275,0.5089255459159047,0.502790825901913,0.5348579633230631,0.5908105312188004,0.6463518301660481,0.5696925152442072,0.6454093276554798,0.6439085124853662,0.6987884125410828,0.7697757978372761,0.746310042566648,0.8226872855227724,0.8380255492245979,0.831107213888195,0.8316821041730041,0.981194017184841,0.815254419851614,0.8628040803459028,0.8663027398357281,0.9281410004542968,0.9886479902936623,0.9771415457455052,1.0702852443103315,1.03070866260685,1.1259498321537498,1.0708306069298694,1.12693889723258,1.1345604327195575,1.1871911274557234,1.1697370253035912,1.139731575005419,1.1642994643004057,1.1415674310549158,1.1086814699101708,1.1439017226573507,1.1340272189077532,1.1806743021250896,1.1163325775409094,1.1066132253407146,1.0430911886260243,0.9569956738619372,0.9874474749734513,0.8947432467377588,0.8974225388138642,0.7917090861878675,0.6705284668482968,0.794230090098639,0.6739559549251363,0.5734223382378025,0.5430817675002384,0.47551024021468696,0.39474651158439467,0.3604721623540845,0.3037625342331338,0.2768962932524272,0.20443014779492427,0.22962869212925374,0.03861507098489046,0.07011115473032078,0.025989521706763892,-0.09097143095613888,-0.12375510517571242,-0.1290982435027035,-0.1316087833739128,-0.17698141231822134,-0.22974734084805448,-0.30078149470701304,-0.20226966488542308,-0.3314370654540774,-0.3710415008611962,-0.30586316876794484,-0.3736209810208612,-0.34611288926212497,-0.38785630226442613,-0.36814814225468373,-0.49545585641462664,-0.4907689086649487,-0.5197679320231882,-0.3949553951375949,-0.4608631265697887,-0.4539285937607075,-0.4953065308268044,-0.49648879409746177,-0.5191957919836002,-0.5434257617076904,-0.5964786500070455,-0.5201532188726121,-0.5338250318408339,-0.5771593567191201,-0.5451400253244482,-0.560278291020415,-0.5868764736136645,-0.4826497494098091,-0.5688812541032511,-0.49981110267593964,-0.41280905717738203,-0.5555466870865623,-0.5627915491181998,-0.4325039840931356,-0.509970969737946,-0.46768478981134864,-0.4344271108278228,-0.29896115588746225,-0.2520956044122777,-0.2911432382785297,-0.23186884322090978,-0.23927415604465535,-0.1839475321321132,-0.101263943177059,-0.09137569913513167,-0.007500906943893992,0.03665315001109504,-0.035162015660267054,0.0
0.008856047554624748,-0.021751219711016623,-0.14069899566802369,-0.011595403076534061,-0.0677908349129119,-0.11309599531009906,-0.20818071720736162,-0.17165546284411756,-0.1073660774437859,-0.08096120149598633,-0.1508737326580021,-0.11667109185829261,-0.1106016306519609,-0.11027166125701879,-0.20045913151139333,-0.19721744561015842,-0.12113095106531238,-0.08923408923907533,-0.14013631663032874,-0.09604103685361003,-0.22107926789132998,-0.14948752138665727,-0.0196648014988966,0.05041186979871635,0.12145071003693104,0.04824364639093558,0.10734993698557796,0.1049815318172323,0.23171329250403638,0.25533165276738595,0.24899059706654486,0.32876977789133155,0.40790746152399365,0.42543386903960456,0.46692010800102374,0.6146100861913175,0.5684428382449521,0.7201959678574449,0.7792052683421771,0.7526870098930369,0.8618259425736114,0.9245198906807318,0.8924178012556567,0.9332821093780619,0.9337075502079673,1.0467284383833655,1.0860530704533873,1.1315803739016395,1.0529474124572908,1.075218369784831,1.0730644921277201,1.1426237873969967,1.154600291760487,1.0944984406207419,1.0586147784917639,1.0398279862878381,0.9812912007765279,0.8936291577520433,0.8887278530706688,0.8786684830361826,0.8571975036400614,0.7163734477193611,0.7349470102849202,0.6606975529612596,0.5647211901507182,0.5690680245010451,0.45147053788040975,0.3769597662366475,0.34613404298493083,0.29674660695031985,0.2758405963421216,0.20937281372084085,0.10768922228116218,0.06371916762720736,0.038963950118465374,0.08444232001982288,-0.04224356600959193,-0.10831092034283782,-0.07698909863250968,-0.08441200652128773,-0.18997081326044268,-0.16542276292463198,-0.1492843394970736,-0.1778177149809075,-0.13071629066984536,-0.19518027139491645,-0.11594720674414201,-0.18289770109898587,-0.22610504044485075,-0.15943252993909607,-0.177589587575917,-0.22615684137929212,-0.22475306791158578,-0.18563806353025805,-0.1745848006397537,-0.16627499051991987,-0.05327255802803933,-0.03723118604114774,-0.1228861297333536,-0.11689848858778895,-0.009984966951066578,-0.07496952915350348,0.037544088749494504,0.024700887685467993,-0.052176730763270895,0.000490587322606241,0.03423980821120999,-0.008396160508039707,0.0819378666113229,0.06384754003907162,0.06474658893410484,0.08848458736856277,0.09480256656020636,0.09760285965274418,0.12013903575277571,0.08623674238630201,-0.016919245435675773,0.13536692270579798,0.05263208320591728,0.10953743502239316,0.06079003609456621,0.03516762778571716,-0.07383525416297793,0.0404012414997762,0.014182563545840226,-0.055742166563177875,-0.07523196373047653,-0.0025145387146286377,0.0
-0.2385322626310388,-0.2769993862523088,-0.3228648493602796,-0.19281560176370924,-0.14957184020849118,-0.1786349664315847,-0.19696536473683074,-0.24746644723288816,-0.20379762448179475,-0.1548100464023908,-0.11229090585846568,-0.07158754095520947,-0.08278009177596234,-0.10028091288255436,-0.09407623379704419,-0.0031757585258344882,-0.004357195843404899,0.08695668043945069,0.0907239102121839,0.11278429360302442,0.11278081477246511,0.17402189956903294,0.22357183537869263,0.23529951099923146,0.21694516894969865,0.40306654482557125,0.3412815770630665,0.37598498628203236,0.4471718840345545,0.4602159054876271,0.45691356698455055,0.5039963776969533,0.6206912836374637,0.6236324484591389,0.7048092328357738,0.7266281609624206,0.7738779695920842,0.872186299013159,0.8769305547934515,0.9026283889428869,0.9359756700096429,1.0071397334732946,1.0714575543139708,1.1209880157277794,1.092992229296715,1.1408738193150858,1.2527375513404382,1.3154080139857014,1.1589275683863933,1.2144101003964,1.2224830736085857,1.3366471772601427,1.271177214427612,1.2850189973507118,1.1783982360165708,1.2733996025967342,1.1710519467112228,1.101425010300588,1.101855266564822,1.061874119148645,0.9753930988885298,0.942213348950083,0.9812273745218004,0.892691605737281,0.745366346560223,0.7669308277947715,0.6733099372157889,0.5777367246998755,0.6146564725066949,0.5556075192704567,0.4954537140908648,0.4381489387605552,0.4008432406942469,0.3294492800076634,0.30174694832851606,0.2441280166214003,0.1879452679552254,0.19320079128766793,0.2741266343616351,0.20202044254009932,0.07629419830731735,0.21343718231662256,0.09339816746059051,0.1057014901188208,0.22497917996855055,0.06593969851403117,0.09444919332536597,0.11575391757817745,0.1556463036398298,0.03484205359982608,0.11016549616747723,0.047153714715509124,0.056032517760283965,0.08231088757793223,0.07988376208535107,-0.004363188707350947,-0.07401582390539953,-0.0487212662140621,-0.11359548122852603,-0.11610046930491588,-0.10945156078752533,-0.15952097419384592,-0.21196719962542385,-0.22737435285434268,-0.1407503781496843,-0.3309164184504958,-0.25826468354601606,-0.2880765934076755,-0.2859182806038482,-0.24138716652721082,-0.3153462928740479,-0.4512985963162594,-0.37268042832790904,-0.2966939900539212,-0.3269052806318133,-0.2901463698883195,-0.3461594532954439,-0.29722876726775915,-0.34050048273397715,-0.2906636469945707,-0.2345310736774528,-0.32844087908604536,-0.25677836671884935,-0.3638141226535399,-0.19821724277948288,-0.3321000132587827,-0.22932920809371268,-0.23211301568568174,1.0
0.19798477769837985,0.14325317991941938,0.1522428154025722,0.17360801170001988,0.062260571305706,0.021087123977233207,-0.010675826240336654,0.01235260614408959,-0.08200378986375495,-0.12476695554049214,-0.1927783723517292,-0.22175937000748797,-0.15358568799294636,-0.25433043342575395,-0.3622098053429452,-0.20522815827932855,-0.323729815917621,-0.2638249085438426,-0.26835720640851213,-0.3430375166148479,-0.3276628315153662,-0.3773128266691438,-0.3230020353712234,-0.3834269180729827,-0.22978064281778715,-0.314603603025135,-0.3443239575345722,-0.306091021452345,-0.31045799552333825,-0.24420309816285327,-0.2488403421293515,-0.19745641912668066,-0.1952697400481051,-0.05903975167614119,-0.039630256705418046,-0.07195247194135236,0.0027980436315520963,0.05828687097504397,0.06339124901768181,0.15445966337153097,0.13663851519211961,0.13401665742669444,0.27338702000877685,0.31297870430198915,0.3450737220513702,0.4197747814340312,0.5005876733741382,0.3706068568944556,0.49290829990975515,0.4683768704990373,0.5127170113667497,0.5999790276124822,0.5554731603351369,0.5786689684916283,0.49719293225386635,0.5756148712722274,0.5384464174704541,0.6032713642304793,0.5207556420534015,0.5935261185758424,0.42521250628263485,0.38816622064572504,0.4481404311101861,0.40537539088576446,0.40443079753897865,0.33264351839010403,0.32116191088910767,0.3016689690179115,0.3371522687564532,0.3347651586438833,0.3083064967473256,0.12725351275158153,0.1356255690331413,0.15208521763254493,0.20065403355706604,0.14990581246590728,0.17970774152248667,0.18161354333307675,0.09317477835659148,0.06682342048141275,0.17229906619709484,0.13841270595673372,0.144379446749417,0.18372901998860627,0.17639196483511851,0.2163186084613699,0.20213335736492813,0.16471867961127726,0.24237745992341989,0.29302508915171466,0.19237690668451135,0.23928597633428053,0.34043363476421173,0.31560350308349056,0.3899856198881539,0.30504685890619054,0.41693945843158947,0.34411360436820015,0.4734701186994018,0.5058540112891211,0.41025831764733983,0.45988359654625616,0.4973561824618132,0.5427309059237747,0.5775006579842937,0.6085487874999955,0.5192025483648011,0.5610631701533437,0.5893680468461355,0.6692506478424968,0.620361327941992,0.5573802320140501,0.6221626462358636,0.6031836447722645,0.4945450659464675,0.5465661175755014,0.47519847099020207,0.5808893577594104,0.48780185683270866,0.47579235641663903,0.41564626492840934,0.3943907505529454,0.3328741792285775,0.30605267794399055,0.21245056674191543,0.26448707367638613,0.20204248813632864,0.11917032755098733,0.0
-0.008342961597039806,-0.07390907474174756,-0.09137140533035676,0.07347222807072457,-0.04937226550121178,0.004649566085751887,0.0048121747546702575,0.04134055188971945,0.07008843092734661,0.04196180561000544,0.014910188172581822,0.013407915079055631,0.04178359159078014,-0.026796459607349825,0.022792530604823925,-0.025131202318290753,0.023980983553803733,0.1003392510575063,0.04201824962004666,0.02399053741137205,-0.003741107758532893,0.04811028142263109,0.012142261108840497,0.07076923541580443,0.08263963080539606,-0.0014774431778542887,-0.01320079325360378,0.12657061651320226,0.04336828954367223,0.06631849015344006,0.02137558431412105,0.2349973257134655,0.10234920033563367,0.19503882990058458,0.22669731955595618,0.17541810818610767,0.23536513938674056,0.2692461763204873,0.3250364235048753,0.33020626650218315,0.4284076939262284,0.36216091558533864,0.3511643082472423,0.5152887134189497,0.5204074454277478,0.5872508814167833,0.5731310020100657,0.5721141756301428,0.5983242742900315,0.5900950531661846,0.64357529417134,0.712770567297859,0.6445334867800551,0.7369755373163125,0.8389164687772258,0.7087058235114782,0.7635137622582525,0.7860379749511507,0.6653298665116798,0.6615712758341192,0.7264211679082946,0.6592424797285179,0.6341155051417815,0.614291697563551,0.5580947220978835,0.6613338512869869,0.5003472922236616,0.5693666461460374,0.5941386336570614,0.5757372696855236,0.45217801230451804,0.5298539847633047,0.5064341226531809,0.5098662444051335,0.5534730431501039,0.5249351970474998,0.5077115844478203,0.45182775867250397,0.4844403784222842,0.4500615618243865,0.5893074293960269,0.554340315325092,0.4729834658049336,0.5425651798935306,0.5765252639314741,0.4765542656008783,0.7484741155527742,0.619081343717057,0.6158668103254661,0.6193377073039139,0.5576992035289069,0.582220432156331,0.5130535870364125,0.5070230190823467,0.5610064518992774,0.4760567749916112,0.4445914693495148,0.39035935160674207,0.3374402244395778,0.33021105210902196,0.29149972751860237,0.2937250866589794,0.2503282507087165,0.15671674177625955,0.08255306397804302,0.024198536036126053,0.07894233324044786,0.02733429588437522,0.07903705368432414,0.0453301531262673,0.010224994030588956,-0.041461146593033,-0.029538476135899952,-0.03373018559224951,-0.04747456251149086,-0.09538181896974705,-0.025250497068179396,-0.078108615124254,-0.061163009590412265,-0.018051150630520353,-0.053321935406424284,-0.06592920333324577,-0.14646974000419916,-0.0005982335181744305,-0.09844182606769744,0.024958226948792413,-0.007343669266362325,-0.0046880299330955,1.0
-0.4011881695649798,-0.3792529417694974,-0.3832146157206705,-0.3905043537151833,-0.4538030468467778,-0.4937436383679895,-0.5358733410750721,-0.4065530638648192,-0.44834181946295537,-0.47196907211311967,-0.4072844240565979,-0.43320829583599135,-0.5028615801010766,-0.46741250427511377,-0.4456676527067123,-0.4157340043227816,-0.39435380938196696,-0.36563537527523876,-0.3115527022774145,-0.35889510791530216,-0.27947570693248763,-0.23027856903206842,-0.19985802986731804,-0.1327618320102073,-0.18406619989799894,-0.051130272251907756,-0.09199847450389975,0.05435381191402511,0.03923050335876834,0.14536228052926722,0.2165536245570406,0.23314841486107732,0.32208076131961133,0.45561296251364203,0.47495987186557787,0.570645346871652,0.5893330274492083,0.748196241810449,0.8620125522388454,0.9396121013483627,1.0119937905370282,1.057628340055378,1.05542000044837,1.1526823892895912,1.1640086336818694,1.242856604559549,1.3574019124393715,1.2475672901046506,1.326837724349395,1.4533038623579626,1.3970770629007698,1.4436955233874347,1.3848566355330572,1.3777428736870563,1.4153934339494303,1.398593705704651,1.3381703865866714,1.2672617329835567,1.2047454771426125,1.1987234167414822,1.05924077921882,1.091874657369041,0.9227628338546627,0.959464569396812,0.856677567532752,0.9348584218154146,0.770560101449874,0.7298643858360266,0.6631239999489733,0.6115710689520306,0.559311171347181,0.42577472918618864,0.4328870205550651,0.35882737142990945,0.40496031319906517,0.36600772056562175,0.3059075027504099,0.27224212386213564,0.2516059059678436,0.23263453377021465,0.23153700723372345,0.11755323273805364,0.1740646938206065,0.1817706467900815,0.18489600765927783,0.20088517805684894,0.21582984007063707,0.27028999520206365,0.2549887479128535,0.1871295587467969,0.19734978466231498,0.20914124482583873,0.1162035449582886,0.1564396629462677,0.2337571269591918,0.20314238729391823,0.157826812669467,0.14524573431901733,0.17082880130830957,0.141339660545819,0.07582303505678428,0.11315350247857688,0.08267487817344019,0.14952802594592404,0.03359443612389515,0.06897487400594578,0.1221695423342826,0.024067045120056012,0.02044892922441157,-0.012671185742886979,0.009921202529776435,-0.012137006796616792,-0.1555919943262436,-0.1104798915584324,-0.13456488931592228,-0.1022263872577222,-0.1157584316044026,-0.11559089113739485,-0.21612751449675047,-0.172334940788329,-0.19775857768600452,-0.2575968121181157,-0.27347058382789385,-0.3146139405300554,-0.36758185190317083,-0.3353516726361634,-0.33663793660155883,-0.3305443572866281,1.0
-0.07478247940055158,-0.17978378945094736,-0.12808882907567423,-0.1463184761082301,-0.14092136829855964,-0.16599795309076149,-0.1964297140373409,-0.2374841777870624,-0.21179403845796899,-0.15416333743615157,-0.2722638125045579,-0.17946535876122732,-0.25333969429528364,-0.2007781248140677,-0.18117343087120039,-0.19501894206587495,-0.19820669400661606,-0.1376542390930344,-0.08589037183191656,-0.15267707478628703,-0.13250155758355503,-0.09451719079379156,-0.009181982825410481,-0.10202271843270852,0.06348290656196696,-0.0638254567002664,-0.005480196068827749,0.06370251402552393,0.09917600573666788,0.1612824343440017,0.1640515374475012,0.16453454022577607,0.259275362224592,0.3470167422945271,0.3590044139225492,0.3806507502979403,0.4449506213983963,0.523955463321235,0.5388751650865217,0.5301149931632935,0.7014049080169109,0.7286988206550322,0.7098196375248119,0.7465133727463334,0.8806822958459471,0.8551929335711964,0.9522607093034592,0.9517746135469934,0.9486340132551452,0.9655577113699497,0.8586956316358508,1.0515938400177984,0.9722143851185068,1.0795373073793386,0.9443031826086314,0.909557003200429,0.9109723701318214,0.8804995657186803,0.9323183363432207,0.8604750299154043,0.8652697482491766,0.7114484847321153,0.8045498499285952,0.7815598545061128,0.6943568603885646,0.7187332362664787,0.5693871286820065,0.594430687164671,0.5989006822972481,0.5400089136571646,0.5209144073324724,0.4211488704326274,0.3887043022516238,0.4472663598481994,0.3948152835705004,0.38908367041181474,0.33759439116648554,0.3447364401049435,0.2652796554740063,0.31468278484335754,0.3258138159354978,0.34712100171116544,0.2649956001235068,0.3258342645093912,0.3393451176060288,0.2892073017929895,0.3818803627518283,0.44832974787753793,0.38932209550056124,0.33403815839250384,0.35269227608580717,0.362723287289434,0.39732893077798415,0.3752877632579006,0.30410578889817247,0.3897983701697242,0.3810338832171537,0.35428462687887596,0.3490282493286865,0.27561632292157756,0.2689303074763879,0.2354610787421048,0.1424538056591701,0.21334644126117774,0.1557210418379955,0.14101830828126852,0.13643842239061543,0.12583085023524834,0.05608112848581582,0.048473812248916906,0.016188243489698544,0.10464115603417376,0.052867270232701546,0.057980544580842126,-0.044486196295956605,0.0009708163232401178,0.05367951764803326,-0.08087239830279343,-0.01134594909121001,0.025597674555770805,-0.005325281034436517,-0.07687303684182191,-0.06926525942265499,-0.10710172169447274,-0.034245875227745755,-0.12612828092866415,-0.15605808322845005,-0.19309181737274478,1.0
-0.011987817491123758,-0.004040051789201478,-0.02638365986723585,-0.06046577910073999,-0.03334272410781142,0.02427129232203549,0.042850941891003747,0.05842424698843768,0.07631901898398459,0.11282288836935844,0.11282467400742313,0.11621426978890793,0.09664287428235158,0.17085340267909344,0.1890441748607598,0.1228616921385525,0.06911695216609591,0.19038025232563213,0.19629336133941355,0.2546325133690524,0.2007623748887275,0.2506739279158698,0.19918056838095105,0.2743687415687065,0.2766946555597615,0.2838685363922216,0.2963835173712906,0.3822107031472137,0.3064098161375455,0.33067513337172233,0.33531423345894407,0.44124497250940703,0.40923507449162055,0.501479620892671,0.5418265772394305,0.5315803827310535,0.511725950129187,0.5448314626711723,0.6331241555392034,0.5311610830612425,0.7372374743197377,0.7781414663054913,0.7882427704778803,0.7038390514869408,0.7601448379788939,0.849761882626045,0.8901682937699453,0.8294591302904047,0.838540533056237,0.8483701297879025,0.9001605960702805,0.9176361161698119,0.9018275445760965,0.8648565265989199,0.9008387949921982,0.8463305271384246,0.9152579619352222,0.8019107685406816,0.8554098366471987,0.7480157594785435,0.697660629678433,0.7180584251023683,0.7064089027548321,0.6235899102422436,0.6621704835869183,0.5287782994740049,0.5935873042572671,0.5100340342079435,0.45380550280582627,0.4363310355600265,0.35606904541105666,0.3689493654211267,0.37036623631367716,0.31988511605950415,0.28186031015338514,0.3302573471907568,0.2998137182969495,0.28845154176438,0.2760679243146661,0.29830226429163587,0.24275529237687918,0.257771660989632,0.30193434803627284,0.29766651677299893,0.2555184715409379,0.2734975987011881,0.2824096912484125,0.29846596492591465,0.3560531663167503,0.3759229472858693,0.2857899098225889,0.2084684604550066,0.2961371140020058,0.2562075792062883,0.22661349546360487,0.2762126425775808,0.1820123765839905,0.09351287759232929,0.12900827413747765,0.09601813925450393,0.024246524501442934,0.0008229050143068184,-0.012622660820507916,-0.01990509867077954,-0.1031381783077838,-0.04577446280429161,-0.114407342634277,-0.1464308480818387,-0.14630456107692874,-0.16272607740084322,-0.1792323228806138,-0.1549215281936855,-0.06391347452852489,-0.11027315814559349,-0.2058833709937075,-0.19583878097379787,-0.09079430341160522,-0.2363519209128748,-0.12914118702853036,-0.1740171941675811,-0.14229438940649797,-0.1644029440954834,-0.02865521285140818,-0.10764356804848972,-0.02914925785490511,-0.04670901812012784,-0.029402399329019717,0.01266874221229937,0.0
-0.022745756755185878,0.03491122401359399,0.04920336285429069,0.04373937068221562,0.09210483768492092,0.1541871795871726,0.06131516387806991,0.14863323842366713,0.03449567841971898,0.06386996106171258,0.12235438851654512,0.11607291154582197,0.1268680442346098,0.139544766682137,0.19681456855342783,0.033878189980180176,0.06990913071721198,0.05367736452338083,0.06990813422708757,0.0561312701232998,0.17566130224208532,0.012382695580548629,0.08487446255254509,0.0133802702479923,0.07323167822705143,0.0774260063610666,0.07300037474069342,0.13338660128377172,-0.03231977382023543,0.054335861845530894,0.11769342315723222,0.10581478663390075,0.21368822546358596,0.10573659074479214,0.1208281792373629,0.23189622626739653,0.265470035702935,0.24198725050579925,0.30367518294216367,0.2862949170309819,0.3201386231700376,0.3953700172582258,0.42575649598121534,0.43510872179921634,0.5209441470280303,0.4581848856535325,0.49509768117189784,0.5181945807799924,0.5627889839971407,0.6462840379624639,0.539700135536417,0.6083250182287476,0.590129192672688,0.668056094787812,0.4943821511036448,0.6798275916598806,0.6248070177196469,0.6768394400522162,0.6708805132341977,0.6649126469447364,0.5873802010227125,0.5746922971820959,0.5551326086509315,0.5460750911259953,0.5959715780675034,0.5128343873622775,0.5148464103281767,0.4980030268365853,0.3580371904754974,0.44380222853181395,0.4444039891276163,0.4461714504685945,0.49219438792710823,0.3916347762094885,0.4183079908760197,0.5021643338530896,0.3724765163472847,0.5233046313299415,0.44522080361999605,0.462593879437262,0.3939000733556376,0.5015946344750978,0.48116636527370843,0.5509044404091109,0.4376851892552413,0.4927062668900661,0.5053407859335268,0.5321479129809964,0.4631291692786058,0.45448314360813474,0.47466289562408187,0.4768067204035932,0.48489855623476014,0.447292189637229,0.4594498473716325,0.40256306812540454,0.39685389153916406,0.3120538148201833,0.2818143768866138,0.2516174592917923,0.2516897364835182,0.33488859095771806,0.18206116616876417,0.15438320959997137,0.11959002457937502,0.17149026091607003,0.17086446254371712,0.05991926588273253,0.0952769612795217,0.08661644494904149,0.09840192950068001,0.023040447464510123,-0.0021459427222738185,-0.003313363497314061,0.008725947631906934,-0.06672644682246141,0.04303665867965911,0.03833351183493525,0.11787212666070875,0.07366652230154927,-0.017699090896143656,0.029990802157815688,0.13149765527000506,0.07630846293581575,0.02955529838311021,0.04450189970798563,0.021110126874875148,-0.014172955240110155,1.0
-0.026205087941676135,0.01603194908861879,0.04835568509492012,0.050515992979990765,0.05331814310663419,0.042735734365099795,0.10888262232770739,0.12848977532209765,0.08243290456566058,0.14592437527273908,0.05131658781749808,0.18597170955785733,0.20321348215661217,0.2096982166887491,0.17369126291072956,0.22604967272126927,0.21942762549383987,0.06858090389877294,0.27891048064340884,0.2609776493465141,0.2789915682856284,0.3389966588623125,0.34285959287984025,0.4049438621325582,0.4065684177827741,0.42929298758105,0.5556258415752874,0.49936500169891346,0.5081932655810113,0.6209885943763657,0.6526486102869418,0.7545760119673021,0.7474982463744821,0.7763937681806189,0.8293054386232066,0.875450056523109,0.9093992227520797,0.9128380710273388,0.9440366993504439,1.0043762421594207,1.0632121066232767,1.0866637178568885,1.1457128285191907,1.1037003287112175,1.168677033980306,1.1422134592681215,1.1553914473211468,1.1714855212352788,1.193961484188865,1.2077524080965527,1.2155942061484766,1.2300629372869025,1.1425877209301665,1.2053052157114947,1.0987762617594936,1.0714633421436766,1.0903309292687855,0.9363753188240799,0.9165702578544136,0.7984275859853633,0.779456907114414,0.6921716408792153,0.6841257149890263,0.6209557950518381,0.5252581822796052,0.5062662823530464,0.3565051270436199,0.3632428675379309,0.2989299586783805,0.12111903216880372,0.1915570385354551,0.13526353244194333,0.014487797946191573,-0.046712512220128226,-0.0327295824823973,-0.09398460955540743,-0.12261174878052425,-0.25460294353911417,-0.25302092217431144,-0.2714291741197947,-0.29993471072731276,-0.32786201250220315,-0.47863674193126077,-0.4195520560798276,-0.6157974634016434,-0.5391151951089043,-0.5831070705911305,-0.5572718840094925,-0.6748343037752444,-0.5761282728601278,-0.6370401179266962,-0.6300826674712783,-0.6781815230182197,-0.6248864279508465,-0.5929846001497511,-0.6181748713771681,-0.5985573446100805,-0.5721291699333233,-0.5170328651955044,-0.5135852070329207,-0.4963585939482431,-0.5248217269596872,-0.4808989207811489,-0.2767991127705341,-0.3498453375787219,-0.3313468226572839,-0.33340692242180614,-0.27540026150948227,-0.18438207348245472,-0.20149995346258667,-0.31263427839019314,-0.3233214984741596,-0.21638120815061476,-0.1613839640235443,-0.22085578725769286,-0.12853972505087372,-0.09802379508604357,-0.12422254351835642,-0.09111439784306398,-0.1266534208932429,-0.1261456594751602,-0.08179266234972372,-0.06065198797758111,-0.006537187068363932,-0.1042387195087563,-0.03651849509371368,0.0032599987818610274,-0.020384660810705786,0.0
-0.01363778551865025,-0.11027210321550851,-0.02680637823365318,0.08590787970828662,0.09714853674877014,0.08465171594448069,0.15970444073677825,0.10130438789273744,0.17590258398548406,0.21099268821989461,0.17172087387734078,0.20815205529132136,0.26442495670222166,0.08930943111592665,0.2946262053481307,0.3654916206106497,0.29702223838928293,0.2825838889869932,0.38603991767041973,0.3856289676864463,0.38132196043459377,0.39495406962668733,0.4752923818875075,0.4305730133729643,0.5478635423475102,0.4741615477724897,0.4729076983474543,0.6412449441508863,0.7072178687729879,0.7094959486199076,0.6975362780504338,0.6036383238624841,0.7939125436125432,0.7384357098193567,0.7825523495139918,0.8745043023973894,0.8474995571778018,0.8843145045250158,0.9366373852120814,0.9796967190961947,0.9503409668707055,1.0085200306046758,1.0309603191024181,0.9945771969378444,1.1651098162148095,1.2192573614038487,1.0201063588229522,1.1226474465894278,1.1261496293656563,1.1413944441041757,1.226652440202565,1.1069406823980397,1.0632297097877186,1.1465621532315486,1.0269796174867059,1.0116711086653996,1.0070267982631684,0.9543551833576011,0.8157080890678731,0.8175438985725086,0.785217054749454,0.7173670486610801,0.6687587030517764,0.6275558941170145,0.6293698667904971,0.5960595094207672,0.4901829309836912,0.4715547310490137,0.3947712169654611,0.2873242605310191,0.19893893367991952,0.2710222891891373,0.2071256331934349,0.03685233067895559,0.044094117505982404,-0.04090845232672411,-0.003927858369959316,-0.036101187654362585,-0.05676352653904245,-0.11302256452143453,-0.10086519117619587,-0.29642592285392155,-0.30436011930544815,-0.18278282314151234,-0.3064693817321948,-0.26709956655736106,-0.38603444506692997,-0.39954811552807407,-0.36866861819315,-0.3889800500245845,-0.4140738283465876,-0.5166330715798986,-0.45382916938419504,-0.5056686448322679,-0.4399411064839674,-0.4501388577213248,-0.4880364801508592,-0.4922658902865149,-0.4579424185649072,-0.4642610988713156,-0.4527148358558067,-0.45451999094562834,-0.39327613287889035,-0.49811831571511367,-0.34462727475926835,-0.45013110394295214,-0.4101854869061737,-0.30555825523896846,-0.358766889897106,-0.4207057783212822,-0.32451529988671873,-0.2923116911473183,-0.3419593159780551,-0.29073308964514644,-0.3706935205051907,-0.3522408738168802,-0.2516866345852408,-0.163726782882069,-0.2680251774525238,-0.10455717190992456,-0.16022356404895183,-0.11116386292486377,-0.10843173459242542,-0.07690790689842081,-0.10839552055366078,-0.06987467420906643,-0.07580781845868154,-0.02884698615658376,0.0
0.06978284798325939,0.06928179363455951,0.12669612033407515,0.0561525719347469,0.05942569474743918,0.15849721318754184,0.1856189827448903,0.16720423852872923,0.10607345086062708,0.18354928775028867,0.19478359255338312,0.34799543362794033,0.26098904396441136,0.24117313961813,0.2663542927036306,0.27219685849405506,0.3578405643978708,0.27855611421335796,0.3450870985497482,0.39687840693893656,0.4184937552569327,0.3976302764550548,0.3309150672877082,0.4193278079028305,0.46407910896002985,0.47304533003799,0.5565189551700519,0.5634549318365272,0.5850172642951454,0.6511518896645963,0.6497465584843689,0.724453339079938,0.7322785112185366,0.739181430882356,0.7888630725599534,0.7941648267435677,0.8460608141512687,0.893998950595683,0.8827891888896056,0.8724329850176176,1.0178220975603696,1.0159845074764153,1.0364556677438517,1.0090729680331398,1.0886951368540627,1.0981362372520498,1.1289404235949092,1.0002011350112578,1.0954917732564975,1.1490392391999151,1.1427541212645635,1.093503063076837,1.0976237903013868,1.0420087960594724,1.0110649151249056,1.0352657189707837,0.9325835754786065,0.8747896711496732,0.8328236385779381,0.8008755872839234,0.7075973998679779,0.6549714868101881,0.7087570352251776,0.6254371407934205,0.48097637419346045,0.5117300636394296,0.40717948011777266,0.41455530379463285,0.3324274447068015,0.3179766192389666,0.10390393224901978,0.21827594271974612,0.16243906361243932,0.15471751188170443,0.07359932748055016,0.03330321783304104,0.03995256971667627,-0.05182589892613037,-0.0035175047277625094,-0.1406738327242196,-0.04157481562153157,0.05690457340271872,-0.0335584281224922,5.398749051087944e-05,0.09275460545126415,0.050993800297958164,0.05595340870059225,-0.03240230777388933,0.11486703501349864,0.1086299762926593,0.056290969262756854,0.11740357099332183,0.006226640391230845,0.14418586931793648,0.13097301741622053,0.06481004773368271,0.057411938196524875,0.0536027374931167,-0.13153576545589082,-0.11764306928027793,-0.16830370654813098,-0.05661069845241525,-0.1776710531312573,-0.13481194680005026,-0.14905764735310778,-0.1829810430639045,-0.21928519830978216,-0.19171671808386972,-0.25042833411568655,-0.17682104990255998,-0.2152680400839299,-0.21401881930679545,-0.19177304268199713,-0.17333977826972294,-0.17867098547732166,-0.21113915149420212,-0.15156308063712845,-0.1728648253849346,-0.1685015404435825,-0.13967930828821862,-0.10171906378442722,-0.03789069155670203,-0.10370580672857792,-0.06516230618808999,-0.08959547561770631,-0.06342345207435394,0.014269659272912289,0.01550986273480144,1.0
-0.27531695697509717,-0.24346634784092738,-0.2907884372424539,-0.27711833416245873,-0.2723466200538926,-0.31869666278891495,-0.32480187327529114,-0.3815913291526404,-0.38208616698032444,-0.34126187175819755,-0.2888218195491795,-0.29722435465086694,-0.33606876182867085,-0.3267495573425288,-0.3026691243084868,-0.27746118319065743,-0.30713877576396154,-0.2745827895664744,-0.28172119725484346,-0.20592999279891447,-0.16023143422904412,-0.19266517725176363,-0.14842696970494978,-0.09178190091918507,-0.08640059727609668,-0.057523105270851665,-0.049095229153076486,0.11169096081662935,0.045267699757062255,0.11176431737911355,0.16547086875002026,0.17382540053700646,0.26068886017862514,0.2714968269693851,0.42102677518282183,0.4770659709775046,0.5119811738737442,0.6521242944942574,0.6336208490719997,0.6588331381582433,0.7298161546811147,0.8207547022423026,0.8698989925395357,0.9130428367719736,0.9925162409103788,0.9552319135408512,1.0002112662011766,1.0131779627137807,1.1346108171237923,1.079779751699609,1.0405543824523469,1.0856822066490506,1.1189994181153498,1.161763843962411,1.1306829327885473,1.1105984702999492,1.1076485693833622,1.0279259978288224,1.106350727119555,0.9659744926838469,0.981882813421243,0.9204032673637973,0.9187955203987153,0.9673465083587175,0.8129452898449295,0.7625006567804189,0.7008176181768067,0.7837200947356939,0.6314313165085873,0.5826919258434338,0.6028026262268493,0.5743299696648926,0.57167956267854,0.46960552638261477,0.421043052547927,0.39797812875826233,0.38227559019812407,0.39483798042688384,0.38597354773591064,0.4517861377428568,0.4871055869541764,0.4548536906677643,0.45519982208840554,0.5098875934446948,0.4463703581949948,0.548623263507678,0.49222758063559047,0.5405609453776782,0.5852856988538275,0.588229301218379,0.5531635077458658,0.545517692654006,0.5646015870354565,0.509840877617878,0.5541661181323061,0.5276640948418727,0.43507368452185385,0.3519429331354876,0.4242850963291376,0.3074421777359587,0.34313985089570204,0.32577672291685966,0.325737944963454,0.2103344508796758,0.1293495049515907,0.12309223523919084,0.00644591968919446,0.12714905622876807,0.01721493267684448,-0.040869055449459984,-0.04276594075412934,-0.032929433956681346,-0.004066058240062384,-0.04464887638849138,-0.05476121501347535,-0.001490747663760339,-0.12340067511709865,-0.1484358614969054,-0.19077517817488276,-0.26258949153792394,-0.21775459948135298,-0.21059303234923923,-0.16143196868379656,-0.26830509366191563,-0.09556327108570056,-0.2260389296607614,-0.18503235773084395,-0.2569426601616043,1.0
0.16944133376036397,0.26185276948221564,0.20739489657378393,0.3211979200022866,0.27051464498184735,0.27942012101908764,0.36104023901277243,0.32512177676069653,0.23213118514781225,0.20203225280782006,0.2688002242997647,0.17759704060493592,0.21721476091393552,0.20919764894161164,0.31969302460172955,0.33895347191239295,0.21217810392253686,0.30473262402103174,0.23130527581985327,0.26899561322953686,0.2133330226234385,0.3202106632495821,0.2549296660437922,0.22501376617834595,0.21371910445112716,0.13812094765518473,0.2841038270165042,0.2664364562012393,0.2597734448266605,0.34366223165011517,0.30274813015601065,0.3784266095744305,0.34972475278096393,0.2894694593038623,0.3718831776214162,0.34126725599862884,0.41884797182020866,0.3974189126868558,0.4281387763613889,0.4201946435289782,0.5631990863440203,0.5450943517540536,0.5029954909653543,0.6163899188322809,0.5416798929345338,0.5823300172704253,0.6137766819865927,0.5848916347945964,0.6294483060022422,0.6604484271888534,0.6354323972826667,0.6328425588639724,0.6460716660279341,0.6433214801355421,0.5642294233330793,0.6180918111636241,0.6107077682067338,0.48803978001693216,0.528089911995191,0.4598776757832524,0.5237605382899512,0.45260562642538377,0.3803071268057433,0.3260957573935803,0.26794574078883604,0.3686414489839681,0.3405458251223168,0.2646897226760081,0.18231445616987518,0.22612706400866842,0.1193493213460668,0.09097848838142933,0.14532600377218596,0.17149526175376434,0.18802426559406382,0.07504024960926041,0.07691553405445596,0.140044527340719,0.08294619764072098,0.11041938358931028,0.23873347256788807,0.24530682901257095,0.23936968984523904,0.25632075284209294,0.36677421215201095,0.36337061442584917,0.3302409194537887,0.42468728858261906,0.44796222985748424,0.4245296760075329,0.48329001234588814,0.46363840619831403,0.4951607894243407,0.4395044667095542,0.4921522925209852,0.4207222171159344,0.32136181393014346,0.3976515389414414,0.3755141704438674,0.3517264610234299,0.30477546220435225,0.28752226893412136,0.20730407353973576,0.13349022085064344,0.18853899632706006,0.14406346861137218,0.15299792994589015,0.12070849883875295,0.23735626685210248,0.15000189246271461,0.19878512391714273,0.17643531146129995,0.1862210875839991,0.1111161974351282,0.0911846437527232,0.07184065031622443,0.04865345980128136,0.1567468786306877,0.13760211969049196,0.08162058042023694,0.20451465579801517,0.11968600568314704,0.23787569490368027,0.17968997488327124,0.2192598794093366,0.19803529233557124,0.15392733981591578,0.20996170014056467,1.0
