4.203368454024109,4.190137982475652,4.191080283144156,4.197020382155075,4.177790754543075,4.174835396819629,4.186232555354681,4.195696500213572,4.136315138409699,4.1696802209039445,4.158689970472178,4.167913852131824,4.1575567434531004,4.157751154504575,4.161212255245207,4.156108007427586,4.159344626944502,4.142545588960156,4.134377901645934,4.122356824737083,4.138594096161607,4.13434129964025,4.130125286730561,4.136045656103016,4.117921420877815,4.1210922948624455,4.134621708200146,4.108942556877338,4.111547214198604,4.129209021297866,4.134958896010423,4.083934568761687,4.091498494814119,4.103553239599751,4.101827271348357,4.096681938551208,4.094670625605104,4.063677998513459,4.083074995081309,4.0657723715134715,4.073447031151251,4.090610380967533,4.073765871743011,4.078454562170755,4.065624151399332,4.082175154054681,4.037723934980737,4.0715262700886905,4.054717801532189,4.053985038287296,4.070597090050036,4.043649341205446,4.060512642111134,4.038312747954147,4.055567932749645,4.048436648709595,4.043032454544686,4.037342159543655,4.041191169771224,4.041241886699956,4.02869811211496,4.035592383010951,4.009498438731361,4.010848110208544,4.019983595425172,4.0394352876229505,4.005423174975683,4.009042572821635,3.9980611916040867,3.984845486610695,4.004957401377014,3.9939833855773688,3.999684077354144,3.9777050704981307,3.9898656767092096,3.9896479611509355,3.9535358283771007,3.991316336115149,3.978083698081722,3.9755978432301466,3.969984237060539,3.9633829126822127,3.9708167463789126,3.9454049332427603,3.965211369695256,3.9613808349345985,3.9556266872574857,3.9580275993957224,3.96637233372348,3.9495812452271424,3.9296639592651985,3.9298219033521438,3.9301580203148623,3.921446738819048,3.918930051003375,3.9158554239708887,3.9418534841580777,3.939135746353521,3.912658014498222,3.9233943587141917,3.9185970953962697,3.93297124006373,3.8926633226271545,3.9078243011530094,3.896837482737638,3.900585532765382,3.8968338286880533,3.885739728047847,3.901825154171428,3.900762219558772,3.8684283949369744,3.8992927921558165,3.8952335274907828,3.9044727234305356,3.8817317865938197,3.8890443192771906,3.8690347738724333,3.8627931088239325,3.8806916258481317,3.857887141739158,3.8531915875436553,3.8574905873751426,3.85371586233466,3.843186063085374,3.855655019387595,3.8446759606741914,3.8452672970739243,3.8444107148937707,3.842725043345942,3.823493599577349,3.8357696199247946,3.843295118334408,3.8166549401129237,3.803158333888973,3.7778140584462387,3.7729496923401786,3.7883950961825534,3.770435250943108,3.7791466909732887,3.7774011479457013,3.759240496376392,3.7313896657108185,3.717160080153562,3.710671256258446,3.71978206443196,3.7032956613204244,3.679386196438729,3.6612877621514466,3.6569266794295046,3.6203250796335973,3.6172662746770468,3.5799375555331467,3.5480191374536343,3.5194864403016415,3.501964632192739,3.473709091811771,3.4221888488091126,3.4185611455740346,3.3462786285683204,3.3377811624835183,3.3204382389265485,3.2484628682891366,3.2343115507409634,3.203655410790929,3.1470130510423258,3.1465429889907663,3.1157481949434698,3.076162262622689,3.072223439307163,3.0154444443086494,2.9931620424058702,3.011287207768036,2.9844834645108715,2.9510555683819395,2.937869172348284,2.9114243200701844,2.90639797451574,2.8926433106092135,2.905871742239716,2.8828731872821414,2.8715884542510346,2.8796039761422,2.868123748110696,2.8703660792208767,2.831497503715277,2.8604860845414937,2.843721596548773,2.8284549019190597,2.8397522968553415,2.8470131958836644,2.81843950944719,2.8140267751579073,2.80717153460841,2.7846495843594514,2.820517752344792,2.80824931511866,2.8034513445974776,2.802015492781538,2.7848597077664072,2.8144799947520958
4.120370115995652,4.095980801362409,4.093858429056589,4.085235645870177,4.061847783453587,4.085136531935003,4.067566476085751,4.06183094425035,4.083571509132479,4.0622230069474545,4.054348644468491,4.037619657956101,4.038629725808847,4.0538264010922,4.054365055808536,4.0536756449283775,4.03697192651984,4.036812734667893,4.047190877417563,4.02365141009085,4.01243950784347,4.032702454209686,4.0332164717415315,4.008606652466425,4.045955835616932,4.014662379155051,4.009767897878118,4.031320291792234,4.005732220110913,4.001826380634047,3.991813433608305,4.011827639886473,3.9932023576724935,4.0101244243284855,3.9912360996168057,3.9831041642784313,4.006814444240277,3.9991226895686163,3.977063581955779,3.9766424710194035,3.988538581476634,3.9673496041054817,3.9655044403872273,3.9574255636714164,3.9700942103766184,3.9670967811964246,3.9773245900945353,3.9542992868296296,3.94422284076282,3.9521895052380964,3.958442519361396,3.93125295801346,3.957354347927474,3.947492585906894,3.9442439931645383,3.944417533834103,3.926087786154678,3.923412737116422,3.9495969157017767,3.923506108367384,3.9398001073527333,3.919796283478035,3.900973611534803,3.912296136787814,3.9118635400088735,3.9064948839534464,3.9171708082546863,3.9074831970780077,3.90947943625613,3.909612843049874,3.899690482395871,3.9088223203177535,3.8954047850606677,3.8881681416683476,3.87590903370503,3.9013295893100812,3.8930768654021612,3.8760723331326328,3.876723008682677,3.8658828176144038,3.8629565077738706,3.855427067910537,3.8556996976788125,3.85725988193163,3.865065270629713,3.841585361450004,3.8521890819042355,3.843897635839272,3.84401267390305,3.8657277776546892,3.8301308359239177,3.8425644004135475,3.8463412045356633,3.8248026625449203,3.8310426277578222,3.836649109737837,3.8329211194703747,3.8120717849971686,3.8277169197356513,3.802434702228085,3.8071363752173957,3.8029704359496117,3.8015577547589854,3.787502114667976,3.80700539416814,3.834146176867862,3.806876178163694,3.8074496841981516,3.8024510586742224,3.7915504301900533,3.801109608049724,3.7931121989580556,3.787521885459146,3.7575023461788115,3.762836570304438,3.7331551427289993,3.7498947952479686,3.760300880927713,3.7556279750717425,3.743159959287867,3.767078306785563,3.7586069238798285,3.7433683759294456,3.7386120036509363,3.7484069059439893,3.7252821915533407,3.74262078132391,3.7344339026741937,3.712427025118077,3.727626373015854,3.73210581486602,3.7272554257750423,3.692249233084652,3.7064825363585547,3.704549372890866,3.699571758009541,3.673695268254869,3.6630114489191845,3.6709339440023063,3.6625981286254032,3.6508660421149117,3.634814402024493,3.615209778715174,3.6251396966702263,3.5905601645382617,3.575854060813339,3.557605711807071,3.550501315774044,3.5504300191327895,3.5247175355336675,3.485686407963242,3.460618927328809,3.454179349020393,3.4004331381862665,3.39323592825309,3.355750697940926,3.3218656530179236,3.297988682518741,3.2411154472754795,3.2191015935296567,3.168405749723209,3.1758999272203123,3.1310894471712034,3.0899393702421167,3.0870273710487073,3.042314186677436,3.022489923249354,2.966780488442921,2.9582063449106113,2.93334979474852,2.9369323046857603,2.9136453203961823,2.8926580931137473,2.860847624171209,2.872794467482334,2.8257549880151163,2.8222066488702247,2.817995230946747,2.8084115198599577,2.814446252264723,2.7950141451099997,2.802777781842434,2.76297341447819,2.771837903093445,2.7817718466227537,2.749623391997348,2.750899619866427,2.7434204729016867,2.7617986466601643,2.7521611044305954,2.7200355782679533,2.7258664699885404,2.741704941902753,2.7359668335578116,2.758586653670567,2.7288633486748015,2.7149453712372784,2.721556638420689,2.7202851444835567,2.6981597571310387
4.106289727359231,4.0762178137859895,4.0874431906323,4.0859667496275875,4.066645157328582,4.082414222039894,4.081100816698529,4.07710575499627,4.070261165535908,4.084356224115864,4.071162083544148,4.096664416193588,4.084654067788646,4.074816158849314,4.049489868730265,4.043073067001356,4.05950733443597,4.067584945980496,4.046278052400086,4.040209231130574,4.037755034231653,4.034364000979411,4.032564341784359,4.019092339461096,4.02820625138434,4.02155517577384,4.0181998307890865,4.013132621923862,4.033393908971281,4.0294343991286095,4.00054279518188,4.006416292351812,4.006322741247351,4.016725642132355,4.002499103023166,4.009544753932952,4.011176217143319,3.989916402308126,3.9825959770991375,3.9914625047987085,3.9819780804840597,3.9816119088371567,3.9965997848114516,3.971328512560795,3.983622504082329,3.9738383431112374,3.977312287707749,3.9534740218499596,3.9639575384338137,3.935078051297751,3.962920793795663,3.95514914334349,3.9472378711673364,3.966614972930853,3.948760822810488,3.9566852977465627,3.9462552889456393,3.933792612773745,3.9393348153819376,3.9311502328702987,3.9078609695503634,3.938416421126965,3.943068253928357,3.9439176843204597,3.9144916487998773,3.9292592364909638,3.8975424174537885,3.9256530165267036,3.909367815006401,3.922293080384553,3.9119695790292153,3.891558343116277,3.894601152088375,3.890269711368062,3.8994994525850295,3.903559787296865,3.867516765687496,3.8758854155893445,3.886541084365887,3.8714489163278767,3.8736913005847184,3.872373539090722,3.8728676501372363,3.8741011466381394,3.8641271150259047,3.867497926185128,3.8454451487132757,3.8518908233161997,3.8474788811968565,3.8624664136623625,3.8457719534775374,3.852569667900298,3.818002192687002,3.823976189982057,3.8192665912939714,3.841259750533014,3.823071221624318,3.8341903000303175,3.816219984829552,3.825542334657981,3.815674339166298,3.8019103459245907,3.8244716238717906,3.8161021055433357,3.81352442361419,3.8123031008394563,3.7980978829798904,3.8027922704419033,3.7900136045331942,3.802293830920467,3.7759728444931686,3.8124163168735907,3.7936477950139045,3.7885168384190937,3.7702829349851723,3.7993142746058752,3.7829547715282743,3.7840802433736003,3.7774715991000023,3.775380039230743,3.7801390868181546,3.7605120582512086,3.762616072745895,3.7534260605255176,3.7522246132241404,3.7595028953128455,3.7618963062558826,3.750602684258569,3.7533310208588024,3.738735742266943,3.7173722943978853,3.6761331221107745,3.7157573960195944,3.702659198952918,3.6874158399146735,3.714853133961674,3.7048573817207866,3.6870491185580296,3.655005441928826,3.6689499795967397,3.6492457154740783,3.6734691217422504,3.648682716675103,3.6551973715211195,3.601467699541222,3.5975384026087798,3.6099507265213346,3.59506680531882,3.5604703475408233,3.540228948572892,3.5375184613626347,3.509113936137614,3.4807867982772396,3.4540572510691043,3.445138826879237,3.419808321048749,3.3940208897228348,3.362926221128945,3.3070702727132066,3.2818117317131605,3.2688015969908033,3.2083403396765067,3.192067446356186,3.160061734686524,3.116077800637575,3.094436816854263,3.0748377353295098,3.0570438438206673,3.0037854289679036,2.9794914926081133,2.9639301609649817,2.920999858366612,2.9189369628268556,2.882686983741808,2.8910481936106565,2.8638185494821906,2.866986168473261,2.8295243346594767,2.830036915650359,2.819814027220889,2.8064148042685018,2.8093516248065273,2.780549313450034,2.785820095541308,2.7743424245577937,2.7618541548940456,2.7803176195607873,2.7567455154550493,2.7476796325206316,2.7605784459981013,2.7404169179954887,2.7378141763744064,2.726298936027865,2.739862423915669,2.735330688740847,2.7125720734495817,2.707509730784985,2.7218883406935195,2.720848196082495,2.704693776068546
4.157408860896687,4.134906670086138,4.146440541227738,4.137801205526936,4.141157486005375,4.1514488633324715,4.119619169418598,4.110382916240071,4.130532033536821,4.140019224885713,4.116587243540677,4.100407673882292,4.087182048887175,4.119205560242317,4.124334385574682,4.088573606196688,4.091673970542935,4.100973010133161,4.0946560178230875,4.103560832196935,4.104901208842737,4.106978773198669,4.077714560050762,4.081701688360325,4.094312869556649,4.076188885898493,4.076644367023519,4.073780615655391,4.089134509195991,4.091631091891046,4.058437971012867,4.082515331235572,4.044850632179555,4.054394277433164,4.057354431187399,4.049829233084732,4.040100268690177,4.033351270328392,4.019376971604599,4.0555591473938,4.060447291744375,4.030924256290438,4.049752036282283,4.047236618122991,4.044052684674873,4.000184332620652,4.026730100691719,4.042916676837245,4.014481857058106,4.02157598548111,4.00919476497339,4.01983286287048,3.9855881085774447,3.9801850568290673,3.998248566189915,4.011604655105274,3.9928672011558874,3.974566837428189,3.9985486757694257,3.990266479010253,3.972172604164907,3.9865495080038866,3.9996569663677364,3.958843079436237,3.9493643703199757,3.9560022613653674,3.9579574324786013,3.9693495253348123,3.968801585525372,3.947359678041988,3.9411801699571694,3.930277992079074,3.9692759743939843,3.972996667808794,3.943910375460271,3.9537155398294064,3.942412642858217,3.936823956969319,3.915737072594324,3.92198214252715,3.9229759570330685,3.9421914349776768,3.9274374306121005,3.910897846912169,3.934786536323584,3.9036934247308492,3.9115429606245216,3.898294801419663,3.9278742499334127,3.9088427341093386,3.8864434513687325,3.893825360641015,3.8870733360109173,3.8907628327649677,3.871811979363784,3.8892588166678097,3.8834540590758775,3.8866766114618923,3.875277973513368,3.863872237676039,3.8717549913768936,3.8982866877026634,3.8575975995091003,3.8678169443261323,3.870904662459241,3.8569424996035724,3.872263992528696,3.8740587235593167,3.8505983691329173,3.8350914819521194,3.8444892171994804,3.8424831496301137,3.847217704354039,3.849579757373228,3.8469960896152915,3.84362212192366,3.8357927440271262,3.8010478127306713,3.809822292062677,3.8112411358155,3.8057233627579743,3.8012288699579773,3.816523055066944,3.7940139904776693,3.782026231559195,3.8184896024103017,3.7994370951894325,3.7918542895266785,3.7728038580545715,3.7812721831440004,3.786966040695755,3.7637910075515424,3.7650580708412247,3.7443258764916525,3.764197427678561,3.746964986132804,3.7393526938209334,3.737686203623973,3.73217383860315,3.689771512056199,3.6801488318729074,3.7041821461106776,3.701894079710625,3.65699026724417,3.6431290070280338,3.644985103879895,3.6342234757462486,3.598097205261247,3.565950262659785,3.5488001636825315,3.540650741017656,3.492922005719553,3.473104153596048,3.46025349719712,3.3996137322122095,3.3813218389863073,3.362132518250016,3.3026437087167846,3.301033219802366,3.224956525893121,3.214616814133903,3.178070709476293,3.149573183559001,3.122925608030048,3.0870668216635364,3.087546528756513,3.048200733747019,3.0141171669539695,3.0051141447423397,2.983814485811402,2.9710738426011316,2.943401348237349,2.9073824567668893,2.9038134418716286,2.9102125394419613,2.886523582494258,2.8791351611147453,2.8675685472737986,2.8556899295460605,2.8590507609735187,2.8342244616667354,2.8204860029266388,2.8148637060680914,2.8019465003643886,2.8194841793753103,2.8300580543176697,2.8023878557488633,2.803368461946778,2.7943831946236823,2.7844917684513666,2.807642258610074,2.779769137562333,2.763963911077037,2.7910590320808666,2.776770963144504,2.7769239180144845,2.778844090323345,2.7637677531618476,2.76270767422471,2.7454967774896772
4.1575002628686,4.1573475052917575,4.163937324899077,4.153494677138892,4.1772612400031415,4.161285571846043,4.1419760843985545,4.138659390073178,4.159740617105375,4.145292976686615,4.1383889730693255,4.149336968952516,4.1347670805291274,4.124669732764317,4.101560381673131,4.132077364857329,4.129920452877344,4.096649374407924,4.097433135961935,4.112295843614223,4.0825212096881565,4.090264504727999,4.087579053151552,4.098900614787955,4.112989924941923,4.089313629824798,4.081712550808092,4.0840056479531075,4.106711852070829,4.081574339967386,4.060650780328834,4.087353647346982,4.043993668897284,4.0523346639115445,4.0710433796073895,4.061840983411346,4.067289882213843,4.050861520855798,4.074142009137674,4.054192979206115,4.059050484616528,4.0428638773881795,4.051438902624376,4.0425119038841295,4.022580352262025,4.02389673177015,4.024587434881795,4.035188661277324,4.025980254441957,4.017381556087725,4.0150404152344015,4.033522333655851,4.01255312181533,4.031475233387816,4.019478159997688,3.9945321283876964,4.022611917864309,4.009901891008517,3.9996544559814327,4.000929446630384,4.002627353830826,4.000930202283436,3.997978274654926,3.9875861592902875,3.984025086826919,3.975174309677042,3.988992459510244,3.959327175641503,3.9786692355081907,3.9632356292698283,3.965413994549021,3.9587863651586424,3.9666832417653484,3.961238849517394,3.944629172163183,3.9564129786530673,3.9415416081792936,3.931463219644624,3.956520489995104,3.957008709932974,3.9137281347761776,3.9376709174414044,3.93342119118291,3.9414140184494566,3.9367784147584732,3.937230943559478,3.922580738236607,3.9231927362854253,3.9338096866254553,3.908086863658945,3.896850520787774,3.912119341209025,3.9038367109822754,3.9023631281605935,3.9069256141455275,3.8987851568001393,3.9082098833235404,3.923068833223026,3.8955985730016014,3.884708392765531,3.8695170355734967,3.884083663682298,3.8928899947226103,3.880224621126537,3.861025401788573,3.8835983894864663,3.8724882441518425,3.8799665641637313,3.877942522081095,3.8665281855139804,3.8616123760986314,3.860170255138968,3.855571304932486,3.829694369295037,3.8324501516728167,3.8655149175847883,3.8430564212854317,3.8444562051832247,3.820659748668296,3.800279446694962,3.8241306437875715,3.8097859021804816,3.8432695881834062,3.8115886380384074,3.8275221195668205,3.8301877203509265,3.8041551535819362,3.799924879235059,3.787200950958831,3.7984510908884563,3.7811460381410478,3.786232115143897,3.789190193689417,3.7644719941496056,3.781755526329998,3.771821121204901,3.760211214347907,3.7545743871168193,3.756470208270299,3.7424509434046023,3.7313820373266116,3.7228867102904997,3.7158004693107536,3.7158076645309954,3.6938895209472347,3.67284793521331,3.6379719464469114,3.6475745727172475,3.6312770092428495,3.6141654459710226,3.6088539231221293,3.5711586392186185,3.5694920668060885,3.537433713872419,3.5087325167111123,3.500897871921311,3.469077303855989,3.432315233893528,3.374172508668869,3.3481080545301842,3.3049239062852416,3.2789567658023664,3.2509246570836274,3.2092593788145733,3.18840851851775,3.1588340018498866,3.133053160297975,3.0946758287894633,3.066155860582614,3.037589296998796,3.0026522902455577,2.9889001463205243,2.9668760304507784,2.9465439753447953,2.9271847778352926,2.9139187661896035,2.915865160897564,2.891344152400764,2.8768655524979714,2.85800056850576,2.8551851377819175,2.8380172204292955,2.831947425119156,2.830695919564416,2.8172866297242223,2.7984014701144293,2.811827586635692,2.7905437026103144,2.797593910670673,2.7874925338672076,2.78236655744335,2.761914616145009,2.777733792495634,2.7901821489579897,2.7501227022120136,2.763103463662609,2.7721960704769155,2.774416596842289,2.7635882236969493,2.749246613431904
4.09859680425846,4.088435806971142,4.080745385940618,4.097541771647325,4.082386550242029,4.081204519315466,4.091768188165726,4.098758797685985,4.068483688437697,4.083904676083657,4.031436862673145,4.060301844193024,4.070083296787136,4.0564231063269744,4.040839468099395,4.05765125344891,4.054658081229792,4.0324040798647625,4.057912109903451,4.0448331351399025,4.052269343186888,4.0206566233203525,4.042938458156656,4.0336882691760945,4.032130104656791,4.042486966929183,4.02081568665642,4.032131380681465,4.008272370354962,4.028045776732309,4.006237321754921,4.013306602470498,4.001409793549993,4.003822041149952,4.0009126170004645,4.003603861419799,3.989548902323115,4.004753222609111,3.9944368346524515,3.9842900638394756,3.994499428339132,3.9875715449918,3.9673233387382516,3.9489031712881975,3.9768984074976705,3.9571851560080207,3.9515486542977456,3.987229744484064,3.9588770035273906,3.9582019260182597,3.9643885927169333,3.9682649603423426,3.9486760611905964,3.946377341189507,3.9427940751467077,3.9610462720629522,3.939897386819016,3.9296630191737503,3.9349188469447705,3.9356405646976045,3.9178429416088822,3.9374149524202653,3.9198073847602077,3.927394671531584,3.9117745442755996,3.9258859710340404,3.908287083327841,3.926011183694382,3.9061081678500735,3.902797948913088,3.885416210833336,3.8948709202685974,3.889603833354433,3.9066633876465153,3.891446872003305,3.8744111750881376,3.9005528455186145,3.872208496312147,3.8717161710958763,3.8790383759396945,3.8724747465551275,3.862706429911266,3.86567664240048,3.8720268599505245,3.879982563111205,3.86975239527858,3.851546801979962,3.867059349685289,3.857408280945638,3.8583951404169086,3.840769122242696,3.8446170999319715,3.8344257924968024,3.8308104544832986,3.8437344146295342,3.8395971740387105,3.850484513564457,3.8225943554800854,3.8316534270237,3.8068430331986756,3.813905831175764,3.8269910474120725,3.8334321824346484,3.8270353702643227,3.8161309736137556,3.8221607254257672,3.795030635591828,3.800824115278301,3.8113191412900864,3.7969062843563317,3.7892635589689365,3.782485094621558,3.7998111249595135,3.786142856333021,3.7500246047261543,3.7679592384787646,3.783661720189762,3.7525780244809317,3.7617896550337573,3.7623388560989,3.7560541159811582,3.7245940545127665,3.758199245535892,3.765695035474773,3.743345945199376,3.727551933617855,3.7361319739864887,3.7575642902052167,3.7318679099562835,3.712633874801969,3.7257119254567828,3.715044856944419,3.710829987875673,3.6965442848700354,3.6849621357879965,3.7076542785349322,3.70832370743459,3.688759536093767,3.6857327103698,3.6700338538920816,3.6480048776678564,3.6338293689789056,3.6385236838383848,3.611141798647093,3.6167518658817617,3.5686698823315854,3.57178256953258,3.551362705579122,3.528737802684821,3.50430424675777,3.4860436254720706,3.4447633827699695,3.4264228343227106,3.3985340768887378,3.363505808826804,3.349327050587201,3.315183950062919,3.2794869813296494,3.258175418328354,3.212712658788911,3.1710842151557026,3.1375843022988685,3.1164045058055394,3.0939811008237545,3.034280337260058,3.040550507151627,2.996440456029908,2.9827827247713654,2.974911715301445,2.9335785643941494,2.911466477920061,2.8925019311550964,2.890431666044113,2.856115891851947,2.84155321373619,2.8327583540158483,2.8075479172842006,2.8205775650408835,2.8015497497594337,2.7912085888010654,2.7900556577632765,2.7723378669617564,2.7764189062061324,2.7679440951463774,2.7801917271668617,2.752843762738575,2.7586175477613084,2.749913691261877,2.7551243048643537,2.72974965839689,2.7265356069344513,2.7362947042906525,2.722196896038755,2.726190696793944,2.7304447740120246,2.725791114877506,2.70309657158247,2.713530306268438,2.70073624213916,2.6960820458000496
4.062333192008649,4.049855986573751,4.032798915486054,4.025298438110973,4.04158985162386,3.99486821150552,4.022588309385358,4.037741517753961,4.0170973519361795,4.028707525630554,4.0446701701950705,4.0317500154623565,4.031576865359279,3.978225569825682,4.012001558744557,4.005002394087611,4.007176065633759,4.015499985480423,4.022226575205213,4.001046966124557,3.9896911041799896,3.9824116272154164,3.9752161802974038,3.9841506654295564,3.975383454169561,3.96492343816652,3.98615177529311,3.9597880261188014,3.987805604388656,3.9830169552677464,3.966919223015579,3.9673549441374054,3.965347350093076,3.959025756957295,3.975802664486543,3.9707184462414773,3.9222473359364143,3.942939230206187,3.9320031841457523,3.9614380579587034,3.9156331581164268,3.940819068381787,3.9403528805959476,3.9305707787124864,3.931899244308676,3.9143030197624964,3.9323628978918017,3.9286934308218466,3.9234177531366634,3.920176508700606,3.9065308442196733,3.9228122549185502,3.911951230586036,3.8913378620574965,3.8780579232505485,3.903554944184716,3.887797498536505,3.8805484979176095,3.889547367327354,3.8979931282250138,3.8667779846788766,3.883685247490007,3.8714732874073894,3.861913317713233,3.869949185019878,3.847912835375871,3.867208049289908,3.8696206372087265,3.886717902775634,3.85270954496624,3.8613828719696115,3.865240861259553,3.8543503437613555,3.8383154348141684,3.846418667958334,3.843751167740436,3.8191182170774476,3.8482235739529735,3.847626426103666,3.844493955929075,3.8219009804238255,3.8443658796518907,3.8245845897394046,3.8080608865473913,3.824620465919103,3.8144723807395335,3.8191457920211596,3.837984353068529,3.798100039955335,3.8195108177403947,3.8160615668501467,3.8153825969718196,3.804788951167264,3.7820337404398585,3.7772084316165553,3.7720424207578342,3.768053374984983,3.7766406389173626,3.7801610989312007,3.7820526628139577,3.783499138226482,3.7740917986974787,3.78696118182376,3.7710128167130903,3.746960275032782,3.76436167565372,3.7536876117264137,3.7518780137866976,3.7556593439643655,3.7658707699930267,3.749394078742668,3.7460562106422945,3.742200032076491,3.7459244026714336,3.7357603010338467,3.7176025469038123,3.718889176774723,3.738410380305385,3.7335159633668824,3.7297538896888973,3.7305549272814926,3.7119911153193654,3.716494257315918,3.7145250773702116,3.688962502658771,3.7235257227902165,3.7101423848006494,3.70876876735447,3.6896759098360947,3.677315155712345,3.672916097718198,3.6797275096395765,3.65236749710257,3.672647454624029,3.66166572362042,3.6564830741748477,3.642161801404289,3.6313780678767063,3.610095308665123,3.5934099520459095,3.6165625616086685,3.5809848576261807,3.5610627413166305,3.573424021309216,3.5536208842780854,3.525138754376029,3.505420698705468,3.496754672814936,3.4751037192194327,3.4458901224093226,3.4240594301307317,3.408379505952804,3.37131905987216,3.321286865816774,3.302326843252211,3.2840212936764037,3.2436601060903674,3.2275533831075727,3.1603220177644924,3.14196222037225,3.111381533518025,3.087301272137357,3.063625959018694,3.024934906844948,2.990459367340322,2.9446379176799717,2.9398454505439924,2.9240429211531693,2.9018990960944677,2.8573477679288115,2.841465822980757,2.8385905554993807,2.8390520400297397,2.8093656946470684,2.7946436617130934,2.798453883951362,2.7940087058293397,2.775626361934786,2.756791608912352,2.7901058990401193,2.7471400777806396,2.7465983728145713,2.7472247879106013,2.7301098825566936,2.7400676400259547,2.752960087793885,2.7157451668676855,2.7277071625953733,2.707611698200041,2.7071968444998613,2.703890293064812,2.6767171108592973,2.6792223102253314,2.664391644249812,2.6958561897769093,2.67651014766584,2.6780958858598884,2.6603329872080637,2.673156294669252,2.6620317609542905
4.2628677160231545,4.2314396750880405,4.227261236004998,4.261314896305667,4.264470771871739,4.2145904592315615,4.247063758206689,4.227922210968143,4.232694042378002,4.218585935938703,4.225571879303209,4.238127036419179,4.216290877692218,4.219910872117449,4.217164336009071,4.2084585646562,4.207667420630937,4.212819772491848,4.2043100000244715,4.222610409930008,4.225114465767147,4.196730331343274,4.189762901568293,4.19048142392034,4.185853953760186,4.174878364649354,4.192098389706897,4.184341712947511,4.164500880362364,4.171799357286443,4.159092192645317,4.146661739583925,4.149313982099295,4.1669593032482695,4.175716783651544,4.15881803550477,4.16159215385689,4.164746314364505,4.1552816162617106,4.142177728506203,4.130607072919613,4.141213642098772,4.132773464659201,4.137953813083024,4.144743022808148,4.125932750841382,4.128900326353139,4.147934511782153,4.131937801624056,4.10978746392776,4.120333475600335,4.132093345306305,4.114405316851068,4.096759250947404,4.099494424425499,4.1043339986230585,4.097630577013465,4.119566048164053,4.097887915776334,4.072214355311839,4.069174810972552,4.062640923196174,4.076912221076773,4.087958611090955,4.0638528933496785,4.075390452750901,4.060682718741254,4.069832543428448,4.048800246504263,4.049988802240524,4.060152761506891,4.048910182686463,4.049603983204027,4.064423782332698,4.072299599473964,4.049759746089139,4.031510798883368,4.063810203672307,4.044896310482542,4.033745782907803,4.045142767673005,4.052345905117906,4.034282287002365,4.026020169129643,4.026841318265773,4.0233120683450485,4.017250863320367,3.9965535844029345,4.010900273687567,4.016233727191361,3.9921648457399543,3.9900601413445376,4.008541551079981,3.9769357809894688,3.984338385808419,3.984181431173462,3.9983156681807834,4.000406079286996,3.9848733155963427,3.950008335623286,3.968560880358251,3.9660750420208197,3.976746533295392,3.9703494019979955,3.9655098867529586,3.9666555934346297,3.969144583012271,3.97698521267505,3.944047796903921,3.9440847132712666,3.924169406374035,3.9377154765657476,3.9458581470004117,3.95582904631693,3.9500441561309585,3.937290237266935,3.920102845441249,3.9333553268745978,3.9200608684778726,3.8908466633174936,3.903865104235397,3.9103061322122445,3.8883410200849022,3.8859124933937803,3.906891197261325,3.8951455888335595,3.890126807034072,3.871315782444461,3.918223773001514,3.8944035186701154,3.870123368186017,3.8872913186620566,3.860164356403398,3.8722548435504116,3.8409680418153176,3.85641134179212,3.861249281648096,3.8454654191568647,3.8165057802820685,3.850760171789726,3.8109775158221253,3.796826539250235,3.807555364865951,3.778942631983942,3.7894697687889476,3.7560305775887692,3.740241611422746,3.72010121495334,3.7230825571428716,3.662157918442073,3.686266484192131,3.6460150247172463,3.632115951891967,3.600691101724602,3.5606491619268557,3.5342439201026004,3.5018149045903333,3.4802947795171906,3.4571815999761224,3.3952100756122503,3.3772431611234883,3.356893462498855,3.326037886063697,3.264258864123168,3.2506233409092795,3.2288499538030377,3.190871841444367,3.159593329695707,3.1265502365093805,3.0851617013582895,3.0917523299956327,3.0430242420480265,3.052347414107854,3.0235294810348363,3.0249004129863732,2.997731379540395,2.9909196902869457,2.978022496637536,2.952185059400444,2.9541640584462634,2.9362393719413453,2.928988538173885,2.927082399307501,2.905484588904097,2.9180465223012675,2.918875685431063,2.8860535650116503,2.8981468479207457,2.878231155816748,2.8775864945166196,2.879539882112341,2.864568330510218,2.8673873154502143,2.8649343079920118,2.86841231746586,2.8328609268982894,2.8501442044432324,2.8547258369681465,2.8420539599949923,2.846386898937799
4.216481272413076,4.184344960529608,4.18093865949392,4.20177109963202,4.19343454061566,4.2126967666966335,4.183446379152551,4.17918633610704,4.151387440880749,4.172842885611149,4.158237193793096,4.153534545506004,4.188252863398834,4.177070339615996,4.169041276676541,4.147347422353986,4.163775734108407,4.1424942556315765,4.146410414651842,4.165828008410955,4.128765589309351,4.14794824307072,4.147137553785805,4.139840989030188,4.133861035157251,4.123420710869381,4.116101037935981,4.132708748692965,4.157593859584149,4.1232906668093205,4.10089601084066,4.102577783188216,4.111559495110994,4.108239863031287,4.098382973621494,4.105289221240248,4.096199888959477,4.1055751172787085,4.08956415439745,4.094565693716566,4.070835819085296,4.093879336176884,4.102778990640985,4.083884797805932,4.083263274796763,4.068564868179072,4.084695702738604,4.090624501813451,4.067780902728019,4.063104071164488,4.076833748610474,4.0575470779524165,4.046925092351928,4.050586692840129,4.041236019653785,4.056671912368243,4.040274191081501,4.044033511053416,4.028200496809276,4.033264419106285,4.025907829195896,4.017877258777302,4.02109138142846,4.021290780787993,4.030704169101185,4.0503213270873655,4.0306105298471095,4.011704898106811,4.005216638198518,4.004183264932829,3.997729989060843,4.029785415429156,3.9936178737162926,3.9825326899592346,3.9835582202043547,3.969893886013669,3.9909965322953997,3.9897180640109577,3.9926059409553294,3.973187269966133,3.9553404239498335,3.968182920832765,3.979597519909749,3.98569063773028,3.96598829824963,3.977576059990466,3.9571400445598917,3.943059783630777,3.9498486043005214,3.9448488846601593,3.962042810354198,3.933025255633445,3.949856519191956,3.9448661180521065,3.9386348736230983,3.948605581551272,3.9445959563144304,3.917408227256115,3.9365894409504176,3.928693033126079,3.9284966768168608,3.91736645164751,3.920947479854956,3.919700974083445,3.917283904700894,3.909951976327476,3.8989104528476655,3.8947376114172174,3.9144377976844416,3.8842945724250764,3.8946458609976027,3.9014431814816195,3.884067438819861,3.865005550258845,3.866072322203878,3.874162892839448,3.8847615000643994,3.874746415439465,3.8698160611461514,3.841092269604306,3.8533847628274867,3.863006928434325,3.8420316548929536,3.8487462990803873,3.850094295348529,3.848797253748899,3.8252620717194654,3.8351683472722176,3.8319530609677526,3.8224563398202207,3.801563359680199,3.824510201103014,3.814797183357545,3.826713243664064,3.807177594441051,3.8011299093615354,3.789169213002625,3.789635109495746,3.7517924933482543,3.735724707998037,3.7522877300228843,3.721553291670487,3.7025382037847634,3.7029380140766808,3.6750885953843366,3.6771472253117694,3.6620232648218445,3.6438504766562234,3.6066102877989543,3.590943382707647,3.558730915255982,3.53635618138447,3.509634181329097,3.470163822886635,3.4402845845234356,3.4149149776763443,3.3495686515742427,3.359832659527444,3.2957151407612084,3.254121531855896,3.2423225036985723,3.1803066721163833,3.1823355087294747,3.1494142610699942,3.1123766377202253,3.083381206392681,3.0941576585194217,3.0423572924012667,3.0121956688357265,2.9967718441733364,2.9689951653102264,2.9417820258462983,2.9344804225411076,2.9339132692495515,2.9238652885442225,2.9364361835117303,2.8969554656931638,2.8745402564967306,2.877576742049822,2.879052853069517,2.8627865998572624,2.8710327227382586,2.852643807839733,2.8373280448298215,2.825803421189865,2.825352535762929,2.837640600721601,2.8204079313271486,2.805154401127394,2.844186950423598,2.829010829907044,2.79023622952934,2.804150706579774,2.821885905844739,2.8011476203704273,2.7994523644622227,2.7895464913249906,2.7921961649028235,2.794809033443924,2.775982324453783
4.111519150429418,4.09811948887773,4.117966306635643,4.127293796263829,4.099033518499,4.092213090201217,4.095590784579808,4.115384695414688,4.100547946231632,4.089472125693983,4.094869446888807,4.107291692649632,4.079325245884739,4.112481636044295,4.088845586198896,4.087980527275771,4.0798941096373715,4.062382002505593,4.088977648185749,4.080634808611733,4.056907292966057,4.066410851363791,4.072723446288133,4.060517831578356,4.051158239732803,4.076482733400315,4.039946573688192,4.050669696628461,4.038490151957782,4.034082563285655,4.033883063638798,4.045483640086207,4.035490716191133,4.039404134875334,4.039374721752781,4.02695554816881,4.027040893779105,4.046534860301758,4.039629022707898,4.005930845212938,4.015842057896122,4.009984507438332,4.000553005406921,4.009689231048114,4.023247725140022,4.002696043887554,4.01464525991867,4.015002384845745,3.9824846581884605,3.9666360859275533,3.97286867615065,3.9781738345487185,3.986842095188255,3.970567387546322,3.9802083929010164,3.9859128499290257,3.9796875142806805,3.9726448229538134,3.959860097768506,3.973651826972701,3.9544056415148754,3.9543321321041343,3.954146851729993,3.942418646177252,3.960700376627224,3.931927952949577,3.9476806524577097,3.9397504377592885,3.9491730151447677,3.948744727728699,3.946426183111339,3.937030027408675,3.919003323944306,3.9290936353791572,3.9271002618700948,3.9108647837506263,3.9082156245926356,3.918013887967053,3.9003343187169346,3.9055633678035577,3.9026012112666804,3.900729107608345,3.898035501627875,3.8940944403472644,3.926283223773688,3.87490251821604,3.8841587237708057,3.875329826942216,3.892696676892271,3.9035698536875136,3.8679868988328594,3.8694031689763975,3.864931911137226,3.890078619532207,3.843490152867565,3.866718557147745,3.8597247769402863,3.859987835263884,3.84626139983857,3.856450944512292,3.8599463673861374,3.837518079442228,3.8396309502734516,3.84550399724439,3.837447244318793,3.8422426343151597,3.8208703739144396,3.8568767496490146,3.8398940371544334,3.8262113550171946,3.833090437147541,3.8179773331684914,3.8140666294562973,3.7974331390870026,3.798799413148215,3.811095323084981,3.7993436480243106,3.802494896160907,3.809666223327856,3.7895589175523376,3.7778128157961395,3.80381923523818,3.8087718976501055,3.80419328518311,3.799169539733771,3.7758768824337583,3.771636185170937,3.778329011775627,3.7618987089605684,3.770758735421728,3.7609868534129705,3.755175948334884,3.755059073183875,3.729454805371419,3.735930554671111,3.728957232534519,3.7423336995153424,3.695750453016389,3.7295432497314915,3.718791986538819,3.696536130585903,3.6950457393199967,3.69275311710917,3.6694045991677986,3.669694152773856,3.6691942806751365,3.6444222620654525,3.626831235396649,3.5987398144903042,3.5969641909358003,3.5763850852410117,3.5652389601755297,3.5192386316040056,3.482290292263216,3.49467813119866,3.4673155199991244,3.4090421623791114,3.4111300833038976,3.3731029393185756,3.315026635851044,3.2906671191589285,3.2647450937320492,3.2366898301219202,3.199716585471187,3.1514722921956313,3.1465436503451043,3.1066221131156335,3.083054849854614,3.0603039005922317,3.0327843238812346,2.9970143708052066,2.984495279443127,2.9838455133741646,2.941905913200615,2.9675748438151395,2.9091663245251573,2.915613068730916,2.8889257479684263,2.8695542909447735,2.872896969817197,2.8480616139359287,2.8537860718626438,2.8368546307421463,2.822629475381737,2.8086795488243896,2.798489812845621,2.795932633598298,2.7928026562455623,2.7914858308023067,2.7922540220973135,2.790988049477666,2.756325922233538,2.764400867635086,2.773017320552453,2.788056490412351,2.7390513301095476,2.756653593994209,2.74747769735272,2.7481264477920746,2.7477703200112202
4.136102746380933,4.133110400333486,4.136628204430009,4.11442597152058,4.142252849554475,4.14351156141936,4.127428757669787,4.132819440106163,4.123578843261972,4.100030880738818,4.11594104239328,4.112919790642602,4.10631773958744,4.109457287032088,4.115571234095793,4.116790443693996,4.095831374255533,4.1122677597954445,4.096198032341109,4.08610120343352,4.090381696388618,4.097955468381321,4.093140409315389,4.093407078391248,4.086389126363212,4.065107717068628,4.077618801660947,4.072661894698067,4.066910043022387,4.060403349214461,4.0758550476523006,4.0496905164113235,4.049238334930013,4.064948408780975,4.055702283561076,4.036572363670856,4.051619546900961,4.040422475962059,4.05254822375609,4.053392093137781,4.047019749269246,4.026080309946319,4.014376999914273,4.027075933020254,4.036584578460417,4.015468352932542,4.011471235131787,4.027757048384014,4.033127187771439,4.006454976962084,3.992434770201022,3.99667127955195,3.9930752178623066,3.984817501396476,3.988899491921003,3.995285671788505,3.987532271858338,3.973057212537274,3.9883918768106525,3.981631818867529,3.966102379170153,3.9769291710687305,3.96789545262252,3.961724445743985,3.9627823524993966,3.9489501355409624,3.9575167336233665,3.972894981947487,3.965336902751703,3.9358752482471155,3.9603286006270344,3.947951241733512,3.943359817899073,3.932654178831261,3.9377468572776344,3.928333427044244,3.9241179170904994,3.9219977533993773,3.93618149851967,3.9478961903426706,3.925933583688719,3.924104109439059,3.9196541441031285,3.9042257574768544,3.926834142668846,3.9178248859443814,3.9103713241177047,3.915092990185637,3.8948962038686887,3.884440829403229,3.895279040138772,3.9017512677041126,3.8940438337646306,3.8817137875089243,3.882876432608657,3.9019983575035453,3.867887139815062,3.8686261918072913,3.878474113935774,3.8792519958788088,3.8684047671986552,3.8946567267902106,3.860829497081629,3.8540403743747644,3.8492440056861428,3.8579945195553447,3.852057666602091,3.8361705851571375,3.8345721055483706,3.858534072924156,3.850857398722387,3.836064006743382,3.8330916164590727,3.8166389387101,3.811394475578332,3.8430985503509802,3.8345061270511627,3.809070299470175,3.8034915705360466,3.809214402849003,3.806728609534205,3.8096856970330633,3.81395022622959,3.7966755204143023,3.7998599075615713,3.7921594871507693,3.7874530716090837,3.7888560752822737,3.7783177261760668,3.779629905027252,3.784787273865484,3.762006650955045,3.7714339802459143,3.76550538962052,3.7581197619095392,3.737993396981503,3.748601228142612,3.722726850199429,3.742329305316603,3.7147707896813604,3.7118456554001313,3.690004840603579,3.678381001732032,3.685387577940057,3.6708486559431606,3.667794144342055,3.6438257298797345,3.6295270967925304,3.6197287192755243,3.589926159847735,3.577957314903766,3.5367659188331184,3.506142799878921,3.4956935561591185,3.4705871892688,3.4387287423996056,3.39392112311743,3.3660552930559557,3.338080783019168,3.2954430282299687,3.2888966026365245,3.2503057607997494,3.2204599706265364,3.183278737545807,3.144066881419845,3.1207874530469626,3.086228696565595,3.046769400060829,3.039322290568156,3.0220833089514905,2.976125648768677,2.9481374532766007,2.946567823579112,2.933746404065155,2.8975882055807864,2.9180789705418713,2.86437700208273,2.863249877435837,2.8485226217706283,2.847033353468292,2.8322627928104795,2.837202467737948,2.826857885954926,2.8140033735607237,2.827049237219231,2.80951291546399,2.8183755897899943,2.7994194389492892,2.7838948561093995,2.7866903791685216,2.779699322202617,2.7582290706741794,2.7610604567655983,2.787625140917941,2.7611082243753846,2.7745857132337597,2.7613442594641078,2.7365038008554063,2.750509911442301,2.7576486463828407
4.1715945536665595,4.163951437094812,4.163793841719175,4.176507364683347,4.162485537002483,4.15602389375292,4.153699406832141,4.14448449213989,4.135909415731861,4.161478812411999,4.13782321176345,4.140637180051871,4.140123186009582,4.157164817129147,4.13653843679801,4.137503220014698,4.1197902589599815,4.111456852239629,4.104847675502716,4.09089871927522,4.127215343991506,4.123005252751041,4.106093905885092,4.1015246700242525,4.089878521344166,4.091218098862441,4.073097181717636,4.076595607634703,4.105495151439611,4.1026083590274665,4.074503967264961,4.08576295891196,4.0979641155173825,4.090310512111115,4.062331330296066,4.0717719800551455,4.065980264951653,4.086170934828191,4.079711941919019,4.076050441898291,4.047053512489662,4.082652509963525,4.05344857436801,4.0621653010661145,4.055586446632426,4.046426237999212,4.038408057528632,4.044679663019385,4.02506580369184,4.028414224433168,4.040712420419776,4.043110671968676,4.009067867034379,4.022525607426102,4.019757484387138,4.031888489933431,4.020325623853417,4.009210569230084,4.020085002257322,4.023041516904466,4.007051125130453,3.9962965343628483,3.9921877907862404,4.016326930736951,3.9987052044886084,3.9901560845435475,4.004897280175191,3.9716564100555716,3.995111259839102,3.9909333728849905,3.9718117990224644,3.975697248657359,3.9748578192033555,3.9792068973715082,3.9545839143498878,3.9693658582908293,3.950159346801012,3.9666195233774704,3.9632404425581993,3.955815788135876,3.927193378791174,3.944644151011748,3.9583907922907127,3.948369412403423,3.922668458215925,3.9400957518002526,3.9370975321372628,3.9238015033934985,3.9257935699167423,3.924847408822134,3.9341647503540838,3.9178506048432755,3.9196053563971893,3.9183652325197786,3.923829974763194,3.900750400679412,3.9048633263432504,3.911434745063915,3.87664493984027,3.9058327327253477,3.8952440428905697,3.8849831061580367,3.8753634940093025,3.8916560783132494,3.8789952749640095,3.863622686129919,3.8576136690552714,3.8779925157888955,3.8682456645507166,3.8903202307015445,3.863563736421951,3.864875273601953,3.8602471390481834,3.849474388641756,3.8473493064426427,3.8672456525392556,3.83082494462642,3.842084150992212,3.854167524709938,3.842712688067924,3.857614686130895,3.8318484335451735,3.8299038031533055,3.8272867234887316,3.837318201893514,3.8186561573566977,3.8035198274126185,3.796355225265384,3.8159645456293347,3.799040056779353,3.8063120050103763,3.8216908122061537,3.7888776934072945,3.7917203880829358,3.7849385543887473,3.7920536138287697,3.79328154326429,3.7577694628653893,3.7797097633702443,3.7732493163192244,3.748536256318853,3.759581861665043,3.747387812811388,3.7295638924970453,3.7090284694489513,3.695438379869271,3.6921908165168804,3.690780957354854,3.647230951376712,3.638562575429588,3.650485537545038,3.623042629434871,3.597860413599272,3.5964398334528256,3.5526573868374816,3.537500176338851,3.5045075927569695,3.501129450227871,3.4562575640704023,3.4350527378673315,3.3811764534072544,3.371499284097382,3.320673149234226,3.3128090133355896,3.271989051074584,3.2251093075580264,3.1817854980789524,3.17143755254407,3.146990249547816,3.1105006527538834,3.0901258481972693,3.0488630244175865,3.0594164483577644,3.0086385023585756,3.0008555988867327,2.965223447895495,2.9506388619359547,2.9333949603131035,2.9236555540988864,2.9072072581394512,2.928188358698588,2.9115437015998746,2.8708294509712573,2.8612919571118107,2.8649318496905796,2.8303426513384307,2.853816799643385,2.836185022771081,2.830842630677167,2.851358600095734,2.818382440476154,2.8152798952259754,2.8268789958998903,2.8084111502051234,2.811375325333937,2.79356944108813,2.79602684245732,2.7918510800922816,2.789160273100432,2.7814287025925766
4.152397031233599,4.150441858779372,4.1565715364731215,4.153035533581704,4.167955775114779,4.14598423173225,4.146936402242625,4.152489597417099,4.136075702343082,4.129952184646445,4.13930695890561,4.153532675699246,4.144796325267779,4.137444366011864,4.144362554472654,4.136163586848484,4.111766840559799,4.140821189409965,4.1151024350895025,4.108958082251711,4.112251963508466,4.123094543425152,4.106829149933515,4.141358936301292,4.110387485735571,4.09932431798145,4.102005209280572,4.1073343438824015,4.09264983360255,4.091213174186027,4.077564020927602,4.104535942591594,4.070368942709869,4.068413922852359,4.083446457506976,4.062419409062479,4.059672183800181,4.055412700294734,4.062816372005017,4.069442806861008,4.067733521784176,4.065979179708287,4.053475092418141,4.072374737273364,4.066764565755825,4.048027892230125,4.051982702879115,4.051078342838127,4.042144481186112,4.059104629029872,4.033709986489802,4.037926694823355,4.042429038676331,4.006599791052867,4.010019814306363,4.018780069878958,3.993685830637895,3.997933542957751,4.025860531846574,4.01007130485076,4.00766772197769,3.9968646485029784,4.016418508232006,4.003722748079417,3.9854057107623198,3.9746754021358788,3.9942414014673657,3.9898056367427603,3.993610826572704,3.962024884015838,3.9856819462691364,3.960069639034282,3.958311398597529,3.9732224284491995,3.9694661894819707,3.9446385706437868,3.967049135029208,3.964477921061392,3.9607242929064634,3.9628221501278627,3.9272606517487456,3.936866375735123,3.946759181169091,3.962704073157659,3.9212822289983436,3.932781626663804,3.9322814483518655,3.9423672521469837,3.9334433742039114,3.924655516768703,3.9093076961870326,3.914570281692802,3.9268941043504446,3.9237234500189437,3.907503493908503,3.888308281854867,3.9036146060316343,3.9016586542826266,3.8875805398604975,3.8777198222491274,3.887478688786843,3.900082242215148,3.8928837714087874,3.875611566601769,3.889850130163905,3.8868068298818894,3.8555678691167348,3.8669734884550335,3.8447564344091196,3.8657231969459,3.871033040854275,3.8821125771086433,3.856033494630829,3.862915490453515,3.863855576715775,3.844106503705004,3.856912392577492,3.8478478854083544,3.8491783919241684,3.8478453583853995,3.817312353701963,3.838216644285093,3.850505399406575,3.8428587540006998,3.8179415208833247,3.8270726461833844,3.8336445886171475,3.805124764016783,3.7943023490471552,3.8094608056396084,3.811834534669656,3.8162800818512133,3.809605355163385,3.777569958627369,3.7768184565712373,3.775172485139945,3.780972667567659,3.7634602436947815,3.7383168736940173,3.7658127887226223,3.7517757532788556,3.7225674968335243,3.7298212744047623,3.734091577639066,3.7235291958360803,3.6999492634288744,3.6937359625279322,3.694423836076954,3.6747821519667574,3.647934528382941,3.6178377864207754,3.602081651628212,3.5832313743448716,3.5778577887459857,3.557230314533622,3.5148275499078467,3.5071200797008375,3.4485190651177433,3.44189840176187,3.393905273395914,3.3719211362847914,3.3363483691423137,3.3043038330055037,3.272686022783022,3.2389123159952566,3.184596698500368,3.158341914747263,3.1456128295012107,3.1196406819435647,3.0880312438285666,3.053340983155315,3.0214904903552653,2.993175360829635,2.9966418101553254,2.967235293643923,2.9511403926634108,2.94309047835825,2.9237252962963396,2.9124887987729933,2.890211351523555,2.8823491121412674,2.8733175367786385,2.869474561618212,2.8596827645429768,2.8147720549704616,2.8516210579699983,2.8252129792055514,2.8425000673565974,2.8411948218787755,2.833863440534736,2.8087875679880545,2.824156623666762,2.7936708810447626,2.8073508856294,2.8084887059455625,2.793470480868846,2.775962890969062,2.750183738242057,2.7891812727097904,2.786403385343402
4.146917696603342,4.156122313791876,4.174424558976835,4.132906497388215,4.128938762591895,4.146822846636904,4.131321428683892,4.139998636988361,4.12377411282308,4.142902444915384,4.1416313600573105,4.129413496846618,4.121759514696671,4.133120909594678,4.123593764259559,4.120382155248856,4.141718628740209,4.13280109182383,4.103301915202857,4.1127645000092095,4.089201736974117,4.112972574772742,4.071147217479523,4.098820647631001,4.084429462918276,4.110192614704722,4.098735832760938,4.122646806031843,4.08517929611114,4.096980287618643,4.077778810178922,4.077842526251064,4.089206674623257,4.057383944671234,4.079443473564658,4.064397543090458,4.067783840778046,4.034805880036576,4.068260165112501,4.068793856688072,4.038609590362166,4.047727209791661,4.06651144946328,4.041682159079327,4.053629650289845,4.062917558096033,4.028735909012042,4.023071166023495,4.031835757270333,4.017431569644714,4.041066849798973,4.02381547476851,4.006739798675638,4.016577678126989,4.010326598918409,4.004471029718869,4.010580425388582,4.017524303154579,4.001646991631567,3.9989390966880665,3.993965307000667,4.0060456017455,3.9860382922088244,3.9775339075734415,3.986734547241575,3.9966156024924993,3.9874335649116737,3.9711990634920418,3.9570748827511566,3.971053992437435,3.9711821356372075,3.967305441280165,3.9614112007421793,3.9746551109647874,3.9431451335322176,3.9569779790363593,3.931431937791571,3.948540681877424,3.9602571905827046,3.932897622837065,3.9465995358765817,3.9414856570990477,3.959269879613798,3.9430266564802903,3.9187509469910253,3.929090445244695,3.9194977101126196,3.9246502982858744,3.9261272605974815,3.9216010542799045,3.9050464935401075,3.9190430274987453,3.887862654512652,3.904897058137576,3.9072251200706347,3.918199739508437,3.888410736999703,3.8996144285743854,3.905371733670497,3.886413408491795,3.8971023470629227,3.8685786111855958,3.8660929327348654,3.870365931210484,3.871839596016841,3.8874082834191483,3.89062001089115,3.883455509502911,3.8863110789106687,3.877552535204715,3.8414755110586225,3.8712223158241494,3.8397916649823784,3.845051730244255,3.8478502568981465,3.8493453542349307,3.825028665792441,3.8294283866567476,3.817978368895458,3.8364118276752768,3.828582988988983,3.817927654391597,3.80683235141502,3.8184907305023157,3.810253892612863,3.799939418233276,3.814417438094345,3.786416554825222,3.7951427753507785,3.7999122214273386,3.7862991394867644,3.785255719430491,3.7923992411679777,3.7900835689375874,3.7721926294451475,3.772038979115817,3.764846509805278,3.775618281519213,3.7444811270956757,3.7515530240394934,3.772724981483419,3.737235045661158,3.7388631285332123,3.7254411251187136,3.7134142244893087,3.7221188383429094,3.686646410002581,3.65988071755964,3.681254193248198,3.670021916395222,3.650780512432932,3.6183850625997374,3.6183542187657487,3.6047940690692886,3.5651274141136726,3.5320022099802744,3.5179165711078664,3.5028805669187713,3.4921340709368325,3.448327434479454,3.42095196468874,3.37229388070587,3.3487286040505304,3.3088828764911944,3.294418357276099,3.24359590562408,3.208400185357335,3.1615879909183926,3.159997156999963,3.114308916015517,3.089915273109351,3.093738019738135,3.0524227180592796,3.0291502600334126,2.9970359848807777,2.9578930468434574,2.962333716958239,2.914521253149386,2.9298628745444395,2.903343546976363,2.9036352078207117,2.875202858719561,2.862831684869527,2.8652094430785926,2.841508602636845,2.8627407855626483,2.8361914949617892,2.837989272961516,2.815023583803025,2.8129640024054607,2.803404443329217,2.8041540316617066,2.7809692612143464,2.799581114495722,2.802201104302842,2.7866135914310206,2.7572492145259857,2.7867327383120726,2.7809384342976733,2.757664328051062
4.051254206961157,4.05526444390928,4.0737155854378395,4.08881733633159,4.048913050015949,4.076532073956624,4.056544355027171,4.090254304958475,4.065163663553903,4.072251818988592,4.059096414858873,4.041869754018787,4.081220492086248,4.057405549873038,4.053411698553887,4.043649757426981,4.0342635758271435,4.059714598558482,4.023368970625431,4.031488277630809,4.026596489864288,4.0510807101550155,4.026350199341053,4.038366434368522,4.02366867815023,4.012019092216661,4.022838160781635,4.02059249459945,4.007918447989478,4.030617468573639,4.0012317733052765,4.025291434304894,3.9782978871855144,3.9932591513312605,3.9817678770418805,3.9922264228829434,3.9908072505097807,3.9984710704229323,3.9917402508893076,3.9966031557947175,3.9925780714459136,3.9808432101064,3.97583896358349,3.9639723672465457,3.986601191499855,3.975974924295124,3.969445896048994,3.9596115591115084,3.9630256684129717,3.952124461901315,3.988048668301838,3.9578925514540773,3.9433046626372237,3.9534899978901636,3.9503795414411003,3.935003324399426,3.9321919553261298,3.923446760344027,3.9191785054607884,3.9188861361176777,3.922230064747202,3.9184642111407673,3.9122739857195508,3.919702232496311,3.9176959987296835,3.926297256002365,3.9094462717918796,3.9198637016610687,3.895285048008948,3.8857838397515816,3.8913664906463628,3.9060016699240863,3.8805031210586325,3.8809483243894136,3.8987575252759172,3.89796518698185,3.8782680194536794,3.896596366159617,3.873400254016919,3.8840885429221386,3.8871018210014414,3.8846625197095865,3.858395021183534,3.8611140705431013,3.8530722835174545,3.8643632328174955,3.864772509696987,3.862460685100934,3.8452091572175258,3.8228801414390756,3.833063383306529,3.8405134585323215,3.850937407408136,3.8343441752258305,3.826950223853141,3.8297642911165948,3.819327210514844,3.8048977128331174,3.8123285428437668,3.7827311940658817,3.8089523896692214,3.8321777283941705,3.789135923485365,3.7853352499699446,3.8144784393052285,3.804110905204493,3.8134755161363234,3.779898825797906,3.79614962610341,3.7975974793847427,3.783550837966148,3.799469346997719,3.778046635546438,3.8030436927909523,3.7802355617635888,3.76842240948952,3.797307410627062,3.7696667396018824,3.7748375282897344,3.7780864623862613,3.738355115122623,3.751213145326641,3.7309977167967014,3.7314901521077197,3.744649608411386,3.7457141430521794,3.7509922798198554,3.735043449886866,3.7510291289807607,3.7466818213464195,3.711283307267099,3.7360845506740143,3.749653074921854,3.7217141653383408,3.695430870282682,3.7015206079366947,3.7079516459791066,3.720334024702828,3.6750638404234484,3.701969111034813,3.698374398555605,3.697954265282229,3.6731157484867527,3.691687016324898,3.6556520951182696,3.671021425665436,3.6648282285629046,3.648941968479739,3.622153595693198,3.622019542040457,3.6132385003311134,3.6112621027380882,3.583787918627918,3.5846999672819826,3.5659763862797695,3.5430373128020882,3.5080163408272607,3.5030287268587283,3.5074960236594332,3.4535031869333155,3.4433091048789697,3.388543717324632,3.376567861416564,3.368184982527598,3.317815806519775,3.277732779665045,3.2557334036847667,3.2018478832565753,3.1804327052134695,3.1680237632790282,3.119833979926931,3.083357469180929,3.065816660837946,3.0370690595299763,3.023726657887456,2.96451866403797,2.9315271901058653,2.9553275302244844,2.920147020128954,2.9073206279423838,2.873802401021242,2.8598641882909757,2.826011597944967,2.812485309910222,2.8154026378866757,2.7987698252255364,2.7778354816554693,2.780721786109233,2.7725423233341844,2.7629933494222327,2.773885954027694,2.7547437669096095,2.768051026085099,2.7460950587711492,2.7276150482158004,2.717860107229017,2.720414844796113,2.7324357277571747,2.7293223696514803,2.7297242648244953
4.163930072910881,4.182437082497985,4.190611219816683,4.170685653037477,4.1936984903999335,4.165753017373179,4.181660210983174,4.182428041123916,4.190796756783218,4.145173275597259,4.173959526783844,4.148784535857212,4.173518033385014,4.136247597685617,4.163250335386848,4.144578931785,4.158929942368194,4.150878920281747,4.158134344406805,4.139769112531872,4.144139733332974,4.136040117745719,4.126043575654277,4.137141943119715,4.122736218938977,4.140565338377802,4.101948979252739,4.105938274761813,4.121031080374225,4.107528514411321,4.115033017138367,4.121038462340723,4.099820000852387,4.104734938462342,4.100590024313177,4.075202105016389,4.082227836567321,4.1243838188711335,4.0860176467362335,4.062940687473364,4.065932591755212,4.08810735911621,4.076394180861781,4.066909942155927,4.0774909508166415,4.08709508121259,4.06786791150034,4.068250144035413,4.0546774125064315,4.080770055795343,4.044516901979908,4.056270564491913,4.037240604781609,4.057700414256431,4.010775573760727,4.077128861326684,4.037746861372591,4.052969904230936,4.038426875230404,4.044266156920608,4.019425930330509,4.0262772525709405,4.023045591253804,4.01299221909682,4.014410779119901,4.0132102911400285,4.0124557954408155,3.9888560831117816,4.010264126499908,4.019376901814413,4.001297614631555,4.013014063313284,3.9883079374774564,4.016724712580732,4.005125315230072,4.011698433740113,3.9660018845321,3.9806980130926837,3.9724939154200802,3.98458422739603,3.99487487315676,3.993137623534325,3.980212036808282,3.9768882579696356,3.995915812622566,3.9687785875478214,3.9674806497473267,3.957287906146091,3.952241749161054,3.9328828417166486,3.9545992762091107,3.9385154418981565,3.930718744088013,3.955689552069371,3.9482355797752087,3.934534295388127,3.9299740871286373,3.9215204046919556,3.922016905997058,3.9161781057071914,3.8934847732340803,3.9053821595816665,3.9133510692758215,3.9155964098210836,3.909566669160854,3.88779387689751,3.9019448034391915,3.888428883765936,3.885924286371121,3.9011423651416313,3.8836381742440906,3.8716506360056226,3.8789919328206524,3.8638383419795814,3.8708863812872836,3.873291800809416,3.8789453941009078,3.875147438499903,3.863925733002773,3.8572802676005846,3.8539282294650543,3.845121506943155,3.8389225433152085,3.8445312068423827,3.8705719857589607,3.8346649454878907,3.831458933868753,3.8247576078385688,3.839721909272947,3.838168351772792,3.8181208259535433,3.8204887521064657,3.8413911328848362,3.817872383358084,3.811721626959273,3.819086778513898,3.799324769163043,3.806372355335057,3.7905653767526286,3.780178590537327,3.787021494391155,3.773199368262851,3.7773292112731283,3.796274191885663,3.754581298839374,3.7603894613983715,3.729335383841132,3.7210678247957185,3.715155024676825,3.689634531049598,3.6774613296165493,3.6722013722681996,3.6271227143153033,3.624250820116286,3.612314171984919,3.6006439537198505,3.5705926508646004,3.5296907825697477,3.515723619298682,3.5027639830419797,3.4736988646178393,3.4333146259007514,3.3967069564469563,3.3531891879672773,3.311978623413364,3.2718570763158867,3.2738267498340763,3.2233254943742553,3.1908516868709635,3.1643113304095483,3.1301765128553836,3.0906201594607645,3.0912108831531824,3.0568332045786177,3.0025675715457614,3.026876266269763,2.9919931603625707,2.9516684689312336,2.947664702932736,2.934221413340014,2.912349756109761,2.894236844113046,2.9043942688015574,2.8960065230562533,2.882956092860361,2.8672834362505144,2.8553531156847085,2.851148320491975,2.834058332562163,2.834475003058316,2.8437360275140455,2.8183560868664967,2.8297865183390627,2.802505547178439,2.804227133759161,2.819854063898652,2.7940914328509217,2.8046748291387353,2.794781932895557,2.788056113889963
4.178048823430741,4.177875465606451,4.189956196921396,4.189218946154366,4.190096704686623,4.173823747825177,4.178429103902985,4.156768051066373,4.174459016602272,4.175952681523493,4.156687453910076,4.156464406813293,4.135789620762108,4.149964778899796,4.151484731965489,4.158518566986232,4.165846800889347,4.144657976012248,4.135539665589558,4.148241766452185,4.130091058813706,4.132474298822206,4.109611474571789,4.120537961608328,4.134209323895282,4.122252893066182,4.107915816078896,4.103465761486578,4.104076593643024,4.117194953162328,4.113905503591836,4.095462025151382,4.088534432110177,4.087637798756539,4.0784492740864495,4.086836239864902,4.066387408161941,4.099581631962247,4.0958171968656325,4.093500318609224,4.077998872397698,4.078799253546696,4.073383295706072,4.071015128795218,4.057270333158951,4.060486118108332,4.06076987231908,4.04126571771777,4.045980669777129,4.049638524972978,4.039329129053209,4.063710560708646,4.045300813521728,4.054917892023798,4.0340111818732645,4.061719520352628,4.037620733147067,3.997665032351282,4.052058622683577,4.034568769732031,4.040150221784612,4.0291010609388564,4.035661694098524,3.9983293676844527,4.015853171525157,4.000000264285926,3.999379560899085,4.014384354299477,4.017628818509621,4.002846684411526,4.004351534686484,3.9892359790881717,3.9821859036844214,3.9600747182207954,4.000024373102782,3.9895560360423534,3.973443465168296,3.9564142562969042,3.9577735518508077,3.9498810882279813,3.9671766112762166,3.9480091191489866,3.9868455065222634,3.9717024953211917,3.9675018245618885,3.9555154854873185,3.955118267789114,3.943403505454514,3.936643383567219,3.9379539038305165,3.956568157079597,3.947358230998269,3.9439848451288406,3.9144362874344,3.915359936531602,3.935371757435419,3.9164933299284863,3.899807240905044,3.916930458305085,3.918427840039871,3.9148933613193058,3.907421855404878,3.89842345831793,3.9098309106888562,3.913605890248041,3.8856540288099017,3.8919857412624452,3.875504894244649,3.89967240901965,3.895872923076029,3.8855651204239243,3.8789289968149827,3.867057249935204,3.8751193256135954,3.878667476233315,3.8725176231220737,3.8561413048697735,3.8741021890503697,3.8600888882120232,3.8649387732226606,3.856487513628389,3.850565790351789,3.855529658974935,3.838792611340899,3.839403543735875,3.8384246651193097,3.8263364049754105,3.8219469339320873,3.810048643482275,3.8007619020604144,3.800284289852491,3.8176669889704207,3.816784585407601,3.7951679312377644,3.800477443275447,3.795493587137478,3.7895851861249823,3.774964217713336,3.7654343495480824,3.739267976442444,3.730179842964756,3.7483561636155445,3.741389883497157,3.720555634941922,3.6810844907705755,3.6733752988887614,3.627105783365094,3.646778443996635,3.6315249542967614,3.593482561921043,3.5787660681136955,3.522547387937743,3.4957579713178255,3.490363078872411,3.446263561504417,3.406302629743635,3.3934365882495126,3.348423471036319,3.312375291756613,3.2918631090667554,3.246298526505221,3.2220436344886925,3.181017385450528,3.1493758233235454,3.1235101452425176,3.098305395181215,3.0775359379005494,3.022808299341577,3.0516858738315875,2.9983087735188914,2.9910604646562167,2.9773975490634235,2.9466197385268798,2.9616702925294005,2.926552253129059,2.917098560160319,2.9028620614784795,2.887440415585,2.8975254521400005,2.87534554198019,2.8666387402991576,2.8674731126408632,2.8700950288290823,2.8568600247383773,2.857180090389057,2.8604198981836766,2.8402901924083763,2.8316003507179457,2.8554813581480833,2.8531626102547545,2.8291098637884247,2.8091207862427705,2.798423372356102,2.805009928258624,2.8190180683577757,2.8066684842541574,2.7974805081598784,2.8196998251136396,2.790407141044858,2.774483738413859
4.0639126149832405,4.079165426387289,4.064058575447587,4.061640918503036,4.053580646857597,4.076917183878232,4.075606996008131,4.039729791180052,4.0658941798307255,4.056960695049139,4.057301972892036,4.061197145826522,4.032502520669355,4.030164426317861,4.040206826767094,4.008818656218642,4.037948548499422,4.034823716884565,4.025915281783835,4.024025271183574,4.00588887198086,3.995871146984098,4.004806436701973,3.9908978969501625,3.993559511054663,3.9968939908386543,3.994798221352522,4.020256831383675,4.004210540725695,4.0141149188645455,3.999925900588954,3.9852228463207164,3.9820280322693495,3.9669263386897766,3.9770145021900634,3.9720502828137083,3.9696597115536827,3.966722479601982,3.947867944919818,3.9543734185989163,3.961207135690041,3.953879936897009,3.943331461702111,3.9347180895009752,3.9484580251381813,3.945472439700395,3.9442022641988435,3.950317482144346,3.949401452292048,3.935711922871359,3.932356404580971,3.949683373079161,3.936535790002678,3.934143621926277,3.9107296347822156,3.9274593845540773,3.920349561897902,3.9270596290346402,3.906231619513087,3.917316331739542,3.8990280040026297,3.913103119263071,3.9077721353573036,3.8850843096616483,3.8977194452255297,3.8756222852584914,3.894483096981013,3.9027991610552557,3.8737339457081568,3.8722373723510897,3.882840656771025,3.855072596775023,3.865871309994202,3.869000747954953,3.8826015313395557,3.8673048195203847,3.8738996566077795,3.868484538072721,3.8412674350071767,3.849219671105843,3.852568231146909,3.8445461378240533,3.8522133229849578,3.8519914667385695,3.8397303475201703,3.8388405268340473,3.840298764553335,3.8248529255986927,3.837184362958107,3.82969659005613,3.830141264800599,3.8284301384859813,3.814870824396096,3.818530998194727,3.8242272077560457,3.811077483593888,3.8206306854538803,3.8170317305500516,3.8138900133160196,3.7620620290818025,3.798036118808893,3.788023477963715,3.7871340647777534,3.779747811430385,3.7490773871518406,3.8035700256146074,3.7687454974591885,3.7856988918178374,3.773829527525315,3.782887745036807,3.782391305223757,3.7587926690283213,3.760560634550932,3.7648513709933047,3.750279394860079,3.7670895608420216,3.7548116060990813,3.7319317436940196,3.7410956273936926,3.754753857378452,3.7329150668089093,3.7405377057687605,3.7224549120352433,3.7454887061077597,3.732703779990113,3.730551864401188,3.7338368925500602,3.7209814973194275,3.72478839797745,3.72182099831545,3.704346940278854,3.695431413232878,3.6865637593924037,3.690971427311402,3.6887805788254613,3.674143817017331,3.6726224021181686,3.6547250976087904,3.670331451458071,3.6598014123541955,3.6448843161415545,3.645487130424523,3.635985072373615,3.612146302495059,3.631914157419981,3.5922287938544524,3.5835912942094112,3.5676479348236603,3.543339379883905,3.5439262260149103,3.5088589971097996,3.506688258953344,3.4496914785727433,3.413531457149097,3.4132504232919314,3.3960325898737627,3.3543234735885843,3.3180948053091535,3.2923238318413732,3.283738598661776,3.2412064989852767,3.2169122000728865,3.163362802850743,3.1174231003971227,3.101504461084312,3.0810904100903076,3.0434153351785915,3.0267569691324985,3.0081445809826795,2.959730295405552,2.9321207260363917,2.927324277060549,2.899894792929802,2.866573551269712,2.863634458530884,2.851708353701602,2.84122315491322,2.8181458832791666,2.7931418653820335,2.7898243458349854,2.805341839764774,2.776921787746142,2.79088886840251,2.786169614719132,2.7652888713798496,2.756158307076754,2.7633964642024242,2.7246933876709267,2.7210240299296817,2.7325785747315092,2.7379560535683716,2.732502104869916,2.7331947327720933,2.7307998653485512,2.7151219141868306,2.72606622747399,2.7198955508475113,2.705226318405001,2.7073199435131716,2.689654055687531
4.10813726999123,4.125774146169026,4.0907782488714615,4.09205981100065,4.106323185749291,4.113693754667211,4.1129040546356,4.110440597446955,4.088907307363537,4.0977503481943245,4.082847793613319,4.082376872209127,4.090206214513088,4.083179674932732,4.0667055019407465,4.07780271307465,4.093583462064219,4.072233876493343,4.065753928571635,4.079451993956398,4.052616909129595,4.0781314069554355,4.0572274453465305,4.0476633657954215,4.024552058405754,4.0521027942202235,4.0438973138165775,4.054939067267542,4.0333577745234095,4.049303204656182,4.029652142775008,4.047185024396569,4.0191556608236,4.021532785120228,4.017160276637097,4.020320316462096,4.003565848189998,4.018583558454907,4.007529307158766,4.013229295509486,4.004518211429536,4.001114745115159,3.999844472009088,3.9947096803979556,3.999185722141966,3.969754600550728,3.989114707326735,3.970972321743011,3.9892898131802594,3.9568781097991197,3.956171187134843,3.9973197961648226,3.976068786522292,3.9692166892284133,3.9729465119362746,3.9875071072784216,3.9768041802382426,3.964901818277952,3.9740794186979267,3.952778143997628,3.9619480992181297,3.959770119691992,3.9646015981554816,3.949031855558939,3.948525084009014,3.9388305030731816,3.929083487847121,3.947834063412033,3.937799166789511,3.922062935820266,3.929525417649373,3.9483723871202523,3.914041966817638,3.931830265178504,3.911487483482581,3.9284354959010703,3.9034978660731783,3.924863725779895,3.8965798308805,3.912191856977275,3.881040307583649,3.8851168181427207,3.8884414113168893,3.9002063506880065,3.893004280838489,3.8717854530300384,3.8877791246217606,3.885767262383889,3.893936383579302,3.8629421532103017,3.8746794595787333,3.8779828092867588,3.882236767154595,3.857530426418704,3.86907203974678,3.8862907045317403,3.857308614759794,3.868669550078787,3.856426821696525,3.8369439920396076,3.853100991422798,3.8610321806081522,3.830267791578869,3.8586310771962875,3.821690026800596,3.8113984482279717,3.8505088823660385,3.8305445638696067,3.83157121106978,3.8228325847237277,3.8224979774160066,3.8139659616789623,3.819322222185768,3.8261466902326977,3.7964045169240994,3.8008249018950275,3.7951384916064996,3.799375907059071,3.792870045737565,3.799470472808488,3.7747824681395525,3.7758836419532167,3.7793436799363067,3.776227955445795,3.7735244758214987,3.786195831881214,3.794501011943995,3.7365877571575394,3.7467300062605355,3.75072208619404,3.7387881055655137,3.7473345344520657,3.7256699564449693,3.7315688203091897,3.7182531868586532,3.7308934855239637,3.725578064544516,3.702465285490446,3.7051917227536646,3.706545462822078,3.712837623786691,3.666781882445412,3.6862174090536897,3.674411933871164,3.663452331869457,3.6737047842205586,3.6660816888577656,3.632161692965214,3.60593254593592,3.593009583725586,3.5880236568373167,3.5337711510509013,3.5296052228671058,3.497620104394004,3.5068634069277547,3.4581721150185247,3.4227203984402186,3.406057935237209,3.3642889502841404,3.3162270682413926,3.292437043317815,3.279486162738563,3.2370179794116973,3.2124842319916,3.193336885303347,3.146585181480642,3.10971010012009,3.0824109806041,3.0621259556585048,3.020841006172201,3.0193255301403394,2.9948039459036098,2.9683278720708572,2.9313944109705727,2.935023814019626,2.920547415047323,2.8831890522737034,2.903722653070124,2.8900156453740804,2.8470505023586887,2.853770148157851,2.832861959595104,2.834468585767078,2.818003868463572,2.8286173466028535,2.791121672375449,2.8035113726388508,2.8046873865299022,2.7983988568080878,2.800393465290513,2.7890404655312984,2.758098033487699,2.7620995454924464,2.776714447017255,2.762093937984497,2.7562980248627595,2.74586952398475,2.749411218733946,2.7459477758385953,2.740860691373294
4.199924333456012,4.173290993361821,4.175462402218378,4.184144247338842,4.199583316952145,4.191907378209882,4.16556246457598,4.209620092449689,4.181760207790754,4.167892117959777,4.177240695476388,4.143169299897918,4.170646475480499,4.164646474975378,4.155406048681951,4.1388958450298166,4.1371895621377215,4.136713850856984,4.144595424052722,4.14402280605537,4.138197242307025,4.140971359880752,4.1536690430062775,4.140923934576413,4.127175366329419,4.121128741877364,4.127646386821329,4.10997124357145,4.148028303400176,4.107755189439008,4.119928441861648,4.1124872189109585,4.106744537870706,4.098518303884366,4.090376052356362,4.103670246595419,4.077494739686443,4.090389670788676,4.073000064146787,4.102336399828184,4.105492493757462,4.104920384180634,4.092780442657102,4.081119647439078,4.091416803221946,4.0602669462135905,4.088501579924851,4.074073851750718,4.047130957233293,4.069351910830261,4.0468201764280085,4.051397961382804,4.041303826953464,4.04759869897419,4.04694780852372,4.0673157561608715,4.032399072525763,4.040735043824438,4.0314494924567885,4.0448225736990375,4.022639844188794,4.021692657875759,4.038899433646038,4.012907777487919,4.021222774646726,4.0141422457259335,4.008030989973584,3.9979293323245333,3.977357067221772,3.9728289221585236,3.9993502531413574,4.022710290539075,4.007925254062658,3.998045040219615,3.9718777336857807,3.995352959909737,3.9944502525975327,3.9843973410905784,3.981967727013701,3.9681743999186607,3.9964115683034622,3.967683896057086,3.9664374951043797,3.9715656134029467,3.9754866447089166,3.952267793710259,3.9557106351457434,3.927389225937119,3.943620859475038,3.936407834600842,3.949604818757184,3.961743599114877,3.95970289260807,3.933266980338124,3.936934851774014,3.917787239349935,3.9330088702431256,3.923451939062556,3.9102411786485254,3.896061804093163,3.917938988410003,3.9130047856425154,3.913867672592459,3.9172197538795133,3.885133750475474,3.9120712239617017,3.904975216387586,3.8674799861589864,3.9010305219484698,3.8917685978203185,3.8856340060485475,3.889965616126696,3.885959578724056,3.8869350789919666,3.882136077041998,3.865353316543709,3.8742226287562946,3.886562637827795,3.873001605059105,3.8450026194332665,3.8571653965093406,3.8386517636279494,3.8468817968951154,3.84761629712313,3.8373546337584497,3.8554262181608,3.8395914452039417,3.8236797394108453,3.81964442509906,3.835805364274869,3.8228523517963033,3.8103249333963896,3.802291379400959,3.7996900992478246,3.7817503610856993,3.780803095466755,3.7891526714878405,3.77589065541641,3.762941582440245,3.7611096709413356,3.7510684297106174,3.7269912492394837,3.7215959739089133,3.708009367722241,3.6977636725568126,3.6587654010898114,3.6556603851933653,3.6274522199680734,3.63735668482275,3.5699083200927544,3.584315237909831,3.5342309327381347,3.5324268871083415,3.466809417390697,3.4588231578380015,3.4052240071872335,3.4026108998367355,3.364387219734858,3.324307278184453,3.284518476702689,3.239857750518484,3.233398237853702,3.192166999426953,3.1743631949874507,3.151646184694446,3.0953032290906823,3.082490636806977,3.0725276906777794,3.0296866353205396,3.0267436119871514,2.9825152661524528,3.001293744256949,2.9697413698888573,2.9625558390143305,2.942707665141794,2.9251591965059633,2.935603940375715,2.9120074933964215,2.911134531037018,2.893400183994615,2.8726804836402873,2.885985655993999,2.8540002248875593,2.8548952578605373,2.8432195873348793,2.8554724659678623,2.8583032809955675,2.852071088272001,2.824162813579585,2.801513843452963,2.820907738275359,2.798376850836177,2.831903192666123,2.8277354569688016,2.797756415023913,2.7922289413313988,2.8049569109072965,2.7936297966412376,2.7917257089374536,2.7882758488621087
4.143300955857182,4.158881620897066,4.150102194728555,4.149239371747378,4.168379942062572,4.193301400466504,4.16891039623482,4.146007963595011,4.126126502056717,4.163450284834356,4.162013429256543,4.1428646579436466,4.134293003617026,4.145094853636011,4.14444713588391,4.13761965462373,4.136995274665999,4.134017325432746,4.110132368119835,4.125868490514594,4.130436328266859,4.1162205565042385,4.1019918880869115,4.115918819431434,4.10184410584471,4.098501715602217,4.092934286825001,4.100612046763015,4.101360002557837,4.091261547443301,4.081377791118748,4.070396920816709,4.078445467254642,4.087442954894999,4.072397135018852,4.078429376860019,4.087459939449933,4.083986405271005,4.07423113640649,4.082206554681649,4.063175800761014,4.053948463738741,4.062500709382142,4.045556758933159,4.047070459094289,4.046425506332862,4.0375961190276515,4.025028311174538,4.060553725992785,4.034989507982122,4.048526138086745,4.024860131888938,4.014784798374444,4.033102957890034,4.026278330211008,4.011340539942454,4.025923686601489,4.014526396856119,3.9963875756330873,4.015516127867783,4.005822048754229,4.000792697636182,3.9923206796212534,3.984097642555561,3.982468813881623,3.992895428882309,3.983377535219423,3.9973355101112724,3.9947688070870524,3.988261575623349,3.9711697525112895,3.950913901357721,3.9727358601483664,3.950605002590146,4.004672772858907,3.952362988885997,3.9414667147157725,3.952116209084104,3.9493446219591286,3.9557034300580685,3.9453116627585176,3.9612121764174435,3.9432626101981403,3.961888888685745,3.942808440521304,3.928547266737398,3.9380345599777966,3.943045569250354,3.8905499150003235,3.9359054429633744,3.9151296560070286,3.915948016857452,3.9192744307186604,3.9196521256036627,3.8989784972850683,3.9157452788492733,3.899893183803831,3.899391390419611,3.895680023889467,3.8745403828951575,3.8989609433927477,3.8928873824758066,3.8883428173317514,3.8646541818258777,3.8704118498269824,3.8845683081929407,3.8699974690425445,3.8821286909911956,3.873915871397844,3.873295593295663,3.8719388424131416,3.8562574025553285,3.8796694546504713,3.8525718486226364,3.8428320440729618,3.8461082167422926,3.850178140784789,3.8413023651749825,3.82894285813381,3.81664013567634,3.816858544778008,3.8455439112051977,3.8219952905273358,3.8263485839790885,3.810245864677719,3.830586522681219,3.798024203994812,3.8047030271816853,3.8234412668792865,3.7992482282808764,3.7827381638715236,3.8026400952196213,3.7821575040781306,3.802023696858272,3.8049793567019523,3.7920254757426943,3.7680223578480603,3.7655123344260417,3.772010897208631,3.7599744956307375,3.7600749930033714,3.7541982977988,3.7135381006571078,3.7185524917058905,3.728927047991804,3.7244786080944974,3.7190678418124277,3.6802179197653673,3.6833996939978295,3.6665030711321838,3.6667836661636035,3.617053558859096,3.6110803421600166,3.59951263659275,3.5688603251535,3.5619620812051322,3.5305410581676604,3.5063145605603085,3.476887299668991,3.448880318807306,3.4006313327453097,3.371535329112576,3.3301592303361307,3.3188577985360994,3.2957889440010075,3.2721513541946816,3.21870695544921,3.1633973847486057,3.138560114820169,3.1205658503240112,3.0959500973564635,3.0831859389298724,3.032167569623401,3.0256191934010053,2.982107418205228,2.985244759895559,2.9395485392618914,2.939824843325649,2.948623490109391,2.9199008524249104,2.9123021302638197,2.878394860659877,2.8740894134223516,2.86770468981647,2.8692104066382895,2.8363326217615192,2.8263553884072317,2.831989887499443,2.829054289204389,2.8203145284863944,2.7944125140850886,2.798555573799607,2.8097828525936888,2.789416330222957,2.802005530486601,2.7988619849472647,2.7944978187289182,2.7853632061493507,2.786865900581518,2.7838601667169884
4.098808749149925,4.106367761633346,4.104814036294062,4.093468246165543,4.100850699881991,4.087040299707911,4.091909254738792,4.1018337174216155,4.082617790279723,4.0782502041119715,4.098531448364584,4.0851414688396765,4.077422717636991,4.083663457767371,4.064705611744285,4.066607455797829,4.056760683527257,4.078026740308356,4.0577954936697385,4.074011489178899,4.038254230432959,4.058587179878462,4.038685157545565,4.0534464799442835,4.031463199643755,4.034707887689265,4.049577538036987,4.036086122532269,4.017240666700737,4.015273650691689,4.021879682918285,4.022049378392475,4.032195320521095,4.014510554541072,4.03504723227133,4.015479633400785,4.00946541257821,3.9982191752407004,4.01673472053605,4.034936330211768,4.005549679181335,4.0059205319038105,3.9818183787705124,4.0190336286551,3.993216474168195,3.9917582015933513,3.974243568989936,3.9966895209451963,3.9799878094770826,3.992846434525387,3.94279529343011,3.9819543770758226,3.948712643929814,3.9804831364617583,3.9621685215459057,3.9733131054728634,3.963302357629358,3.989635755922128,3.9653660511101894,3.932479118192119,3.95907281372705,3.926883193302724,3.926058602101807,3.94804170794967,3.942291008638967,3.945546464005283,3.9272822624515724,3.9360300368935643,3.9177519759984523,3.9324760362336932,3.9047631644554324,3.9250816707731255,3.908068312237098,3.910245292303846,3.926055016739511,3.9157322780253896,3.907360193587882,3.919912006361561,3.8766637778095077,3.892534003040039,3.9020023166356825,3.8989906811305506,3.8883099844400713,3.893167337199387,3.8963672865521386,3.8973836314610746,3.889386983715439,3.8707156273197816,3.870073659227554,3.8797620692594545,3.8802784885348482,3.8561436451180655,3.8561099483886765,3.8493397407421237,3.8929601885286633,3.850166104974919,3.8414647268414552,3.8337423818745915,3.8403542115835654,3.853647792972984,3.834436713051279,3.852605567232073,3.8286662153277544,3.83531149557504,3.8290559437230636,3.822028238789701,3.826538728852755,3.8502236078639265,3.818081585770484,3.8414324807426734,3.8263288749870323,3.8265430529376783,3.821882822450871,3.7853640483599347,3.801826106539853,3.791880297134649,3.7942115570292865,3.790335835551684,3.768647080298333,3.7956029071712343,3.7829492452056717,3.7794009073254684,3.808201007167536,3.7857625430046595,3.7825085813161254,3.7726204670126573,3.756931150757937,3.773764827493375,3.742264051314191,3.7810405189023357,3.724564418838494,3.7494380870479858,3.7145430545158247,3.7419081278927235,3.728510898070616,3.7483051388576443,3.7384386815517527,3.7216123349864243,3.7134181558623998,3.716368912857498,3.713649316605729,3.6976995313739276,3.66959554344946,3.6732994346402594,3.657812933855396,3.6571512019716,3.6112419315993645,3.6062129700615264,3.6102647308602744,3.588149275941363,3.578560508271829,3.5638793546339858,3.551267487453083,3.5374198388314646,3.503347322834741,3.4683533808666613,3.4431903213318176,3.4157771867510314,3.372694647620916,3.3605462191474484,3.318501456632234,3.2811823027253344,3.2645405848690654,3.207600873998267,3.1985436737467277,3.157826806114484,3.1112849054296317,3.111162720504622,3.075186008628331,3.0653487038128366,3.0166488927832025,3.0195668165210496,2.988304953339796,2.959977169053466,2.952148938003957,2.9284606767933243,2.9012992787400225,2.887860013800005,2.869874069959201,2.8666959965737657,2.8539491438797717,2.8461955435669664,2.828959278432504,2.8269966121519725,2.8094406123646674,2.8035325484868574,2.8015374674208764,2.787081412882146,2.790958126397471,2.77931028091637,2.783893703795072,2.7558978242816323,2.769869356948108,2.7720658687601825,2.7673191322761985,2.736640126306407,2.7697942151392945,2.7628554826097997,2.7350410568185564,2.7422453106223785
4.190646180578323,4.199354085081684,4.219168718056772,4.196142460190331,4.206127782412847,4.194825312327545,4.193936145182012,4.181775137742748,4.203864930066246,4.215931508683634,4.201210743243189,4.193998186491162,4.1755153851794065,4.198376782604268,4.1865028055700355,4.150359516555515,4.156669048984854,4.175196405642972,4.16803119888885,4.141075863539426,4.178049243337192,4.15267345583289,4.169953008438371,4.1529124813742415,4.138781505481088,4.135324948538226,4.150956839045998,4.138020267769202,4.152596747466956,4.135085983207425,4.136130812063467,4.141359587580472,4.107765609078887,4.115617671414774,4.127067783364722,4.101957764832267,4.115911188887303,4.101866319815723,4.110255749681469,4.096440192843812,4.098682283260535,4.104870416167546,4.089781136723293,4.097567244452948,4.111590859866032,4.084085816838153,4.081191994386535,4.07973322154393,4.0857223793021005,4.088326891858822,4.078188464139698,4.084425317610412,4.071868854326986,4.0800830382020035,4.068269371522619,4.075685876325169,4.073391772366348,4.078585288555156,4.075872649069401,4.054844139386969,4.0510765849786665,4.052439499762787,4.03827860871191,4.039368256134349,4.037133597960331,4.059486284432379,4.033249793784326,4.041357014947586,4.0326325428729115,4.035936250340623,4.015263577932047,4.019671656989056,4.017362152744429,4.015334880501804,4.017273508134651,4.021376606792134,3.9972234426914772,3.9999545591288936,3.999866732825272,4.001487120809384,4.005384738312509,3.997249701996142,3.9832775240613256,3.9825099386521923,3.9753686330422093,3.9976366845419458,3.9970242577399024,3.983985895593345,3.9788212063922015,3.9635631039906345,3.9776994405113184,3.9850741289798237,3.957349280068221,3.9702227779434187,3.953587995263266,3.9656991918389846,3.948426253644885,3.9424921175770287,3.931813202830555,3.9444810971870865,3.925894404862306,3.959579010532899,3.9269156748551146,3.9084139258731887,3.9181030474363494,3.9228407485382704,3.928414957060032,3.904813406046784,3.908955151998532,3.9289522327138475,3.917486484022853,3.9144389982459344,3.9008516734713505,3.872261982426347,3.89027123184261,3.8844411717384615,3.9120788797866703,3.8756711496851786,3.8911837708552763,3.8788045649298293,3.8742403254714435,3.8964763171327026,3.8786699625018572,3.8876342072607337,3.8630852700187917,3.8560622676795884,3.852158786792675,3.858786906410169,3.846994433880119,3.824525117187776,3.838424477377107,3.853158553804447,3.8430842992991474,3.8520336833086994,3.834815213823726,3.8311172946013463,3.8165279755262858,3.826359371372009,3.8214684275957453,3.7826633959941653,3.8233716901413306,3.794207618548022,3.7774650865132955,3.7948782347027796,3.7655637058833475,3.765530830428991,3.759703029539274,3.736465467928177,3.7351613658485503,3.7212284987038524,3.6972411345555196,3.6818796115217562,3.706926042825062,3.69131831991103,3.641470955429548,3.6233940707739647,3.576210662445275,3.5464120545337527,3.5291849876554897,3.5369481036857824,3.492649592073991,3.4436653233237213,3.4485833851516547,3.395782325035267,3.3399174565215923,3.3248041614448915,3.2863728055962125,3.2766558425094896,3.2297882207077966,3.209721932381386,3.158984898023581,3.1449648611723395,3.1227499252253827,3.080734874602151,3.0638818377803902,3.041603909251637,3.0279840355212677,2.986230235918954,2.9825046706156417,2.9618880733381854,2.9561632779753113,2.935879389245809,2.9432252515678363,2.9053204804044075,2.9065959017611034,2.8874829081936686,2.88426861818987,2.8794272207212392,2.8740492821499832,2.852694175735976,2.869633599197925,2.845573082585191,2.8389594190627094,2.8384835212564576,2.8379210180495944,2.849385821368094,2.8534740417210553,2.8065832086495113,2.8205427943011427,2.8312467116605204
4.119160706951466,4.157880363032309,4.102923126661283,4.121277531958158,4.135254790949064,4.115399558908661,4.127881652750465,4.116853048048763,4.100403918363111,4.097637961742074,4.096772598101472,4.106889777830417,4.114899874939728,4.106209464053027,4.106195021073458,4.0711044996812715,4.0939480257066965,4.091774185191212,4.090082553680906,4.073648343822357,4.061903785877824,4.077650573405129,4.0783750677317085,4.067400854448287,4.068950798160044,4.05380723641291,4.061403224615651,4.058238223706073,4.0515706588770355,4.0351910367496675,4.0365061686743156,4.0332466222208945,4.043078133984999,4.061114913884228,4.0459922152017205,4.059999759739983,4.040848510095204,4.026289303087285,4.034442845618969,4.03478478203324,4.015828412008309,4.004096233625077,4.017850457716313,4.035915624671502,4.011862153536767,4.00091163080805,4.013566568353117,4.016397341088733,3.995383207637437,4.00909479870849,4.004112076569346,4.008060469529318,3.9666601701249453,3.9885957536928136,3.9813583586177215,3.9718326374284687,3.9739448596840217,3.978384751152082,3.953157545928753,3.947565280428139,3.9818881804049435,3.9640087421316887,3.9591980098374835,3.9556332108972265,3.9596238212435195,3.9344414501223053,3.967898704228235,3.977902815734639,3.9544443785630174,3.9498591675890644,3.950769163638474,3.933175178231541,3.92990566626792,3.928635025827354,3.92180076442492,3.9170271222687734,3.9269805238222606,3.917182342287975,3.9304542270832967,3.9241334904280296,3.8968589962940694,3.9168956945069224,3.9159216373428176,3.902637191113132,3.905369806610552,3.8931234482084296,3.905768029489311,3.9006368325362804,3.8838338850549743,3.876194226241689,3.889070506886456,3.8839226507051516,3.8694158830036978,3.863622748999039,3.873428217258403,3.8864007254256503,3.8586008570728683,3.8617707806758785,3.873027033673909,3.8595742596423817,3.8495691094985403,3.856128884171189,3.8500681600145126,3.84650589881946,3.852778023047511,3.853675137805116,3.8438203478305213,3.8316731294505533,3.842622475336329,3.838231769191659,3.824814585056935,3.8059865409403564,3.8226199180469673,3.813614462796967,3.8017432913101397,3.8108698009216644,3.8016980018717628,3.8058983911721453,3.79453832412474,3.814116393585881,3.813893162979293,3.8024511601150994,3.7903615806775277,3.800347760431604,3.785254942052107,3.785802788550282,3.7552389675460756,3.766808093053641,3.7708816122704945,3.7706363825861904,3.753863728096523,3.7307987380043865,3.722458160544143,3.7299659704625068,3.72568068876537,3.720683929285927,3.712420946534167,3.6773889308270817,3.6678695933515075,3.636148043310787,3.649663327137205,3.6558932185002395,3.5975038930303818,3.5689014043184017,3.575275811215515,3.55831965562715,3.5422956667500602,3.4934912314430724,3.512721750181361,3.447343562227671,3.427291651719413,3.391415240220541,3.3642083053158354,3.3318941644704165,3.295319115620718,3.2537700004917496,3.2423869687551607,3.207116203958594,3.1715889797423262,3.1520280233761016,3.0954103559830366,3.069068845894284,3.0624908349782585,3.01571422813039,3.002006152033233,3.0045308896947693,2.948770472107013,2.957866680681942,2.912885067725964,2.903251404970331,2.895441026627894,2.8791342897773253,2.8647722965322497,2.8684975053016197,2.857555517189332,2.8495503178336303,2.8402041684544783,2.8319925751527326,2.8197041674475094,2.820837693114736,2.834326989958231,2.8089254332362583,2.8192139094852076,2.8141799115951858,2.799083128377885,2.779906345160268,2.7913864299766042,2.774322504718565,2.774680172748662,2.7674299242619966,2.7491784091755043,2.7450228833662846,2.7750244349827415,2.766442724877966,2.7540938403623842,2.7336881253782943,2.749078056790978,2.743438936746094,2.7671780314830694,2.73698961305989
4.124090096540946,4.1377616659874725,4.155244612959629,4.130964772617112,4.1359563714537035,4.155604612989308,4.10907552118994,4.127438514512714,4.108568178965414,4.091072800674687,4.106428271622735,4.120973830834778,4.0857956257917,4.090086048692661,4.0900992376679985,4.089801510793806,4.076840944991514,4.076098460457865,4.097012986205319,4.071145082772469,4.068448986476526,4.072050274027222,4.08521601420312,4.094585973989246,4.053748143149829,4.071960939687121,4.059115838985014,4.079364963957129,4.033051314668811,4.042627433729494,4.055423562448028,4.057257980517618,4.05074638620585,4.040502736475736,4.031230002422016,4.020696125572463,4.023979800407173,4.039108688178103,4.036130221817295,4.012991165354273,4.0220877046738135,4.014897900810921,4.01032319410931,4.0074576342892305,3.9988176049498607,4.022841710930987,4.003988850873424,3.995891783940291,3.9967383053807337,3.9977335225617,4.027660136751227,3.991987624975208,3.9921688545571623,3.9846897629115863,3.9714506620729666,3.985871446323402,3.991553832879643,3.9802897181225103,3.9536476982119226,3.9639101357962336,3.9828578313015663,3.9771509887196705,3.958214239940504,3.961523585741384,3.967600942007296,3.9441473906780655,3.9476603058054986,3.949516180483286,3.9645073012579988,3.9480215080832437,3.9389681781124035,3.935243202722997,3.9236222325100973,3.935921120806447,3.9243941488635388,3.9470466305611493,3.935956538619367,3.925742598695662,3.913225768052932,3.926239269027045,3.9075874953634235,3.924817588752693,3.9137053661735792,3.9161447235686535,3.915870466027798,3.9068782130872997,3.872620074624265,3.9133641686137723,3.8868781652157214,3.89642904293968,3.869106586004912,3.9051932291098628,3.8772397389202924,3.8939197588173275,3.8701336574524206,3.8935816286991827,3.8758563489054865,3.865383189334847,3.866321070929901,3.8443631307325683,3.8506744897983647,3.8662292429727554,3.8539380128455623,3.850632920948226,3.8403722110992917,3.8414161792244834,3.8488645651796625,3.845771921843145,3.846899350326654,3.860935961125193,3.8196024792189562,3.8255533454100954,3.8495037724754715,3.8085187476292983,3.839422981804192,3.811647022912496,3.828102648848645,3.8107194429471227,3.788574792147884,3.7955764319160594,3.8166682136491334,3.802045689524466,3.8207963474025974,3.8021900751321436,3.777516195760145,3.787747607374274,3.7464392308650507,3.774212224097745,3.766567199471372,3.768787950472958,3.7712547629839515,3.791684873691046,3.7395183585247787,3.7555213676944477,3.7496182619303395,3.740303512487309,3.7197944766899167,3.724098179080027,3.703929831687066,3.6812868315487264,3.6828565180989132,3.67734936654643,3.6690298436268654,3.6658166341683804,3.61706756689441,3.588089675791285,3.5894980942186736,3.5757787350785213,3.5531236304549303,3.5195019047701828,3.4904141120333634,3.4904004234482895,3.464102437970034,3.4485248712289835,3.373621722520911,3.3697551642510635,3.3277573158474425,3.2809040845326107,3.2665870564953146,3.2291426086942385,3.1943360894077464,3.1774816391959457,3.118597666711483,3.0992099571695237,3.053351734835951,3.0577128644614087,3.0409591082144782,3.00377958155015,2.9566319790844275,2.9489094419353163,2.945894266460052,2.937870435429597,2.9054146358711277,2.8861136135748255,2.861091742584816,2.8807221148871784,2.8772780564051637,2.8703057942071104,2.8393567115607,2.8506236095383244,2.8309643785011667,2.8197794173028115,2.8220462001089097,2.8060839576290437,2.8048634266802797,2.8037878941703096,2.788327373647787,2.790404000506793,2.7653449159274603,2.774627683134462,2.7670134480361837,2.7733982483670956,2.7612836431780523,2.7537032754556376,2.751157230830653,2.758042628747441,2.761516704417147,2.747743658829822,2.7498506439427177,2.76035822554233
4.0675662270794755,4.078339029794514,4.098264948878999,4.060742952963032,4.073274402342821,4.064685895991563,4.070027217177094,4.060790637712876,4.070977553092857,4.03554703428347,4.060423650821947,4.031059587091249,4.052029050196427,4.023537036526869,4.044351726208227,4.05024006878556,4.02504985869275,4.024825840602836,4.037527023495774,4.017680307218276,4.042503515497248,4.022095440686718,4.029478569780733,4.039898868074372,4.0111534894240775,4.004044270501163,4.007893875358506,3.997836773834498,3.9880289703380125,3.9775932477333193,3.9947150303569754,3.991635313932625,3.967856938019076,3.987157467691886,4.002070044487995,3.986019548097461,3.952370285093456,3.9706362842061496,3.988388308832435,4.006120077823536,3.9736520648741296,3.9832584620422953,3.9752190260775357,3.962955796990281,3.967872249208122,3.9413236880307876,3.9582833478915522,3.9724370438366465,3.962135944144903,3.962528221238254,3.9107302171823903,3.946176656518659,3.9442823206155886,3.9428125816708843,3.9209952273026696,3.9207880821012244,3.9250481423886927,3.9259472260019903,3.901805539636753,3.9124921071162486,3.9358885155397263,3.9249616163596768,3.914244250821137,3.907858137776876,3.899910466357982,3.8875775132804735,3.8893556754037615,3.883844007611595,3.8963162802687177,3.8735966166420384,3.884620417438117,3.8775630161366346,3.8788725284362653,3.9095398518419318,3.8946891093156606,3.874405587157244,3.8799667147866335,3.865235948527633,3.864100793095996,3.879755399573985,3.8669254462538327,3.8751123666676914,3.850808469817972,3.83128948412253,3.858996641042098,3.8494629398882676,3.8516205658806086,3.8596331397173764,3.845776785436016,3.816244292484022,3.8557943462300126,3.8369166222479447,3.8296209456966834,3.8297067805013016,3.844736570557916,3.824058127662337,3.826252700021829,3.7964887448281135,3.796422736335593,3.795047710628403,3.81681857131517,3.8111750519923984,3.8109252074415005,3.8083230484631194,3.791745550911312,3.7967509117418023,3.8124907276759097,3.7793643273110695,3.7787177964185226,3.7788680593131625,3.789212910519425,3.773437779551549,3.7737895030360087,3.7718456596310106,3.777557130136805,3.769058050576485,3.746079143665947,3.752692488406131,3.7618629956741594,3.7459126314469633,3.7370317799469603,3.7326991516695855,3.7238149205063316,3.731865213899447,3.7026479053654393,3.7064662895488594,3.6849281639028835,3.70735174068728,3.6727878522065303,3.656755337627091,3.635222899598933,3.666338460060629,3.636279774902646,3.596140660365522,3.5892614870382022,3.588966031116907,3.5498801636959465,3.5364756263044224,3.5049351390233783,3.4961277402215756,3.4582769104817093,3.4352503251511477,3.419466555126047,3.3796571641983144,3.357134775878462,3.3275937639584923,3.2879541129459886,3.2530208152738553,3.223657070771624,3.1833786637281682,3.1556500632551017,3.124172674176344,3.069402565713524,3.068560671541887,3.0402292729942135,3.0118297384413797,2.982638972203247,2.9667737601367117,2.908210139089294,2.928233160656136,2.907267543477327,2.9005657045087654,2.882082278429646,2.871841523800172,2.8434358209115724,2.836503230489409,2.8464907748927875,2.831788160113988,2.813702555074156,2.794277454675721,2.823640335295906,2.782638454501793,2.8007044057404,2.793464119472667,2.7972900205280755,2.7516668446625716,2.779300773568847,2.7662712562267,2.779616976568469,2.7648915274672703,2.7548661138056487,2.75684959726237,2.7448945401802143,2.7731271911997792,2.756982274114237,2.7473904227966024,2.7426940421268413,2.7326254339225535,2.746220157815203,2.7272499978406035,2.72857482430938,2.7387448612466425,2.71420005328088,2.710148900698374,2.712630427524611,2.700655379403695,2.71692267081547,2.6968350859180386,2.68576088283854,2.7145601920099853
3.9952135996529674,4.008520264338083,3.9780841361248926,3.991162585275242,4.004684538701294,3.983995446778479,3.9693514077073098,3.966422595729945,3.962756206293107,4.006072319518107,3.976439000660291,3.9540707673553497,3.9667313337007797,3.9599789265284104,3.978494659575507,3.9626363395496678,3.975110865993999,3.939186155563035,3.9464348904748436,3.9437676878822363,3.94465622589037,3.937741842509509,3.945962395294668,3.936114347227811,3.9191231364840995,3.9342042768356915,3.9235770141179094,3.9262252287033688,3.9255000103650715,3.929933063073006,3.9362785811216017,3.924700452285372,3.9181401749443183,3.920589773983492,3.8885738654601516,3.8987777950266773,3.909289505396417,3.899382693302276,3.9090305534116867,3.9200168389128227,3.8794679189164665,3.890619782273298,3.8757399875196317,3.9034123811698764,3.889166123876454,3.8839360658619038,3.870455074545251,3.8730559985752437,3.8841580892405396,3.88144229279774,3.860247332157963,3.856111612483095,3.8564615665678184,3.8697264396732183,3.8295066218622646,3.835064549675346,3.871613701863244,3.8501419592834334,3.844283226743989,3.838997644313939,3.8464159094877335,3.8078784400999552,3.8217545450013235,3.8244284297733557,3.838441289903085,3.8171126089075664,3.818944902058822,3.8203405069477743,3.82970323102014,3.8080500190178217,3.809099100832609,3.8341188910094437,3.7994659208845087,3.7985206658562176,3.7901121115457994,3.8060696979527227,3.7851427534542275,3.8039930911903093,3.8104826006475885,3.786186492265683,3.7786654748400634,3.767497684518208,3.804162446163533,3.780006271786633,3.759956047391304,3.7866694160162417,3.7841391326193845,3.764220941544292,3.7564893531775496,3.7723816311750906,3.7679861091162907,3.750101395713634,3.781789145676032,3.7593664497223704,3.7501046253093593,3.7473776551985702,3.7291648812188947,3.7482920940484616,3.737739088507277,3.7483127768821785,3.712511243809399,3.7285952151554898,3.7307782442451116,3.714097126499822,3.721007398384105,3.7198165579315643,3.706192184228434,3.7103450494114516,3.715624754150563,3.706464329572951,3.6897197049738315,3.707817210286379,3.7041301344382807,3.693728337997145,3.686278211566105,3.6726198369380683,3.674084638697379,3.685020401156025,3.664380716426585,3.668055304378722,3.6925546630811064,3.667490619906997,3.645554803454387,3.6739591338607585,3.63525907792282,3.653397321903048,3.659469853212616,3.6439906423666324,3.6519171198929246,3.6366619643921374,3.6462159082465377,3.6354837886084184,3.617384110306681,3.5969160725925335,3.59278621107398,3.6036714046305858,3.5773599813455017,3.590676673092324,3.5730867027921636,3.5835658771077443,3.573174531190652,3.5450973895556834,3.536496311906085,3.531578182173322,3.5083581035739746,3.4687407485710993,3.4533418387322055,3.435934454375233,3.4424749289073984,3.405000901600583,3.3891237550902606,3.3775294379062273,3.318886245784087,3.3110986947814562,3.2945157222382315,3.2544024987462143,3.2145659451091753,3.1727273801377955,3.1539698776689935,3.123960221881626,3.081485977236535,3.0586912537544135,3.0035064861616667,2.971252508410206,2.946564445806269,2.938074508813213,2.902609018256406,2.8673669660428676,2.88495193072709,2.8529238979494993,2.8224153422526808,2.8336048601751638,2.7939557999321396,2.785357759579716,2.771424252493129,2.7689567270723057,2.7516098470403247,2.733758282298787,2.719605622408518,2.714500275028503,2.697296609432997,2.7147169655023666,2.6943723316208654,2.7138066883725642,2.6979131124798585,2.6634914760110844,2.6744059237782722,2.6687828925335118,2.6723009641156024,2.660009642007949,2.6647057143264647,2.665222308836727,2.6607135979306076,2.6319867397473753,2.650372342797099,2.6405292546495707,2.641736457711371,2.6316130852308817,2.652219102083176,2.618840729257729
4.1190328739084725,4.112972939530385,4.129474021447115,4.11000835506959,4.095621025912056,4.109065995739892,4.10711433772365,4.101630502543867,4.0784736420653696,4.112873980858839,4.100167378965732,4.090258791691559,4.088590840308038,4.089053194124622,4.06957470578885,4.087736644018408,4.088318161819534,4.062036497570964,4.058032131991721,4.065615538275779,4.086981729871315,4.065673085118067,4.075127282823721,4.053786830003539,4.0387197344604555,4.045158916707905,4.061865866362962,4.0631722017445036,4.02781077439451,4.024791531214746,4.038011858087661,4.025686471704139,4.04164785206469,4.027993098576074,4.051406920601983,4.018545896030527,4.001020628047384,4.01327580052683,4.005607343419049,4.014914956254852,4.019286133183303,4.010937568579667,4.020010525249079,4.000872846303236,4.002725170372037,3.9912944890519046,3.9900996144595156,3.9898282900549886,4.022254678742601,3.9943708906715303,3.972822125198856,3.9912522551496448,3.9785624193199403,3.979450325776526,3.9629484511915214,3.9636016342186444,3.960322848353409,3.951609573755029,3.965446856944433,3.958554625027368,3.969456746623573,3.942818409027057,3.9511197412407606,3.9428489934739908,3.9427552838794733,3.9422724393438093,3.9404390869658896,3.9293021823016083,3.9419313177103845,3.900954303456242,3.9287200046354025,3.9291786429333424,3.9201721555342797,3.944493261680765,3.923708119820191,3.9116795024642697,3.939937039859195,3.907648414408171,3.907158292970113,3.8912861604126725,3.889175367701498,3.885465207156934,3.882618936950416,3.896201904298528,3.876618755294049,3.8954249192523136,3.881281184116198,3.889119553680779,3.8819771100555363,3.868993129235481,3.8860816753984335,3.8626082347295405,3.8716674695937403,3.8956988403230097,3.8643830917551045,3.869303703700123,3.8405136180496298,3.8695206586289315,3.872381890653026,3.8393185102499636,3.870280226261534,3.8389574722868147,3.831219878568873,3.8424620251081874,3.8380994453358395,3.829768102928145,3.8212491350816546,3.831917207521186,3.821136738537659,3.806236866925065,3.813511611073337,3.794615678231994,3.81904339848741,3.8029238548608038,3.8185698847996106,3.7995113866000896,3.8064177173221445,3.7893210996124673,3.796098046994831,3.7770653801096628,3.7847527273097827,3.784597076146213,3.789555006060514,3.7931558378459123,3.75554937742406,3.7593899024896995,3.7710090480371887,3.751120582777986,3.7555701017657026,3.747105408772983,3.7408567903466703,3.754337594448064,3.7475012358610305,3.73514543552053,3.718563710842594,3.721666900150315,3.70684157049123,3.705117940276489,3.682680921381808,3.6768215662285066,3.6673773057334604,3.669233985252411,3.624854764750788,3.642603026306393,3.622687674846156,3.6009784274019596,3.563678389689902,3.5741418645826757,3.542749620222,3.510481422092967,3.4899130299908836,3.4549909286264513,3.4561189605139493,3.4180257506792886,3.379832083577315,3.3476459848544415,3.3113698540997154,3.297982737673488,3.219476130043306,3.1945533580460856,3.1878671118129804,3.1383795080390593,3.1237873172957276,3.0849773127527813,3.069356277935677,3.031280813470248,2.988476112637608,3.012833263907303,2.9662627351902815,2.9628601717436975,2.9428407137294257,2.9236030715463417,2.903861156837924,2.8879074700143366,2.852335988263522,2.8572938858399763,2.879193262371097,2.8478176618629525,2.8170702502125256,2.8394691306694164,2.8314107872079766,2.8137104495360488,2.8042073721577743,2.7962603091074145,2.7957476853725147,2.8046715919551852,2.7905109330972913,2.801302261322784,2.7787892737510913,2.785573173587986,2.7758814783078978,2.76549657875005,2.7736278003854355,2.7667214305156818,2.7535522816859848,2.7503041680501608,2.7450739466665492,2.7383488535057996,2.7463200752082297,2.736167423381116
4.214125242944213,4.237192743116029,4.216524569324302,4.232670427782637,4.208724249122933,4.214804118242952,4.183682378854469,4.18663976482253,4.182434047409108,4.1715510412624335,4.172826836023641,4.194580811632623,4.210076260556459,4.179522060462369,4.179639514355764,4.184350932386701,4.1729757657561715,4.161046966650528,4.169898215778319,4.1737352986725025,4.1709447964988025,4.170783487156135,4.141381314329726,4.17618120908862,4.172638997719574,4.158219657155967,4.1392012755033685,4.1258320142188465,4.129653590022629,4.146082116833345,4.121007927848514,4.140150602378488,4.122443122733112,4.1320424783696215,4.1253837982156805,4.142816237664797,4.106099874952382,4.132514524035444,4.130481247616099,4.105375997310316,4.080375001992092,4.09575518542743,4.105411832737647,4.10266683848923,4.091054117119112,4.0857369545221,4.097440297678519,4.096377427521665,4.093460014064967,4.08468959562011,4.085259518943668,4.085769513615762,4.0765613666714025,4.074771561380546,4.067194234840662,4.078531740824319,4.075290428460245,4.047626094524293,4.0708111044156245,4.065311737849037,4.057527533127628,4.05617528249322,4.033184284972411,4.018538212523006,4.052029004519821,4.051560892517421,4.040757534945008,4.026826739205135,4.031014334369263,4.050437078762388,4.035943917399792,4.020845667201133,4.044599783088126,4.012523504149963,4.009698003999193,4.017334494390486,3.9979657429166666,3.9911807337799803,3.999637666851342,4.014214197194394,3.990550416451254,4.011825433022377,4.000407014812001,3.9907671141585648,3.982839955142777,4.015020810688497,3.9790239163713665,3.958273943233964,3.9891481014457773,3.9820736867158932,3.960040282401569,3.9844579475612876,3.9444857397419213,3.965682281049722,3.9463415966086313,3.9520187116432983,3.9546306416719923,3.955829765745354,3.9292136380727403,3.975593467964331,3.946292854979738,3.9481987053675835,3.9383245243823386,3.9138186463318467,3.935907033607664,3.925845647805977,3.9232627123927206,3.925764701212462,3.9305058781092495,3.901883790980218,3.928501641276244,3.91452454406832,3.8953317617888668,3.887139365731791,3.897405506735694,3.896220882180822,3.903092442301702,3.886667282897453,3.876187905742362,3.8765103947349084,3.8778048114447308,3.860182543689431,3.870003362098228,3.8626960782043587,3.8392602652695187,3.840861384863262,3.8557332367739607,3.8295810631655103,3.830012072530392,3.813251483358638,3.8375924914877224,3.819417351084296,3.7963127555239775,3.786672802449825,3.7964199633213336,3.7802662538106855,3.7567497107185623,3.748122756140802,3.725437384573313,3.705345155155253,3.681112837778824,3.677339544107589,3.6539574208230396,3.6106938783154776,3.606324497517412,3.574155840794811,3.5228150517481582,3.504348299330926,3.4638774886616037,3.4402524484580446,3.4017122228772556,3.3871294293196885,3.3541592264212525,3.3188729679338635,3.2613220350328866,3.2300221469824164,3.2115540375222773,3.172341235046633,3.1285625209311694,3.131145011708304,3.0993918026106493,3.079456318565599,3.0747936751492544,3.04808847951102,3.019246057765929,3.0293377895844387,3.0176609567339026,2.9699936170383916,2.9985746684323438,2.9484276595941346,2.9387907609458606,2.9544725599589237,2.941031994580296,2.9123036719902413,2.9381970811178664,2.9014133445509014,2.9127309317937704,2.9100365455850503,2.8840258910972736,2.9024587830081883,2.881834853739109,2.8740068030669685,2.8478859038228292,2.8841057244315285,2.864131726054206,2.8625503037013074,2.8630039865035033,2.8585991604633025,2.8418951951048292,2.847897711357911,2.8593928666099244,2.8347967909883023,2.8252776314252985,2.8532128316038796,2.8359639120328923,2.8197423949087637,2.814587245124886,2.8320442908054155,2.83201766643979,2.8212385501611275
4.126607027093105,4.162155010504608,4.163022008300872,4.135200227259548,4.155039712940205,4.172883813854812,4.159577467336558,4.153664764561659,4.130684501021445,4.142705990018256,4.156514711749152,4.131020299867242,4.145415061109592,4.1303415894787685,4.13022631046168,4.133136004492288,4.104551879402167,4.1214388040144465,4.090574889398516,4.102642934726946,4.092859937646565,4.12019343393428,4.101112680699133,4.114775728410429,4.098184629536364,4.092372215299754,4.083579742180757,4.093454351160442,4.069542501804844,4.092168935146618,4.0895703885992765,4.074646069110072,4.09212362185511,4.059600952343376,4.070788296174865,4.081809519879645,4.070310112748545,4.061109401806143,4.0511134256419945,4.042667815240767,4.067977206939185,4.0371275942828335,4.035091549528685,4.036876118007537,4.042839567453606,4.057028650769913,4.042216501539585,4.055957637871974,4.025766606124299,4.033297100219645,4.0547545722848595,4.0340520182568245,4.021047120132736,4.024826822976555,4.02428837357332,4.022427686640224,4.015834398879979,3.989417712005202,3.9897638861206666,4.005707171300649,4.016606144192199,3.990707174090141,3.9851287567258398,3.9995046971985055,4.003939095136798,4.014256782257677,3.977199857787735,3.9971357952855064,3.9933993384656272,3.983946220099269,3.957574926327121,3.9723556903106028,3.961008227787901,3.981946306911274,3.975915982644614,3.9681314226888023,3.9411053681356685,3.9548957514313856,3.9563166586902834,3.9551947627656467,3.9471596809101293,3.958275402005827,3.928399416535013,3.930522849297045,3.9370450084450503,3.937606173478048,3.9301844069691856,3.9267560921189575,3.9229400275460793,3.9146224214622665,3.925155014985041,3.9115059604176157,3.9235349980330967,3.9044511087387774,3.9092349032634144,3.9054585260679007,3.8934408344554385,3.8912119560080765,3.9096265282494143,3.9150254818616843,3.878379115569014,3.8901480194071505,3.905377878819259,3.879990190925909,3.868301802309454,3.902685269961917,3.875478845707726,3.873834713792173,3.8618909468218785,3.852799732822353,3.8374122886997926,3.864034979929971,3.860280822003914,3.85633330617603,3.844570803814707,3.8603009996832975,3.8587690166965185,3.837688184040331,3.823795723982339,3.854241427415731,3.839805741229978,3.8412831752401084,3.8087399814072116,3.80968101343434,3.830028619761949,3.8066449072400337,3.82867741531174,3.8140867214890535,3.808966805748768,3.7908712066137427,3.79683602222839,3.7958444216803224,3.8100105512516786,3.810888321846098,3.7957163780080245,3.7672215504941042,3.7893240864644975,3.7863513123139367,3.7487076211212376,3.7706279071711233,3.7518310309144245,3.7594600457676752,3.7493931665256794,3.7633291920780616,3.7249469266174122,3.7131699551556507,3.6948296276946073,3.6984038372479016,3.6951653200206467,3.677124174740484,3.65724844383499,3.6325149424412753,3.640283741382161,3.607032445233435,3.587275717017347,3.573035111947314,3.5356168775768215,3.5209686468753514,3.480743930366143,3.4632655492014544,3.4117594767967536,3.4041308974035323,3.3436132017869604,3.339131910939898,3.314779762075252,3.2723787732794585,3.250947951063873,3.207427586730634,3.155818513701468,3.145981817601614,3.1104095654272412,3.0605151367743213,3.0432359459898426,2.9994237770738903,3.0050316860192616,2.969949234660853,2.949131323168276,2.9511505877328625,2.9285597911327517,2.8953294800255063,2.911363491266325,2.8802070877832353,2.870396226823443,2.869491587292201,2.8710538379640154,2.8620384274032604,2.847117388952667,2.8226386864365285,2.818345044235571,2.8202171289188382,2.798704367921558,2.819652051307588,2.788335410832411,2.792601318043335,2.780223306177007,2.794615349581861,2.7660031389266377,2.7775891119007814,2.750444421005738,2.7643951482708427
4.0991831916772545,4.092826660718986,4.09887326644205,4.1115638043129525,4.090249010052394,4.105395061758111,4.081570120091103,4.079726572868502,4.084819781599363,4.082399044997788,4.070454178279486,4.051316705959552,4.058946726357887,4.073831725619327,4.068965948438659,4.081807488617251,4.071184473678187,4.0666805919675815,4.064756268168836,4.062931651692412,4.049624329698253,4.058551916265065,4.048053465385392,4.02843869441825,4.0478862721632325,4.045417832670662,4.0032941455830295,4.029940766269728,4.0421686681349875,4.02671831620355,4.020122436736322,4.014670017630278,4.015458666397729,4.012628944130422,4.01552260100323,4.000948730511358,4.0018284968913065,4.017049867487781,4.00135421198912,4.012291855676317,3.9812085701079596,3.967354233882584,4.012803971203492,3.9531330209067543,3.9796466202516383,4.002385902818842,3.9697571410016295,3.9880367815929127,4.009769397225562,3.958438807406739,3.970236892079816,3.955970066759574,3.9711119799154946,3.959464819505918,3.9719895027616414,3.9573620095356747,3.967885595239995,3.9504388675962954,3.9660469868945603,3.9581738906101673,3.948483072413464,3.9278930861290813,3.943534218790947,3.945058998674532,3.919714122792918,3.9293570194966763,3.9445872249813694,3.9187350189084125,3.936779039372438,3.9079337393325817,3.9400206082689535,3.916726053400029,3.917201702314688,3.9294116857854013,3.898150955142573,3.907975160794707,3.8932418610162145,3.9111678796299736,3.9022888713018262,3.881151790341997,3.869078126482126,3.8886011371794478,3.868228410796805,3.8973924965810585,3.8951226098105165,3.887399754449175,3.873896820159062,3.870045382573371,3.860917034166454,3.8492215314374896,3.8527196835776802,3.847536590696266,3.8505567415960966,3.8436330696133125,3.828308579400064,3.8438685246044866,3.8429443970395334,3.8199234297604185,3.8291235540441333,3.8307007210176707,3.8145496237629244,3.84450288699053,3.8219547627097663,3.8241581787561834,3.8144609451567693,3.7991186519975155,3.8115376374761114,3.8250695455942822,3.798824906663747,3.7988494242064736,3.823682722357455,3.7939567026911605,3.8154078693701647,3.799070276957868,3.7887588406695,3.797509164300651,3.795204016308799,3.787339055809287,3.765688466965692,3.7801151326583105,3.7674090908464715,3.7674085464229465,3.7309862054427576,3.7668186844660854,3.7506564615294433,3.731637263367994,3.715320927121216,3.7155030170013377,3.7123262049705303,3.7032653800710884,3.6949631254756485,3.6869462282436967,3.7003038725617605,3.6874247697983322,3.6845073318736086,3.6576484446309543,3.6481059102874336,3.6432076659637964,3.6254480760951235,3.5973104519143484,3.591379781757628,3.574250732485612,3.537963491026255,3.5025250533616963,3.4942131715818467,3.4713609574151247,3.440604304066435,3.396434380086939,3.404738746948925,3.3524826569084363,3.328522750153034,3.2747887022006035,3.2432762254179472,3.2271584683037737,3.2067985889639643,3.1539838825211253,3.126562696959245,3.0730922129443683,3.076351902939754,3.049350978245877,3.014793109719281,2.9951437631138833,2.984077655804011,2.9640862255928724,2.9448133343492118,2.9384062752669546,2.871826304480874,2.8678187835080227,2.874745761352309,2.857188643062146,2.844402312397883,2.845155140447751,2.82501049596957,2.8355736158723763,2.8380897611015325,2.82004611130206,2.8022484778635066,2.773738318644229,2.7831898301521703,2.7532997987043717,2.7937889790666928,2.7784961957539194,2.7720965871165753,2.7716128289935176,2.745284663841814,2.779141337201634,2.754215979766543,2.7656316542538124,2.7393001888850756,2.742183882979039,2.745258279152882,2.745024870098975,2.7440303432426,2.739838460402251,2.738634881681904,2.7335385828807244,2.7343640748447107,2.7053785153308256,2.6935702554070167,2.7131894505114134
4.149430002147107,4.130957899557942,4.148249877437186,4.121756799965381,4.134200286659124,4.1151748393771275,4.1133890767627985,4.1263468414884334,4.126172516767467,4.132274491841251,4.131833629202911,4.135680278345687,4.107856437953077,4.119852688142906,4.105971830321839,4.136637609307144,4.10158688818924,4.110025302292672,4.086921705596471,4.109765968526044,4.102519791895532,4.06704972092186,4.093087738269097,4.071909912159182,4.069549400188761,4.090861334572873,4.066959039813003,4.087275577129393,4.082883921707149,4.06498330074768,4.057080185553411,4.046324535673311,4.068009792299327,4.077646797797891,4.0475399214625485,4.0513289687255645,4.035320327500521,4.057841095886085,4.0456077357140625,4.036837837880744,4.021294150686433,4.027607221939446,4.031503003958903,4.019391543139746,4.037984409198256,4.051340782610664,4.014220278812546,4.032318469592953,4.020805707815897,4.0098213535959655,4.001939656541605,4.002794104079674,4.016356327993673,4.023047961026654,4.0108413196684385,3.986947142293229,3.9963866682028524,3.9865395165510695,3.9848450365112194,3.9898005700511234,3.9748152831561723,3.9880506095489943,3.9865514963350637,3.965745416974762,3.983534341462857,3.9603237092198156,3.9550288820819204,3.9503277003103254,3.9648315857408374,3.9645928375938744,3.953194373004004,3.943018559091945,3.959122934713246,3.9441786299248474,3.9197118207642503,3.944884695414493,3.9375992894451155,3.9378808738670554,3.9377222770022877,3.9214950323798194,3.9387553347049953,3.9104541613194077,3.946879446579377,3.9010917626072783,3.917248583664375,3.9225131431768743,3.916035633564751,3.906149677728086,3.8949356928298062,3.913854560226887,3.9036124548510114,3.9015988061305684,3.882173487380181,3.892355245852805,3.8802553204711856,3.8745150109223956,3.915581147099805,3.890712807955862,3.866422729411364,3.892051011203523,3.862587687467539,3.8632815657251385,3.8602087116172843,3.855776292313566,3.8673808903309475,3.8663139425203505,3.8608476322925886,3.853994862391895,3.8525705569636397,3.8335519110547676,3.8412704813623058,3.8282754050608054,3.8378430523842204,3.8329779476165036,3.827102245599455,3.802373851641158,3.811385777007562,3.8250710091856015,3.830980740777671,3.8338260205699575,3.8045088482873655,3.8285887452638336,3.8010945592647483,3.790959471899104,3.8237991875306108,3.8062572600511753,3.8227068889441393,3.77527848175571,3.8009820624797452,3.777653326704604,3.7723408717186953,3.791904049160893,3.7820055053157646,3.770419052267229,3.745419942866012,3.767990339359187,3.734154665102199,3.7424175357910863,3.7542591957155893,3.7564913354252796,3.734201270554423,3.7160693078403986,3.6799466982040423,3.7175462279141644,3.660576977802664,3.6835041713028582,3.664232736381143,3.631693481978786,3.6377808027588103,3.6106432211321495,3.599644308313672,3.5833893147958595,3.5720620322382874,3.5309621739089114,3.530464207178426,3.4739154818763067,3.460610416070748,3.4410356370844757,3.388450901971833,3.3677211230355137,3.3199774066570136,3.296885614617279,3.2498152302507286,3.2445250307521176,3.1744224541861144,3.174423465714598,3.1479411630818905,3.1052993821840604,3.0876388079845114,3.0543151990684154,3.025036300899316,3.018061139456579,2.993194032583536,2.9733187520641997,2.9367768858196706,2.959623909065238,2.91211721995379,2.9293245712543414,2.89134566573958,2.880889575858155,2.8702412487083393,2.8624461981068747,2.8552200139544603,2.841601803131108,2.8463444652183956,2.8307615341502625,2.815223637196651,2.83675535145571,2.7905085006088513,2.8085627755797673,2.8201348128199353,2.8117170064384833,2.815048197876295,2.7802541438328694,2.7956723842906768,2.7585886839574614,2.7883903266204526,2.799507941532359,2.783923280825475,2.7779120886927218
4.107890691036147,4.099411614787435,4.08607981289192,4.1004879646291394,4.096370451695423,4.088204301731015,4.089032064128611,4.099842595377748,4.059411554174542,4.095491586892728,4.085801526021397,4.084409519373296,4.077519682028561,4.078790634818331,4.054468652062751,4.084075321755753,4.0591605329054925,4.0517580536139555,4.06144040341419,4.055562504417066,4.033337222437307,4.035428555531944,4.06440189023516,4.03439886446329,4.026883693017788,4.055123606279225,4.041557143851253,4.029578651137296,4.036134643740976,4.031405810906384,4.057628007212304,4.040879510751537,4.024681335715561,4.018247355266013,4.02830518065555,4.0170760867965525,3.9982615080047093,4.020876065094352,3.9956105630798118,4.01247270489724,4.008151034408618,3.9875363942406934,4.017045650284561,3.9996108784283666,3.9842917507864275,3.995935301125202,3.99580900193671,3.98457146044088,3.9761741691178765,3.9842368896371485,3.973569059349947,3.9541733220364055,3.9861714398407098,3.959935943164903,3.964285659635333,3.9460796401853826,3.947072488630238,3.9472833101201763,3.968239524973337,3.9433188537412516,3.968019382033591,3.9426783404236754,3.94679087810594,3.938316917680024,3.9261726293369232,3.9255211736949533,3.948446874265506,3.921885823783596,3.9578627500958388,3.924984829285723,3.9183420321923634,3.919143461280191,3.8890699840978953,3.897805450688029,3.9061949306976893,3.8990110767988564,3.891262323967192,3.867377172630757,3.8981114201035667,3.8808937749455357,3.9063521115511515,3.8707739268352377,3.8963124410622902,3.8870880153476337,3.8763396342653644,3.8735548034308245,3.8651011415879712,3.8662351987329684,3.858702460361744,3.8671073056237777,3.8629020164677454,3.861096706874089,3.8410966432799794,3.8348688142981784,3.855448778775361,3.83938099507262,3.848890927940743,3.8545343997974766,3.847595751323473,3.833500453701557,3.8415126163367206,3.824414226767634,3.8348956153254115,3.814407150280204,3.8231475046273196,3.823302255140239,3.7985366876970064,3.824371948189228,3.811315797553016,3.81502627579686,3.7992374846886623,3.8098204496094206,3.8045498915163645,3.7954403821707112,3.8034787811798467,3.778948082302029,3.789053847551001,3.7598224129997067,3.76734596567917,3.7968223729183945,3.792026673236696,3.7929704075989803,3.7743559144534506,3.778135750830228,3.7549352651444954,3.7524512949431448,3.745029393435017,3.7460592925979608,3.7474628388618605,3.7416333095778334,3.7280888765863387,3.730214092563341,3.732816157397629,3.7049217085600485,3.6945172381609375,3.6927679683014984,3.6986896374782376,3.6893655890025134,3.6808593246358914,3.659952180621928,3.6671557901120644,3.623381608146085,3.6332922709178073,3.631693408355576,3.58500417434355,3.589835468024056,3.5549317067646045,3.5258464815006554,3.5281545431901016,3.4875997266534675,3.4687720289064585,3.445189468566359,3.3917204719821257,3.3863191337961323,3.3468535696125485,3.2957618718571036,3.2914764195179864,3.2713384873876317,3.2092007061981125,3.1699452394800707,3.151042980874117,3.1309047515224697,3.087614345270992,3.0703037916638896,3.0503664311355028,3.0232024392129153,2.974839478221147,2.9613252290765106,2.944789160436799,2.932532417449968,2.915651876663087,2.9033310327651165,2.8886118222987793,2.890486695546431,2.8692160071617407,2.849001161266132,2.8485292335505763,2.826053532258008,2.8265336178430163,2.8095141403097332,2.79676110872821,2.789432165176711,2.7963712472255717,2.8008176232683235,2.7630394106094576,2.787161927850729,2.78389455723194,2.745889365173754,2.7518711297283716,2.7801321086503363,2.7567578689757912,2.7600175399376052,2.7445394363047715,2.741440892473546,2.753363170287471,2.763770759680566,2.733952502129897,2.7155561104330097,2.7281096816009747,2.7119408310229467
4.1597596877973,4.168617193692405,4.153862128293417,4.132529051055017,4.1349529631404565,4.12911692115351,4.148799733796283,4.1225360976513485,4.13146633999425,4.126632076789546,4.118100208258163,4.125934605572934,4.126346911368379,4.097021269008429,4.10928880806184,4.128997281540061,4.124581990712675,4.100934539295398,4.109454601900408,4.118823083052995,4.109327036950189,4.1125926181040615,4.090253415783074,4.098851749858203,4.078225135037574,4.078126721670165,4.083145062454215,4.086991923666993,4.08099680164623,4.077509174529538,4.066843824391278,4.079630367937195,4.078221223541732,4.053965303584439,4.052646998754235,4.0671062623144465,4.079765985003906,4.067248922804466,4.03590373610965,4.058775388062616,4.043537631774253,4.026971923289298,4.02352055907992,4.030856133657946,4.016145040614962,4.0172292451290375,4.018291574001422,4.048321961136103,4.03363754654337,4.004923915259135,4.028639853435026,3.989837318501653,4.0002298788394315,4.016475232424848,3.9952463688074817,4.024153106213438,3.98056755301117,3.984167441021547,3.982822152002985,3.9903178380500863,3.988767420845693,3.9978425195641516,4.000042050640598,3.9887257666135407,3.9879583970935237,3.989852031326549,3.97598669084192,3.9763385985823185,3.9693026595932666,3.9607194015025695,3.969684966567958,3.9728394083020215,3.983735119518631,3.9527574548132662,3.9345054396574253,3.940175047045853,3.9513085301857416,3.9473546322091306,3.9219846633028417,3.946112009906146,3.9415689029280783,3.9278751994872065,3.9182219795903226,3.920723596139122,3.9222830187951145,3.9080791456670156,3.927091890827434,3.9195964641672885,3.9267734948189665,3.88377731425516,3.8958747564230105,3.909218624399042,3.8937315651796465,3.8971427310729543,3.9169787783446144,3.880622596458366,3.9012215137023247,3.8737490095046874,3.8714077341157855,3.8600175274043984,3.8761923822221935,3.8849001671411556,3.871173670155299,3.8543033092845222,3.876888352960318,3.8705168388705418,3.866603563988116,3.8423413353971645,3.8577921636982095,3.848992522935468,3.8527996886072415,3.8520755684877637,3.8530150719282394,3.8194007281140823,3.851189200727103,3.838808587768478,3.838612701313795,3.859651662733486,3.8379280579852857,3.811330523885374,3.8251554758432516,3.8156389431585542,3.81822088572151,3.8007662766223773,3.8117999301233563,3.7894236441339277,3.7985521128814357,3.801598523587468,3.7943599885609314,3.7788637491409838,3.7786761791781505,3.7772925274863924,3.7791073175975307,3.7861906331266684,3.760194242742749,3.7522364866523565,3.753967983966668,3.7597740049170287,3.730349936437022,3.747942986688676,3.748141311299842,3.702447129315215,3.712859618640725,3.729703009527461,3.6982726404538697,3.678257470946599,3.672657777816585,3.6170289062458667,3.6393065349621367,3.625048554082616,3.603442945754685,3.5614087917739057,3.5587541293610947,3.5477167610907574,3.538552442940353,3.487701428867276,3.441646109851484,3.4156561219447616,3.391252895873722,3.387596222204806,3.302472304210287,3.293519777715797,3.233692059901284,3.2002962855070325,3.20739906461176,3.16243791257523,3.1178221354069113,3.0898762520088483,3.058787791900364,3.0589488426937597,3.020597777626244,2.988712311378448,2.944703384469577,2.950862252799005,2.9309578375673695,2.910178226362452,2.8973538926234967,2.890954177922433,2.8886418517660974,2.8652525966206865,2.866386723951185,2.8275982113234956,2.826950259976784,2.8330774755192345,2.82449206458122,2.805495958987049,2.809738402713556,2.816626782251554,2.8094551435937087,2.7884369129850466,2.77283301515167,2.7867029481732395,2.7604921295751925,2.7731058638328783,2.7559380462014254,2.7543191412967705,2.755001246741092,2.7463895788622965,2.748349839771723,2.7617187289897975
4.182955947138633,4.21445506117658,4.225888520634052,4.190813845673306,4.170457327494296,4.196914574924662,4.185767518589284,4.182061636937495,4.166286826428936,4.159762136390861,4.160833168554269,4.161284978169682,4.178225297753056,4.159619414450612,4.176826264523756,4.142577411589065,4.163111387133428,4.148352607483012,4.143943216396471,4.141251566755592,4.129394381182829,4.14307619778106,4.122516324954959,4.131477101716424,4.132082701110216,4.11724722496433,4.137115860651665,4.1029732448154,4.116450436724059,4.110872066111398,4.117518515601613,4.1056004757566225,4.1122647023282735,4.108656458866749,4.089242112181146,4.091011204477612,4.088630243373232,4.105186328182904,4.092082391246793,4.071992973289865,4.066629905199513,4.09594680749322,4.068206894147854,4.050324672665427,4.080960333126327,4.090652668400965,4.056036815120249,4.0636918892715865,4.070173387921262,4.034758461708737,4.054788554677493,4.052443743270479,4.038999809058017,4.040863132907054,4.0424319835914195,4.038075988285095,4.044063135110051,4.020404054737138,4.04304166371973,4.035088926910332,4.041684459567137,4.0112184481946365,4.0033934950967,4.013804232032647,4.0214287628660355,4.006840110209122,4.025571276408393,3.983658792608749,3.993917861762789,3.993775195102851,4.010494809402426,3.9958790795504178,3.991884060927755,4.000941150937951,3.988550768618369,3.9940059256170963,3.9548622831611917,3.974748178594447,3.970272714994501,3.985172498197348,3.9577628430191707,3.976475955612296,3.959496934271502,3.966476278549566,3.9559563045710218,3.9712373903801086,3.9492466763877894,3.9596271515281667,3.9835606572610702,3.9428838005209745,3.9265669349816656,3.9444642658753994,3.935160809276341,3.912637566202298,3.927431699445647,3.9477950466345555,3.933069790565607,3.9085184051679405,3.914574370855136,3.93212034205944,3.9402642267010806,3.9061878349244226,3.898550609450583,3.9105179946393664,3.917273071949392,3.89086211362387,3.901589260722459,3.8902974897703126,3.9009565335141247,3.8945035890419457,3.8835944399351736,3.875319116037579,3.881005561514862,3.880978227964042,3.8754134086850422,3.8707634579471977,3.8654512240828303,3.8851821287407153,3.855169626183429,3.8573359255353044,3.8390473540725027,3.8689294703865835,3.8608475188489844,3.85478682410604,3.85674562659265,3.852386806609137,3.8423804676790434,3.829033338850318,3.806519231124832,3.803185949014942,3.8217479522565756,3.811541193830063,3.8235345450802813,3.7993240592661235,3.8037127168713827,3.7688635709536418,3.7767289345354387,3.749642650033483,3.742090185269061,3.7580494863376916,3.7333973737866852,3.706483942302735,3.691044097520571,3.695422132869897,3.680909753775187,3.6488969607587536,3.6245076001298395,3.585793547111526,3.565293671720095,3.572024213957831,3.5195157008725624,3.497339666512709,3.4651387630682304,3.4319161610774622,3.4072789878525893,3.3710067226493607,3.3349941672365273,3.2953895566292366,3.2875315778034984,3.2358447958341916,3.187798608637263,3.1645412703597646,3.1450967131455485,3.110332813669868,3.0719017917478286,3.068287935734849,3.0388698045695532,3.0344966690131736,2.996138214132232,2.993094733767501,2.952060084009351,2.9405944344505666,2.929805353593548,2.9104476840300655,2.920108697253594,2.8900583397742627,2.8926183169543833,2.856831738416185,2.8740380753596666,2.8695852696031436,2.855203019370604,2.858912899399552,2.853709672401211,2.8313566146321554,2.84548228145409,2.8235991557739277,2.8261401561909927,2.8116270591843886,2.8119942280901906,2.8051884238261784,2.8025467830063655,2.813752186025168,2.8018133011499504,2.797659047909739,2.775138712599605,2.7828610273135643,2.7690954271187045,2.778664272783114,2.773637099377795,2.7795876648721207
4.233775702402524,4.223639291619884,4.209779098101705,4.207255973660237,4.231720686100249,4.21282734288292,4.204684341477936,4.2285952821464114,4.207819885412691,4.186724373058463,4.19143844296161,4.188407425187244,4.214631415242352,4.178905426995921,4.181411596266378,4.204728965333986,4.169716936370349,4.185013341865137,4.1713292800771775,4.176586572083766,4.161633661470758,4.1570503337046505,4.175376829448154,4.165652977250322,4.154943233749165,4.138058985645194,4.137203000764042,4.14646476206116,4.153285974234441,4.141797448246509,4.133713301843072,4.1411632548177035,4.111417234075868,4.140827489726,4.131386743721365,4.10978066965677,4.134593290891503,4.137742451683849,4.095742417961848,4.126116802619277,4.100245875774188,4.10487482402781,4.104868118949129,4.115402982832147,4.101124978018046,4.10436427373938,4.100045161334721,4.08954041389771,4.100474270656418,4.087687306213399,4.105401254017132,4.07363302733106,4.075506377776441,4.047186061728934,4.065326484447828,4.041021768215815,4.079291275015628,4.048042510009077,4.0744232953729655,4.075579007548213,4.0403556874865485,4.043874833550816,4.038335992117105,4.019618826368247,4.028344572138205,4.041871298310329,4.042105035542395,4.029711618020948,4.03647637092239,4.034857365207291,4.033975282772884,4.013253706672516,4.035105462142933,4.020180439668175,4.0078702844738645,4.018362931763895,4.033357983375768,4.021561735220541,4.007357511645542,4.00479428859758,4.011318611821225,4.01168213259483,3.9951006714852273,3.9893386138914573,3.9984353388542337,3.983864137977766,3.967466350858915,3.97904176345128,3.991136461561928,3.946663135893205,3.9618863251343135,3.9502134657976598,3.962753276310375,3.9586203289971937,3.9623883159989264,3.938522809458835,3.9508508108926006,3.9482980137694486,3.941867821099663,3.961040639481332,3.9513181320673145,3.935493320311636,3.9333621470428883,3.9425277051483247,3.926969585498987,3.904451982050641,3.9243024110905282,3.9136975921473445,3.927506837167745,3.914423062621431,3.9394407269612914,3.926405911279072,3.9237299284007556,3.91283940998408,3.8928469668727086,3.8991224784921426,3.907050869154207,3.8903633167839384,3.873295538012494,3.8815649606151434,3.8832360112002586,3.898620635047902,3.873001417942375,3.8804499422487213,3.879215034861747,3.8627162498712346,3.859528716789937,3.86016672964474,3.8564626866172467,3.8478535337113535,3.8411361958854515,3.8496197621515904,3.8403765646337997,3.8451874843986804,3.8134648193087997,3.818585972529268,3.81785045511142,3.804771368687211,3.822450316530212,3.7988930839805626,3.7877987683580687,3.7844248839725263,3.7620672197744893,3.780216000091185,3.757188079892419,3.7222922569176853,3.720034886289136,3.7047149575671425,3.70506286505821,3.6634033503172665,3.6561682914741493,3.629513578249992,3.618794773621536,3.5895856723856654,3.5605524645328437,3.503685343937734,3.5228321039979313,3.4504303793134854,3.4309680269598894,3.4159564150016815,3.3729861269014685,3.3323076615452427,3.306680515162206,3.260315357255741,3.2384240647471736,3.218617463719723,3.175197881551848,3.1343729310141106,3.1144393881621504,3.1061373799252725,3.088165932607085,3.048002269162412,3.0064734384347718,3.0024169824290534,2.990907374314742,2.9848824411423487,2.9640433937565773,2.945489547463515,2.918329448128127,2.922489867720946,2.910721053835919,2.892603039798147,2.9130118414493644,2.8822014017878055,2.877052070027211,2.8818308867999196,2.876138152015729,2.8784832340815467,2.8601797094557,2.8629790101973898,2.8458684403544297,2.8553096272929923,2.8330040513002293,2.849860472443047,2.8222766835871504,2.834153414641808,2.8218946726878635,2.8325592005968026,2.827041648528301,2.806563831355564
4.1807252700170245,4.172482587782386,4.177082631684641,4.183335127759229,4.157609002469418,4.179822684790997,4.187996472660437,4.161000804315837,4.154063602362076,4.161332352990159,4.159537258102105,4.124151401424549,4.1472926821652765,4.15207243078008,4.142232544992523,4.13667370971562,4.152229793168445,4.1436399799517964,4.134522506277958,4.117915933617055,4.110085804694716,4.11641801272562,4.147580609392133,4.115589309538485,4.108007269241087,4.117826685413516,4.11754947876666,4.113403318407699,4.120688828293938,4.114534134943037,4.105370651756836,4.087337760920699,4.073763770436311,4.0898317264058415,4.069187109064073,4.099584432973094,4.072706804486713,4.092004030616118,4.094272901901771,4.097177171657819,4.078017549951519,4.064762147679736,4.074795029485119,4.059320854474271,4.051892444370051,4.042523412361076,4.044005160164995,4.02171020286141,4.056149613354804,4.04811695193534,4.039288314713832,4.034613667150623,4.060207675966828,4.03538269690774,4.053663679407181,4.044255664490648,4.025667707917091,4.033975868608144,4.026534788989022,4.022812348534195,4.030363664014267,4.004764647037266,3.9917314455006707,3.982638523288668,4.001906766381677,4.011940797901529,3.988017725555899,3.9814753371982543,3.9790268765352628,3.998731194157278,3.9782136971782993,3.96922007055562,3.9650292560713005,3.9515522511516283,3.9556091096221113,3.9820418596425253,3.9875233480888808,3.9868424144099373,3.970433966538814,3.959004115589785,3.97203215746309,3.97556033069738,3.952257576747,3.9554971949919664,3.9378715535792677,3.9525042079318973,3.94174985287775,3.9480057308387146,3.9080810457055537,3.9336561376011017,3.937439919179469,3.9420509966439976,3.9391881545180927,3.9401243404141617,3.908393180540573,3.908513791422665,3.8954679614929195,3.8997165968563543,3.912329455094665,3.893721909030949,3.898919653393865,3.917248378558627,3.9097959746638784,3.906573109911327,3.9275637477860683,3.874779177676649,3.889313615793347,3.8874518277649166,3.882625422861882,3.8833617955166826,3.864333760808943,3.87083376097991,3.896081919803873,3.8601618178670507,3.8663039327596804,3.8533371328955455,3.8563759562070774,3.840011708631858,3.8470086777464196,3.83974249095285,3.854983997744695,3.850797305521223,3.85413620306329,3.835067492279056,3.8384316553552886,3.8118506249908193,3.811133851714949,3.8186829190754192,3.8035117602691058,3.8063565720737924,3.8006171700759124,3.7879161166493627,3.816118088785447,3.794358928490862,3.791675494546166,3.7753144689672298,3.7600971965679353,3.781056443769785,3.748807013253677,3.743368440604343,3.7483513515592923,3.727082699950317,3.717903784362268,3.686516597563563,3.659519273867886,3.674447958228803,3.6458318827928062,3.6290764549309635,3.6143147607216344,3.585081610696425,3.57711516569013,3.515241342081568,3.5169443232852386,3.470086226883772,3.4588330373809497,3.422291620360878,3.377644381193032,3.339297852328243,3.2947675573561326,3.263091013526388,3.265561500284026,3.2209531780662823,3.186235713178575,3.1648890586284133,3.114866479480645,3.100620711176351,3.0715154632284833,3.0258673960443954,3.018930572312274,3.0223656643516965,2.9841120213332717,2.965852781768267,2.9708255689090737,2.916569847643568,2.9301863438741473,2.9289931175928685,2.9019352718589535,2.8876680751815926,2.909821245635003,2.882828469472242,2.868924842152491,2.881020565628871,2.8753868655757397,2.8441681878631044,2.82575153161049,2.8586269355993257,2.8288640130537503,2.825095041128504,2.8116795319597587,2.797828734126129,2.8194766948607284,2.8055639996626804,2.8245959216271226,2.78945322678769,2.7987521343250314,2.8070386943137025,2.7914110340745646,2.7819695749114075,2.7704939495438863,2.778142930352531
4.1131377168956975,4.116719052904444,4.113286369226926,4.09960935910005,4.103815651198883,4.115084757552146,4.108217615575263,4.098441151235281,4.086193350511263,4.092618911095447,4.0824201749925635,4.097364514328835,4.08838543502462,4.098563877784265,4.072513243034946,4.092636717890096,4.080976361438243,4.084579658212766,4.072155026858843,4.049923577387996,4.0616718631122515,4.058536392476019,4.048911475125496,4.050884651014083,4.063780420269546,4.071689839754808,4.040857499605661,4.057102883769911,4.036289841833802,4.049354681333481,4.04293140294116,4.038974319290303,4.035695598417284,4.0219205809131395,4.01053903829704,4.011028429773106,4.01154028175599,4.02201477410325,4.035971938404644,4.019352404674355,4.004390484177813,3.999043281125757,4.0067267710129135,3.9903421775124275,3.997980639902087,3.9895222950365663,4.006907674107741,3.984182132600187,3.981454871661874,3.9782106323821145,3.9879290232611746,3.98804180304257,3.9921640278597685,3.9725986184173014,3.9825520681265383,3.969174410175333,3.976196733473249,3.966656888586166,3.9595942188931748,3.9563412545395367,3.9339619560131744,3.942758948095009,3.951861513548671,3.961070308858755,3.9324943816148594,3.9610759490836465,3.949992531798899,3.935789094209445,3.9468030737993387,3.9279048372712246,3.927154602674562,3.914669527143767,3.914027019105874,3.910190130622353,3.927121093876732,3.9106904698838254,3.911892404484486,3.9099076742830556,3.9119444890335267,3.9017087566608377,3.900443310606639,3.889600054765342,3.8868290513832107,3.9032140178474264,3.8848294725431907,3.8845231790499817,3.87661387996999,3.8871711064763668,3.892609652240396,3.856062586093652,3.882134276327875,3.861380064660213,3.869561575735377,3.865529794062018,3.881408363897531,3.8484935842625627,3.8769753006514285,3.8418491751827566,3.835433622073706,3.8472876068784365,3.8581268843239855,3.832026801593389,3.8372669576799483,3.822268312093951,3.847038760700268,3.819402850052596,3.83002554615404,3.8373732256375623,3.819604322989385,3.8337290874932615,3.8082055575684985,3.8024536405668243,3.7877081397846495,3.8075032864633687,3.804995538434789,3.8064417935019152,3.8017004306672164,3.7949542771196128,3.788385156774966,3.7807930744876765,3.7819924067846586,3.773843713884539,3.7822478718400045,3.770280944787525,3.7789966198995457,3.777010167822653,3.7491269699370973,3.75476492972176,3.787234500128906,3.7513132439338612,3.763996702824032,3.7533445463318653,3.7315171357773917,3.7339844904876944,3.7345399985233376,3.7215481721458095,3.688510363949127,3.6933315375512925,3.7100152870898353,3.6769736554390016,3.675268330868861,3.6615564746136897,3.653169108459712,3.6658784833013667,3.6455439215504053,3.6213606475955937,3.5919025318314732,3.5629751642629754,3.5683286960282024,3.5511343379102125,3.5213679101284923,3.485508331271241,3.48461113403708,3.441869004493291,3.421232139976411,3.3840176756071694,3.3853318325590367,3.3329178542240565,3.2967454337341424,3.2656655139493176,3.220920876797389,3.1912500652912392,3.1471349218656464,3.120142892015788,3.0743792231976013,3.063214253301833,3.0328927318669194,3.0100707744259543,2.9718772793851014,2.970949201819206,2.9362850673439786,2.933411980386984,2.9163926044828945,2.9084890987157976,2.857144882123663,2.86824646610847,2.8773499887787057,2.848859855364859,2.826498917542856,2.8130141098585466,2.8265353676380736,2.7962422602616543,2.7803442387946844,2.7728893591644437,2.7954444197865747,2.7748236684780934,2.7826632508384206,2.7694335810937996,2.754817391150027,2.76115073177064,2.744459533684466,2.7627100478580275,2.7412755463482865,2.752979100056732,2.7175325629549656,2.721403359161798,2.73347197603359,2.740273021629238,2.72825628131242,2.7172987619457345
4.144755682593449,4.123303402821442,4.091919643552273,4.107265762121194,4.095313096031854,4.093180394273739,4.100803036345783,4.096724843437992,4.0810071838603,4.074702416601357,4.082437222929889,4.092143548915208,4.078333734313285,4.077498979641218,4.087420123010168,4.082706287629422,4.060359498526618,4.086444129860505,4.077952676148397,4.064201110189684,4.05013072038768,4.064215737631103,4.03936459776364,4.054406496006069,4.049574947314309,4.051656709796451,4.049101623842809,4.0644321816718465,4.031039843417243,4.016972311341231,4.021683447677527,4.03554581903575,4.037291333831005,4.020206814754072,4.058291265479289,4.009338850039162,4.019505076913898,4.009794654090193,4.032042785952351,4.010450806366092,3.9929648328025844,4.018490332305721,4.015139512814885,3.998379191934671,4.000760192781101,3.9980611265111863,3.9934494520988375,3.9869294040402328,3.985578297971557,3.9890363406352285,3.984277620737059,3.974521194077484,3.961463839951107,3.949640422708122,3.9748465243678512,3.95100339925354,3.9471323897656077,3.9492319042907944,3.93691065603192,3.9367064613351377,3.9537833262496287,3.933888920166643,3.944643792837535,3.9084503078694444,3.9415296439104246,3.949761907889208,3.9200397632156365,3.9365277454014262,3.925920113998688,3.9382285389963845,3.9213958385636305,3.9313461565478316,3.895413831131833,3.9208082303580802,3.92544094813043,3.9169913039547994,3.9206755447536668,3.897664680805603,3.9155673319770625,3.885225711123407,3.8862116569276495,3.899961925638976,3.8840753648618143,3.8880540365511185,3.90522628701053,3.8601017709904557,3.8845597877934392,3.8653954352247215,3.8776061001371738,3.869047674163479,3.8562051155084793,3.8599226524927954,3.8647438824045617,3.855264712580783,3.842828325469585,3.847603617113878,3.8247762194691584,3.8441827131462123,3.847623322813166,3.8398521568358293,3.8343275788226516,3.836989706624154,3.849413521675697,3.8512118211308346,3.820518118456735,3.837667945388034,3.819969915259083,3.8231960957555224,3.8478515482157,3.8137251227914013,3.793439231623396,3.80344281482251,3.786805135256785,3.7750398097526556,3.7857942935437445,3.782861066948315,3.8006034269538556,3.7909258520933804,3.7948020432286027,3.792879388365985,3.791639466390725,3.77555024306999,3.804868904791954,3.7694477148113332,3.7664437247392843,3.7596514715918925,3.7341199001055063,3.7619422064250774,3.757995900879704,3.766168848788566,3.7676352573171448,3.7602565820708036,3.7489204264802507,3.742056533763765,3.7322691418131564,3.7249377582503587,3.7166004016255667,3.706537326470993,3.720692422685105,3.6990290515901942,3.6895474339489716,3.686334451995812,3.657072050078961,3.6521352084705967,3.6568227226539864,3.630684950610213,3.617061149105974,3.6154616849204215,3.612395917210572,3.5772768626508635,3.5307005567729046,3.5453999270279635,3.5160700099529487,3.4926231425720284,3.4636264516921607,3.435346886648085,3.3840942857771448,3.361319416791994,3.3417085804828894,3.310124947512386,3.2987582420654036,3.2247864017163197,3.215454307993323,3.1700462487901993,3.1437803429500097,3.099986736100137,3.083028974780124,3.071103076327266,3.0288611159805696,2.999445554102174,2.9905599242581338,2.970019751863308,2.9325209300421102,2.9092810454254927,2.885329593800448,2.8889758609999094,2.885470446078971,2.854010569053787,2.869261707951927,2.8324482055222826,2.8238800393612107,2.8242763332635623,2.7966265982926335,2.809359039426794,2.800468072851089,2.7796416148626726,2.7954357059205073,2.770449018597059,2.7795870811741223,2.769922583362973,2.769565687161772,2.7417581309635746,2.7509450610695536,2.7363753042556493,2.736070658537624,2.7293329340843573,2.7263774861061614,2.743173767243994,2.731276623643719,2.7361917008508976
4.1755427522331106,4.157440163338357,4.19716602727317,4.183478962564276,4.1838183382922285,4.176845219742352,4.177776664326848,4.181704714272818,4.193376851964089,4.171303914530084,4.174757547082139,4.182591054555973,4.145660514173888,4.163148281802016,4.147895355692139,4.149847770268261,4.127304015002645,4.150027276112149,4.146487090731228,4.159270117618177,4.151244261064404,4.1338515813500605,4.122958678728605,4.123451232537474,4.119791621667235,4.11858490322451,4.114708981859584,4.134579143772003,4.1197090081247625,4.122954958250924,4.12039874533557,4.0907375221156395,4.100352770548001,4.107865872779366,4.090074823823166,4.071887065068812,4.101529929477341,4.083762483273901,4.078277106122015,4.095775346887677,4.0941092650137465,4.080179166475708,4.0621462260029055,4.076070391223153,4.074219474181981,4.061646807095547,4.069112822693454,4.062226046392613,4.069427382542833,4.048990021270698,4.042790164665648,4.051788605611111,4.015804336065493,4.037084464967126,4.051514531331242,4.0543523010234965,4.0239511001573725,4.007007930603539,4.0218646885208145,4.040492916397081,4.036812728373363,4.033781310826332,4.021339092304244,4.019132126967952,4.0317176825800685,4.005916983980254,4.004938709792033,4.0060139631780425,4.007168488645015,4.005992827548216,3.9811434802966397,4.005740807087897,3.9826999419619304,3.9855089670198915,3.9674534852777414,3.9890250262212628,3.9672238033254663,3.9769319216434416,3.969741349277667,3.97105009873019,3.974105060547537,3.970238002582317,3.9795397171233957,3.9734022393625836,3.9596829093279537,3.96432172364031,3.9492528226555783,3.9508840575884285,3.9527414331209836,3.9382979362066854,3.9657297515726357,3.931989612516193,3.9332731589921077,3.928982246790373,3.9370328326294404,3.9417838409980135,3.934176990375991,3.9269667953674565,3.918475297955512,3.9257169570197603,3.9077859469321683,3.9235109937885095,3.9079130030783618,3.9153016247088974,3.9216195241259686,3.88531974399279,3.8742734051561136,3.8933377168269274,3.90209201937212,3.8783838226816405,3.881081088598601,3.8864355210897874,3.901820134634987,3.865026624291383,3.8530143948302977,3.8731114364098618,3.866365341332787,3.864572894698339,3.858631643695189,3.8659760189231216,3.8579810410151665,3.8349416702966215,3.8337295864401852,3.8344812250077625,3.8369191728493637,3.808351034954539,3.8139010932181474,3.8218403139329484,3.8149232989368587,3.817955908799845,3.770441387717696,3.779418106261456,3.7896417886188796,3.756487046255438,3.7730629793931656,3.7555065776818597,3.755633052447996,3.7209410747697125,3.7054919590907818,3.6633443103201744,3.6699018436651647,3.668190896693444,3.6508696099307176,3.6019219367714426,3.5624104166553754,3.5772425329798487,3.5319032581870093,3.498036410289187,3.462416158677094,3.459031001842864,3.401095043223246,3.3644396710060924,3.353735426339033,3.2998421876296096,3.279665900559859,3.242090507110259,3.2073037675891554,3.195963326731093,3.176593123625195,3.114042301413697,3.1020813115937824,3.071511855935356,3.0439737300273344,3.040001794209895,3.000241075175861,2.989792694484447,2.9921563108119744,2.965262754628518,2.9577776147562442,2.9311079281867607,2.9180289536555906,2.915573392564572,2.8845465890340907,2.8999873514721592,2.8867429031265184,2.881769509033133,2.8511803542111327,2.877477246738194,2.8640332778040687,2.8622285638798584,2.8335543250575053,2.8448653037154212,2.8116531773079605,2.8256184404717035,2.8309877394615204,2.8241126324948413,2.8319961528451545,2.819202330688003,2.810468720695271,2.7871032827657825,2.7998432023481077,2.806071900608069,2.7923832636468173,2.799701572984134,2.7957850786569103,2.7791396957958256,2.7695956574651817,2.793672593170448,2.7815909665170917,2.784481564098887
4.097843278925756,4.11941422194086,4.101663927672121,4.117400813394991,4.094511029550263,4.075833029425395,4.071724449796615,4.094687145364314,4.087155451681467,4.082426477094268,4.093039954364168,4.066952944747864,4.0945645018517025,4.042923460307851,4.070197586325002,4.0554278518149625,4.072634816610139,4.074700904727414,4.063177521279355,4.045029258682876,4.067234283924407,4.0351969330912585,4.065592674150362,4.071280306539442,4.055978932964064,4.039248315481398,4.025907505687177,4.038540908789532,4.026372220095389,4.046847646907934,4.027465331549919,4.0355845325412165,4.02580682862927,4.023671502100172,4.0140549586976535,4.017319975154834,4.015985080683825,4.000299837123891,4.017890675223863,4.0075910232329965,4.004971193718383,3.995613482023447,3.9996363341127505,4.010596014423102,3.983502002479552,4.0005836717909435,4.000833734033674,3.9812381159969314,3.9839579252299613,3.968904320504496,3.985752366283792,3.9584516578948996,3.9578933064858832,3.9524962504975774,3.9424765565290247,3.9604123163154554,3.9430223654841314,3.971078549380241,3.956282051499209,3.962861372443455,3.9304570251674584,3.9262331556321475,3.9503569579738778,3.9601927969039488,3.945752227449985,3.9389077758799016,3.9239065333089864,3.936831481569751,3.928840261919187,3.926800932003927,3.9179981004913835,3.910412502113206,3.906593919168672,3.906812851897883,3.9087943743542164,3.9163348903685105,3.9010361813218677,3.8889273732134235,3.897488094815543,3.8790749527449164,3.8807642260355886,3.919265289846863,3.8915833922887892,3.904765971148029,3.883677661010586,3.886156912994106,3.88529512179207,3.864729015466295,3.8809187803879595,3.8623354100386744,3.840903010600653,3.84964702266031,3.8508989217800176,3.8484030100690267,3.8391930700882937,3.864371204354543,3.8421074349790962,3.863527621467978,3.8472902465167476,3.846807117141387,3.857740078382685,3.8419952878076598,3.827233078905907,3.838476785274604,3.8429100889667467,3.8028820844143656,3.8113863817831866,3.818231440944887,3.8075647091150584,3.799761072514801,3.804927259475124,3.8157769773863666,3.8150266750960546,3.8075680641615226,3.7939929892488897,3.7886484258828768,3.7863625148296185,3.7944687026794703,3.770345647459712,3.7811387753295325,3.7653684398226575,3.7761841281135644,3.7809639727006314,3.766916951249554,3.7682735678914083,3.7585190401712496,3.765792089130157,3.739216615695778,3.74259632625061,3.7338760017385555,3.7225437169091173,3.7643339779123104,3.7292476431739754,3.70937828634985,3.6905621467112,3.724315117747591,3.712935837789237,3.7133253202938707,3.709254355327669,3.6934547999443765,3.687724536535849,3.7050281230188284,3.673818974979791,3.6438930590346463,3.6344405730567253,3.6302598076627097,3.633689384147436,3.6160420625451444,3.5772847613284458,3.5500258807724836,3.55175684034873,3.5041418967422153,3.493291226095462,3.469731400779242,3.4359613442228136,3.418659697721043,3.398751945743134,3.354530885806276,3.3241739269074158,3.2941452454228832,3.2839610448107472,3.21570476763209,3.176919604636427,3.1481903093855865,3.148534824483738,3.119051819056243,3.089935619813806,3.0516002553322092,3.035515891671912,2.9900156178295734,2.9675370417133045,2.9364274674144997,2.9084465597743874,2.9212025762347675,2.908549420463179,2.8788477277283224,2.8586947507835414,2.8780053731206796,2.845711253085075,2.832280906076468,2.823886308061516,2.811562790112065,2.8303435341484082,2.8041148249386176,2.7811536753227863,2.8187784077274713,2.7596462031496274,2.7759501850193304,2.77912604928194,2.7642241802864036,2.7743454631494333,2.769891395102903,2.7583197506409936,2.740231517349032,2.758543224016808,2.7484989703098166,2.7394910175253093,2.7526664360913093,2.7148042961561285,2.7463294662194944
4.094985137647605,4.110818919996123,4.113386829774495,4.117194676113527,4.13730326957993,4.115939077504609,4.090496148766162,4.107802430351417,4.132102183548757,4.129192830879268,4.100671703390923,4.100333691524594,4.102322206825966,4.09671922143775,4.108613174683688,4.088070553535784,4.094625388817043,4.08570540083667,4.093940095422347,4.082594891741158,4.069621659580583,4.103638282118933,4.071782317075884,4.044479229333956,4.059350152713327,4.046006249356068,4.055245418172639,4.07469253857851,4.055175852775741,4.05526776349946,4.063760326192258,4.046179671832753,4.0656187371168935,4.04716679215378,4.02852333636912,4.049641295902889,4.019763901143168,4.038697591214362,4.046887098973913,4.02522001264321,4.035265222713813,4.0294929333779805,4.029708394463615,4.03530801814992,4.001172500945118,4.025838377107483,3.994014852684225,4.0150657496201445,4.031037403356609,4.00264791847858,4.0055057001174745,4.002138927228889,3.9847818781284534,3.9943519762999995,3.990428062423552,3.977005009810454,3.9653339841440545,3.957267822155981,3.98163171420169,3.974281148829041,3.984443938373948,3.965230469206102,3.958986528470491,3.969763594599121,3.9672196188635724,3.973137591475706,3.9527234636977844,3.9715829249397765,3.936060459273492,3.957786161969424,3.951015019587444,3.9604021007855024,3.9457032128900345,3.9195262115349383,3.928482831135058,3.9419697493133614,3.9310891496077014,3.9315868928000968,3.929482456986688,3.9011953935919035,3.9036455639494854,3.908668661062126,3.912114115059456,3.924923217458984,3.928624938792206,3.9001230322453924,3.9031177086554156,3.8969098414497227,3.9107919870469976,3.9073793041121507,3.9044466023195765,3.897167104443762,3.884701538737831,3.89727299820537,3.8756186754888136,3.8971205268808147,3.866518290932942,3.889398538009411,3.8888962088272443,3.8348022208614645,3.860374889979532,3.865959601328294,3.8581305519794102,3.8410416251799875,3.847006521003879,3.8117904510271208,3.832613254418148,3.820536497672676,3.8501906132351684,3.829908698454968,3.837940657884613,3.835158642335992,3.8443570757257013,3.846833949356113,3.8395499957325363,3.8367262771712323,3.82527587428594,3.802692987231826,3.804568388993808,3.8334718271242885,3.817230090545054,3.790369966840551,3.8197274249078474,3.7860149145161937,3.8076589083109695,3.8128800100609688,3.8064935096204824,3.791617403539795,3.7795717606528725,3.7675066688475956,3.787463737250874,3.783784076044182,3.7544826321909683,3.7642337249883506,3.775415308564698,3.758411936507417,3.7536699242229647,3.74815472096822,3.729684503799912,3.7471824925910586,3.7414292627871033,3.7476035578685845,3.7459301432154835,3.716633044938167,3.7152097425135984,3.6977340178129467,3.696610456447053,3.7085092944151494,3.6757061341895265,3.679295787755458,3.6600429068175466,3.6660074356866503,3.6349409881711576,3.6191233218446635,3.6034595374031366,3.5765046200941173,3.5809154446894134,3.536282801045557,3.537617679520021,3.514781402889295,3.4914909042055773,3.439633989356707,3.409461487764314,3.390609887956593,3.3743261454694213,3.3285287703887723,3.2958608768317283,3.2610939315546115,3.252386486349912,3.1922483782578084,3.150515290979511,3.121329777377126,3.0938445202029086,3.0907589470280805,3.0300306091976075,3.0132412567984748,2.9904123185482057,2.9572802428340474,2.9615982403762846,2.9358140398385832,2.9421741942353714,2.9164947396768013,2.882930966134039,2.859580519926761,2.863048121169001,2.8273012934544988,2.8649010547160167,2.8270893754756807,2.8104669855005646,2.8288491290812057,2.792433040322234,2.799046069622641,2.780293261549364,2.7905514976111223,2.7710759342734272,2.7875856974792406,2.768478933575713,2.7560590276479564,2.790261170421419,2.7581119569251493
4.19707088992607,4.187711933471353,4.175032951008497,4.165814429609073,4.195558752665848,4.14747668124008,4.163185221449897,4.160922203283306,4.137335240691939,4.168211688003332,4.143838466032926,4.149278901114204,4.132693907555443,4.129001969106582,4.153043195806837,4.128402281068711,4.131152124624149,4.123226209638862,4.11742753643896,4.112386994440176,4.124797196128209,4.115038978548244,4.11899225311934,4.102634634444243,4.109959806148782,4.110737564248963,4.095911516580798,4.102935430255166,4.0939860912162995,4.1123339381434985,4.103066742778707,4.075898366609543,4.083968477882517,4.07599977318342,4.078412573763335,4.0824636509224845,4.08167327628777,4.093934993171826,4.0840849461485496,4.071184220218049,4.064803481388278,4.058129641667148,4.054350926534962,4.065997547298152,4.043624942839958,4.05629113434393,4.053681271756217,4.041601932599468,4.040242214764089,4.054164063515195,4.018540362010242,4.045875728964174,4.030434227893102,4.0348138575978165,4.029689509620855,4.018443980520716,4.015262632314246,4.027116173349781,4.033549848768022,4.016992454827637,4.022344360382963,4.00498252068031,3.99792136092779,3.9979094704231355,3.9864107455022757,3.9809721649217344,3.9901989445228043,3.9771927577380546,3.99899135207268,3.997934721391798,3.988582099657706,3.9762603155267833,3.973511153072542,3.9778396046780746,3.9744193752059616,3.947770519858612,3.970311694249795,3.969174488806697,3.9666455813983013,3.9543067765134032,3.946005245369936,3.954305995260004,3.950664536252721,3.945409932006601,3.9513224643001412,3.972489220198539,3.930631733685006,3.9420636187854488,3.9267098347167435,3.9276274760939427,3.899037712196919,3.9323905837650557,3.9342858082910235,3.9207368346993907,3.9340640504857576,3.9187094065813692,3.884443300861645,3.899151583933447,3.9039712699401923,3.8937607551400406,3.895145683292666,3.8674945066787787,3.8919035155291173,3.892324000433103,3.8745504333549317,3.8910862948852905,3.861733756788878,3.882445808088456,3.8989754312815936,3.871976165333542,3.866707082426818,3.8886973568580507,3.8796690307274706,3.869824525504308,3.8582662500246285,3.858516151251656,3.840169485861233,3.842083888402077,3.8589586534500433,3.8519864075945063,3.8198855740160576,3.861962237500505,3.836716296933541,3.827071753082882,3.8060217843995674,3.8270594434904135,3.8186899779863723,3.8124260225463464,3.8201119551662117,3.8101262346860736,3.7934239844046904,3.7836812744159687,3.7957537530664798,3.7724410331070404,3.7579690158496377,3.744299535370168,3.7721400708862407,3.757681983314331,3.751592630079575,3.743386427325885,3.7230094291035725,3.7329736619527805,3.709146912664346,3.6983888568980254,3.6842927614244965,3.6622954222304984,3.6646220806366587,3.6315741055259694,3.6094175256844023,3.5826083199679717,3.565667319876289,3.534995627701005,3.5292313490000984,3.470204843433462,3.419936886445302,3.4264944964883615,3.379612407048894,3.3404042430098997,3.3069223933771124,3.2794473440213436,3.264043081949428,3.211618726980266,3.178567494555641,3.155564663098447,3.132745655946781,3.1123540833056897,3.0652882554790675,3.0423446147098305,3.0217197089964953,3.0111835895379166,2.9859264757199253,2.94981270304444,2.97211326235372,2.936109359766269,2.9213001800125182,2.905471228772184,2.8946291928761756,2.9062436127487667,2.888440449715629,2.880831947437774,2.8590540575186654,2.83608063963632,2.837650881165191,2.82541789159328,2.833710199330835,2.816314551275802,2.8438578596677275,2.790559473014319,2.8255239784575474,2.807849346952753,2.806337519268619,2.8010894139931217,2.813999129481707,2.798943853002042,2.78636929850234,2.7925177567023707,2.779059874380369,2.7612280429042624,2.7912761665391375,2.787982079101575
4.166620655297209,4.1682102168634545,4.179528457716902,4.161815596753303,4.16810055489899,4.164632503016618,4.160220890906144,4.158136195000953,4.155275440160469,4.161381780460063,4.1630814919205426,4.1534214910162115,4.154182239537754,4.144435605525002,4.115403458846555,4.142460877502067,4.149342961034549,4.165226878723559,4.127048270005445,4.134854889167189,4.1371018316662775,4.124556926998015,4.114508450026612,4.142302716529593,4.099388833601457,4.114266870002438,4.11044630940985,4.109759662903827,4.104795659810691,4.100545293219293,4.123484845173618,4.096342335525745,4.081357975033345,4.083520567165209,4.083209143150518,4.070369714392349,4.075438240125742,4.084350356217167,4.086596374066517,4.070466435364291,4.090483250652978,4.070531665280673,4.044990986594143,4.06426282812222,4.073079574678671,4.0632973222819535,4.0482667468645746,4.045864841400341,4.064486498806653,4.051541051440203,4.054654060605071,4.039629242142029,4.013325316192732,4.029675922299645,4.024384586834229,4.032917723613185,4.027510619776562,4.023326238983803,4.018810893504063,4.0282055796837,4.017637657330455,4.016879948124885,4.014801522190283,4.009788489513767,3.999256445646111,4.004185123396741,3.999502866867703,3.991085065232172,3.96683658924491,3.9800333609940455,3.9843847833509516,3.9684445699899427,3.9661742588182634,3.990376721983476,3.972899624539535,3.974519261083464,3.939171464038121,3.967006915310216,3.968133339345926,3.96127326532734,3.9670019614991285,3.9521891937789224,3.943330527459107,3.9673407347131606,3.956932045614792,3.937836161630442,3.9440767704047706,3.9559159285410526,3.950925525396475,3.929958408541993,3.9455167407718617,3.950648270545022,3.924088805625484,3.90316045414216,3.932595650346829,3.9146758383313145,3.9216816162708965,3.9421681531649297,3.9274671062075455,3.893436935510272,3.88687323276748,3.884864450810199,3.8786182800383897,3.8730759088537168,3.886567225155121,3.890387561136881,3.8975832714359164,3.9111583862570036,3.9113930788350766,3.875626448719951,3.8714769343704516,3.8662670869134237,3.8745773179460756,3.874669115834881,3.8752915119086366,3.852982574334044,3.848311122586998,3.8748318623167237,3.8535800287374418,3.859888918793758,3.8413129872013574,3.851026035466243,3.8265587002458954,3.8516939277809445,3.8442541588441346,3.8065713834704886,3.824675514543979,3.833822444843124,3.823611785871706,3.795811789203531,3.8266833351026586,3.8030060599793325,3.8163686440154443,3.8095254683667292,3.8141676553847104,3.7864617792490476,3.800983801462253,3.7787123719761824,3.787865720587963,3.772406809207076,3.761063900756583,3.7710284479942313,3.7439260777228607,3.7305428442492956,3.7311864819978027,3.7307730944772985,3.724416773264036,3.716192242015945,3.6903480490112806,3.6824398426171854,3.6629251974610018,3.6407231714103134,3.6146241864009454,3.6173474530307423,3.5717843342497764,3.5363054834572263,3.5414502744178136,3.50462233145957,3.4903314853212066,3.432326738278317,3.4100571737978638,3.3641049304674504,3.342895663447778,3.314600905687679,3.261651528903235,3.2334420983320395,3.212950238310885,3.181560481121847,3.131054385334069,3.1203223917820884,3.0767068310217565,3.056435287304603,3.0510537922649084,3.0278106141416137,3.0008920556948144,2.968849272330741,2.958296849122646,2.935389270948131,2.9227898252118285,2.9148561302161804,2.916922597953598,2.884305177530838,2.887527126123395,2.8665545306265643,2.8793851996009945,2.8519810194768853,2.8248408207484212,2.846805541130874,2.825506295755042,2.8336021116254475,2.825881367726414,2.806798103953831,2.8121684330769403,2.815310080366613,2.798681346843035,2.7903707717068205,2.811905464109091,2.793214383858868,2.7719323120914496,2.758892265289745
4.143421117724833,4.142943646938807,4.1200311028819065,4.133900781720805,4.1266334569875065,4.117920028305485,4.121612949117421,4.132952663672662,4.120304189425076,4.1410601636142985,4.126343511636519,4.1006118188410365,4.0942636155761125,4.1001002145002445,4.080358397828207,4.09361229820217,4.0909396249238865,4.107255868367166,4.093270275143501,4.087273040313301,4.0966199436727955,4.097654126556552,4.086430591694306,4.078016399300484,4.051176242487435,4.071808567745198,4.060719517985578,4.061513602645874,4.07048500352268,4.050358585977811,4.03912343329737,4.054413343390044,4.049780414715112,4.026185636084177,4.036887649095224,4.043646782194993,4.051530842010873,4.045537562234261,4.03942686372323,4.017774817934895,4.007858275709792,4.032816405628909,4.023229465841829,4.033027129514818,4.023857890932003,3.993694416289988,4.009912266329239,4.01391140767827,3.9981908357559104,4.017022668647651,4.001290233781854,3.982068779100055,3.995887277153276,4.003711353587944,4.001333507397248,4.002975662370465,3.9792946889124736,4.0042091586998785,3.9741686623323473,3.9857808670694164,3.970572361608811,3.9681969920000992,3.9687238984488222,3.9561374912400114,3.970135006553218,3.9542951331238094,3.952030813609323,3.986046426110369,3.9510561156962165,3.9509649512364997,3.926767032941528,3.9298098060204145,3.947144487560873,3.9512577554935646,3.9483039730496254,3.9117413361084457,3.920812514910037,3.9389705587026005,3.932603329943169,3.936157479481656,3.950719190382507,3.9198228031152955,3.9052027712743893,3.915616171128898,3.918085962514113,3.918169686588555,3.9010512641498636,3.8930910956704103,3.891248992436835,3.89138974285035,3.8944817429713168,3.8909303987546395,3.891931356198307,3.8796256367862485,3.8734757733411014,3.8829724722799877,3.876160713910934,3.880940833902395,3.874578947605029,3.858959771938693,3.8632820114448227,3.8407272195649367,3.876334510493268,3.848602593482272,3.836734559056329,3.852729802571613,3.878030602435388,3.8404574112945267,3.847415359486559,3.8568801679771902,3.8242946416008703,3.8460918539547744,3.850402478007339,3.8285535104749124,3.8364976871645493,3.8192464676702813,3.823251858640903,3.809156465448803,3.7901432286229375,3.81497591996554,3.809967489495609,3.8311892219643395,3.793800652361559,3.8051283473506468,3.8078531983789095,3.7833505939892187,3.791829670046896,3.771290582792329,3.7744248158649083,3.7496812112064197,3.7668146401166966,3.7638062585005785,3.7671987984311257,3.7544040002972197,3.74743602406046,3.7372924379588337,3.730253606491813,3.722500910728965,3.7038304364846124,3.6942395307976175,3.699281872321065,3.709361833817635,3.657807070614163,3.6451908106400417,3.6466582829970804,3.628669808183876,3.599440007493554,3.598829168652036,3.5613993461021387,3.5511318253616175,3.5166777054635183,3.5107398337532953,3.4640051414458775,3.4317844047193393,3.3969751796726544,3.3893682103036484,3.3499390739015524,3.324195686435496,3.287513176209967,3.2604423459284146,3.2274213541393095,3.1939914667725904,3.157993069915238,3.122207338980073,3.09333755264076,3.07358041783591,3.0343234025236354,3.019657711209357,2.987068151223274,2.978442182256359,2.9665508844063857,2.9402406559070964,2.930670764337708,2.9097689948941436,2.8849534520359748,2.8934596803684665,2.85868613618934,2.85629543394048,2.848370046556896,2.8559288373527116,2.8466538591775077,2.83722382684781,2.820507388432146,2.803778396009783,2.8009583121651254,2.8065413070922918,2.797097802871938,2.7949391061117064,2.7734210261679064,2.789735976165728,2.765980738006534,2.7629305121209184,2.7847079469832106,2.7797673917314287,2.764698609653857,2.762497302109774,2.769459434907862,2.756114799104973,2.7595127320970656,2.7564705727346706
4.127576553633092,4.121819975546367,4.136179120110538,4.122069064982615,4.124660553553231,4.129552611632643,4.127288449898451,4.120190903361457,4.114767277739968,4.110124826728372,4.1101539676440035,4.086700511132319,4.101515039307025,4.078660289996758,4.086923918577826,4.079671970460982,4.073036279797482,4.092602046147494,4.086358202448986,4.087029714728958,4.076989542555064,4.0777163498477895,4.050914226784738,4.077634755231353,4.082389692568008,4.059492771401137,4.07877091194869,4.023737216786336,4.044349239705735,4.045806035673754,4.061117536597587,4.058941523306063,4.042946128190833,4.048809718464631,4.029995848130708,4.0397309046210355,4.026162438838401,4.035395741426797,4.035947681829718,4.027249397400804,4.042714233549614,4.024676748567359,4.008532568391531,4.019147939858119,4.016078404185203,4.011843585941512,3.9735115764765325,4.007846515293212,3.9936686651237654,3.9832910505196413,4.000158234870356,3.9774834397512544,3.9863553029101992,3.9804965505756256,3.9772436751207665,3.967280906919657,3.9693653067544954,3.9708986339710126,3.964697766521827,3.964433836371845,3.9549607495809833,3.972498756030401,3.939064506252116,3.9637207042914757,3.965545647342768,3.9716276412238805,3.950296797000126,3.9503851665998293,3.9388372759191976,3.937405477189804,3.9443275409037177,3.9370850623868647,3.9257491727711327,3.9393413698669018,3.9527256575945957,3.9247484660344654,3.9130850614619748,3.9127274023151264,3.9162750976695158,3.9126680558298106,3.906616863749814,3.893981651259545,3.904139787397235,3.912282445297655,3.9109044549364187,3.894391059799186,3.895912386039221,3.8692993127347584,3.886236961584925,3.8714321981569815,3.8891304138646805,3.8843602901488694,3.8847078911936426,3.875141356940907,3.876627786278941,3.866699235446717,3.8878165003331304,3.8853538308562054,3.8633578515809757,3.860653544083825,3.8520815023728954,3.8605498841053256,3.8433626972633226,3.8534726071037886,3.849861541269465,3.846162899076216,3.8456148805063814,3.835613787435418,3.818104626582975,3.8528282322908143,3.8303693603453133,3.8223192882463555,3.8150122186110114,3.811760813507396,3.8012193269592163,3.8003907443401292,3.814058792484708,3.8038852706969677,3.8076365515713153,3.792194228584689,3.802239019987861,3.7893490819650033,3.759375299317957,3.7708848719351167,3.7855684620910544,3.7718272126021812,3.7928594754991494,3.74898801339462,3.7697405473204872,3.773230995678546,3.750702559120678,3.764265206084404,3.7380586803718794,3.744273361269412,3.7344290201807553,3.7147596379046433,3.743231012792755,3.739200243901754,3.733413171425533,3.726793343418207,3.7010387639316447,3.7002629920417363,3.694735545606029,3.6923392265714945,3.6389749662799207,3.663985882297312,3.6309818253485004,3.651944777861736,3.6045182900956356,3.5824545870108584,3.584222786339222,3.573908366902005,3.526347843693672,3.5001099173004024,3.4917559847168107,3.4653119208693957,3.423194880430214,3.4096444037542577,3.3843229099614462,3.3261700263132297,3.283441652451201,3.2483856215688607,3.234989547634126,3.210930337940746,3.1955724377924857,3.137630743304726,3.1225484073905223,3.0940932524471116,3.040177163173319,3.032020517360668,2.9802126199993157,2.9954719079612078,2.955769326883724,2.9499956619646066,2.923035101579617,2.9080832388539486,2.8763981764705524,2.8722783528258526,2.8473099880623463,2.835525907685965,2.8482443450997987,2.8169655298201786,2.8247578445802795,2.8039084838364694,2.7893583354044487,2.80626316867269,2.7659409658133067,2.7879181396205666,2.782222311617519,2.7823600871913987,2.774263051515243,2.785766980939022,2.7686672517967854,2.761962369102725,2.74419339257599,2.7452179971541764,2.7440298964356624,2.734490589541728,2.73148504455232,2.726616398643254
4.191256385730521,4.17009307371726,4.1697093036941375,4.134883870501408,4.15419493957548,4.15365055351462,4.183292090383469,4.15588626916924,4.166740445350424,4.148708226239616,4.162124221524775,4.136589785791921,4.162453646730123,4.118821917966869,4.119223968422291,4.11909054621382,4.149304307600721,4.130773659512881,4.140380403234173,4.117557200503277,4.116586130490521,4.1283348331177905,4.131147056882421,4.119375266937075,4.13553985430157,4.140417297256505,4.12008328807573,4.112034783254933,4.073247194326943,4.1039129471711755,4.116267030352444,4.103442976057353,4.081860468437471,4.095543835444481,4.068241065497168,4.0798687574817025,4.070230702108179,4.0729798030054924,4.080771326026805,4.050432497097708,4.068008128075744,4.065536585061154,4.064526054620371,4.062089619361076,4.049533167784066,4.048631540813859,4.063271565973915,4.04993749269818,4.034223454483309,4.02956657029444,4.050087555685555,4.041617785018985,4.0466017915513905,4.050374534055715,4.035668704659093,4.035075959932818,4.01269532756224,4.02650912243277,4.030608282440412,4.021099599179593,4.000549144219368,3.9980989057006204,4.0065483740406105,3.9982518671049987,4.0162673997143905,4.014864287438704,4.0044750672815175,4.028244832862633,3.9877150494750566,4.006783251795106,3.9728977923048445,3.987515507779049,3.976812615903837,3.993679108963983,3.97330204052342,3.979750526676371,3.9669458991264426,3.966404807573517,3.9779276652275932,3.9677188574918225,3.959391040513232,3.9288773951470426,3.9480747615792935,3.9493114320296834,3.9556659246016674,3.9448732760911316,3.9509094322360454,3.9356168682027493,3.957893231774343,3.9340096493691803,3.9223895590879807,3.9391231497677697,3.92087602681716,3.910357332552796,3.925253481753099,3.9307523119851453,3.908624482667954,3.9135441242597504,3.906744194917277,3.895392002891664,3.925032656334509,3.901264476765878,3.905261041566157,3.917940840184312,3.889468717772133,3.901074631392203,3.8937313505350524,3.8990559362019734,3.8788826089769066,3.8760317832546316,3.8644836422422015,3.879858524832803,3.8932964388929165,3.851565344240695,3.863649131032598,3.860747474629556,3.863987684282412,3.8441201405740975,3.828971180422646,3.846877803208139,3.842279342405962,3.833879762913696,3.8495944068269394,3.8273154483123832,3.8295385306621346,3.804124197382188,3.851552277825382,3.824315856771871,3.8154435556706767,3.790770499673566,3.7940856935386034,3.7921053547694856,3.813978940655346,3.792665651033255,3.7971839457566707,3.779075997494126,3.76825222044345,3.7726020729988496,3.7629840259547707,3.7713670160641275,3.7692316003744857,3.7598615252340295,3.7301978436509944,3.7055846639254493,3.693750003303637,3.689460646122794,3.6568578753221797,3.6527550859319384,3.632300367294195,3.61871354539414,3.5985285292941445,3.5599294134451913,3.543492750617598,3.506221770641788,3.479863105409147,3.49065311294632,3.4271162410307805,3.4052693375150955,3.348763849260443,3.341049080813476,3.307420760492771,3.2644408010986217,3.25101228837404,3.200715015660347,3.1634277177359142,3.1485494183281353,3.1062538091400627,3.079700552179697,3.0456896473140547,3.0308299971155575,3.009242031747491,2.9964243840339226,2.983037698844313,2.9477072981500996,2.9566176328631237,2.9258131249022985,2.9238599872792315,2.9062909595630124,2.8977114718250156,2.8818050664785066,2.8644436669725515,2.841288318569733,2.872338229990866,2.8520180498843177,2.876526323979494,2.8591123149396886,2.8121592718452177,2.831809766815407,2.8120367533375403,2.811077153305274,2.8464938374521616,2.798399021074186,2.7989223579752442,2.8025038307871593,2.794411946860469,2.7704204450534013,2.80351650394949,2.7792073973040834,2.782158835850123,2.7788436870299646
4.268151048301965,4.254546939373817,4.247758284620869,4.250045584760366,4.2550888155098745,4.2498060316121515,4.233628020349422,4.248647194296174,4.225692887234054,4.240674998564098,4.231145586438391,4.227674722887395,4.241003971058434,4.213412798269521,4.2168878592929495,4.230899171052934,4.227992913827193,4.2074568823301615,4.203806142701594,4.223631484254106,4.203165494221406,4.200071378769195,4.1811070228258815,4.192566498146195,4.1804215459444745,4.185857405571387,4.16640491978689,4.167552783691206,4.1732043894978865,4.16753946901534,4.170563340741115,4.189552477352722,4.18635197707821,4.154813339482103,4.173208143052251,4.13517200436892,4.156988213668267,4.143551917090673,4.134054318420195,4.1292297070092765,4.134738475163162,4.127112845237409,4.12648108662548,4.126322968130657,4.129796157384174,4.107291328748587,4.128105933489383,4.1139564064935685,4.121749117186355,4.139123351115317,4.107904441240732,4.1044607928788075,4.109202253983609,4.092518049970043,4.085342366793391,4.09241460949358,4.110301148686882,4.093589636768456,4.085575416837231,4.085193951780697,4.07451247770221,4.087455619710278,4.070889987630557,4.081758546069698,4.088958851005246,4.061790406046512,4.080662236376031,4.046738840427709,4.056685978258782,4.047856787516608,4.039228374181591,4.054976644745917,4.034316704796755,4.048592117738294,4.041433609162515,4.033452689066752,4.046080022085541,4.0341520535493585,4.03538735123736,4.014066039162138,4.036850140205365,4.0192260273931035,4.015528922630126,4.018681251725695,4.005262665489347,4.032584064313869,4.015918918418382,4.0169078040454815,3.979328390385772,4.0281329859933654,4.009664051313948,3.994738231293801,3.9917837043292552,3.9921110133853475,3.987124590939189,3.9927229477748343,3.9721661187453607,3.972056616728818,3.968033094881222,3.961696310807832,3.9803028499230257,3.9715656907113566,3.96000916622394,3.9710235317214546,3.9637503423206604,3.9359881070848983,3.9263099895949405,3.9468354091486235,3.9472808586441377,3.939840343145439,3.927731568525387,3.947740216304106,3.9470724781250897,3.928597849572756,3.942893075723122,3.9444150328441068,3.93533654694546,3.9088359572689204,3.907206147065882,3.9130953050028627,3.8998995734107553,3.895371707812977,3.918602927903893,3.9115845269916307,3.908216679145895,3.8799297389475917,3.9021454536172735,3.8910112151714924,3.847191450133577,3.8572454650027708,3.854264578910837,3.875525314248336,3.853945682342419,3.8372404993347815,3.8197016570672577,3.790969768585499,3.809860772292504,3.804959771123113,3.783429310286417,3.7791493700569356,3.7705718923693965,3.762459847397097,3.7077788075114184,3.704742617142142,3.717444169787913,3.6671914172593696,3.6453607175861746,3.626434013001543,3.5750154676268826,3.549563533663952,3.536713333984711,3.515722851496374,3.462350682963687,3.4145147551640873,3.4047844262745643,3.3698952433391423,3.321032956063929,3.282171138140937,3.29672414703245,3.2601576541789163,3.183376521758583,3.196661258052407,3.156651723556136,3.0960006857367333,3.1056191564936197,3.071526485755773,3.059526641801781,3.0534616896870834,3.0349169636617424,2.995824401048697,2.9707681970784727,2.9826005920303125,2.9662538354466492,2.947414109390907,2.942321675671977,2.9207040131309334,2.920683953051888,2.9044810397231164,2.9271946282777908,2.9104359688498778,2.916536495768331,2.867141400989933,2.895489343734227,2.8504656715356926,2.8819639486435946,2.885949977383829,2.8650524509111768,2.858438368375612,2.8405893296628455,2.8454560481365756,2.8595366128399835,2.863301101983268,2.863327517641887,2.83690120543781,2.8314453414741623,2.8355267983630275,2.833899542021415,2.823180108633548,2.8073177897310257,2.8225795594041974
4.211355720738347,4.200179373441571,4.190379066731327,4.198302619736829,4.193732423018029,4.2037444994705355,4.188154572767269,4.166585543843748,4.183224842248652,4.177816278877319,4.176760000814584,4.194174894233615,4.155523090189175,4.157427196628784,4.17247452267348,4.16332447197963,4.176015097936422,4.164081904732792,4.153293918655087,4.150424680193167,4.15198423412315,4.1682434307332406,4.1642509220903685,4.14190838762153,4.134703004645393,4.127880216446085,4.166921220039648,4.136930596253174,4.110751653900485,4.121466486575889,4.120181911206765,4.098513143036658,4.125639213589051,4.115921245169524,4.110750790667852,4.090208379129787,4.101757454608822,4.103863481935121,4.104404156489989,4.120070306516745,4.1127258476371,4.1181733958058055,4.092580343433416,4.081404634515497,4.068042521798312,4.070016614661663,4.108661695788211,4.076239162922833,4.085689592205959,4.077847306098401,4.057354366621947,4.06765834606224,4.059330195524685,4.020207546350091,4.065574989969255,4.08208720333408,4.047466218678734,4.048701073329935,4.0335385980638865,4.025277914807339,4.0324420625193085,4.030564588758771,4.028296728605013,4.021652967420189,4.033462248713349,4.022698450407743,4.0002772131507,4.0342587857922,3.9946930655670316,4.001622000023578,4.021494238307221,4.001934663474002,3.9973204752032547,4.024036812994352,3.9948897641903662,3.993320425023936,3.9970944210589554,3.9801173447945195,3.98392917996965,4.004045623417013,3.9888722963197716,3.9995955228013145,3.9718857217773826,3.9750776346868477,3.977247601797069,3.9882345542631312,3.985406714126817,3.9702092299895066,3.9487986176093512,3.967968928689593,3.9561210676315905,3.953984602500737,3.9465533895009632,3.9445136059927846,3.958967791763772,3.9369632506913224,3.9226102959436937,3.9511701097111653,3.952765574835958,3.9292592901106826,3.9188568955000758,3.91896492334444,3.9292480283567297,3.9226349894893504,3.9300709966324012,3.9162886303930673,3.9020935119740177,3.8818922348137646,3.899099742151374,3.8942081336015937,3.907363935672786,3.8718353027144965,3.8865449760864816,3.891804049841367,3.874462210784083,3.9141434326725797,3.8574784176313535,3.88140033162363,3.8818742600867355,3.8703571877927248,3.8823025566316196,3.87681561043117,3.873339209720418,3.84040987901381,3.851054421702774,3.862260674904264,3.8379039684295986,3.826000698012762,3.8428636063825725,3.833721962480679,3.828237737799663,3.811186817093404,3.852507789260691,3.7890696620304056,3.8002357660533455,3.8004442514725447,3.7787739221091643,3.8120467780004432,3.789902171976897,3.7627852812640055,3.73099248796593,3.739277932972615,3.724242697946542,3.7407026095353793,3.694307503269824,3.6890370024751453,3.6600400009536056,3.6647264900313066,3.643851872507551,3.606024624307822,3.5812636903843305,3.5414726554497573,3.5529687376496053,3.5219114404502734,3.4552710051700437,3.4434896486831366,3.4255272585108996,3.401056275230147,3.324087553634456,3.2972517958288883,3.249014199006727,3.256032742775618,3.2160909940252784,3.1934796548833995,3.1580797527926823,3.1245574732959827,3.1015838889891056,3.0794563497515037,3.0509536924188456,3.0417666755293125,2.984254659657449,2.9699774286584693,2.940901877259139,2.9363664483859746,2.925755205587386,2.9283647494859797,2.911230540125903,2.903119677280621,2.873653361989176,2.8898632992172066,2.8711527337922256,2.870126265193652,2.849959731424647,2.8674726470196368,2.8257121180427114,2.827744751094391,2.831782000483798,2.808826607831823,2.8343605980372413,2.8450991964504913,2.8335142173301406,2.8197905751021857,2.8245958063327445,2.802750789105811,2.789848743734459,2.808908170989353,2.790942243700229,2.7699565878745784,2.803591977717678,2.7843076104128124
4.095783155828753,4.089285580053066,4.089460864327269,4.076454230762128,4.119644874222695,4.092492771497377,4.0910294722366825,4.077319622876733,4.076794708856737,4.075114767680195,4.098835729128247,4.070010830315192,4.068557207870828,4.061431015845567,4.062673559503357,4.049286629525416,4.053332242694292,4.074071423378347,4.043033133744605,4.057323960746325,4.052317874343536,4.073439032057229,4.041336376334531,4.039845360473649,4.033904564873742,4.026829352927182,4.02986363727122,4.007083711205613,4.024565804340172,4.023819590814848,4.043348591234621,4.023321530684584,4.019881042163127,4.023053777335569,4.000378162038037,4.027577176323218,3.9974632572470665,3.9927129451409704,4.0300177824643715,3.993125112700265,3.997570944917411,3.984872069567545,3.98114207579775,3.981379317046778,4.002621058392389,4.010740246657167,3.9611153687032643,3.969999633176716,3.9670605188919534,3.9997263109052588,3.961514973473153,3.9277817024986454,3.9357341896192555,3.9456938399846737,3.9632398371112543,3.9601106251930394,3.959960321268859,3.9253755716204246,3.9410799896796513,3.9613564237956806,3.9427619567484324,3.9201934394038607,3.9299819652045698,3.929541030958657,3.9098162855027687,3.9251482877195136,3.9244824481499414,3.9448418086449197,3.9090039637727303,3.9072934166449613,3.937808123861701,3.893409123724339,3.901198702683393,3.8897128798747187,3.9035432186926715,3.8685547988482725,3.8709701614154004,3.902149167596574,3.88589638844763,3.9031382275180615,3.9076859342835863,3.8708375861426068,3.880087224620333,3.8625249530039607,3.87968098576015,3.864790267619904,3.8796158223920694,3.8831489402715396,3.8552559759168714,3.8643072971231494,3.8659068952859674,3.845201723981815,3.859093018200854,3.8541903545626233,3.8557521964585124,3.8200786554947914,3.842981515680743,3.8516468123140886,3.824418174323699,3.822660133208343,3.8255033373712997,3.8239596585125155,3.8043095987957654,3.807356530535759,3.811682322420726,3.8113446884854447,3.795791221911615,3.8368391720834945,3.8000810287425164,3.791798415490004,3.7970088263275628,3.7887526009410504,3.8065693015736803,3.80529366627487,3.771143299701327,3.797193977074388,3.8051745796069034,3.7505653081433015,3.794628776508122,3.799201040136539,3.753323805809867,3.778612055783275,3.7604688564970012,3.764749535952795,3.7643683849501945,3.752567687070336,3.72649590683053,3.7612570794776556,3.7500156378771927,3.7551726596387787,3.750229267461392,3.7496751851440107,3.708957137941368,3.720184740144537,3.7325503010914844,3.7197619923476815,3.7042032055802654,3.6999367976905932,3.702080309957753,3.70759310436803,3.6744165040358387,3.681067526665996,3.6590221046170788,3.6889036374917166,3.6544673067668287,3.6387412573718634,3.639159415822476,3.641720498951285,3.6111958532112247,3.5878683152245308,3.581489717318446,3.554808715607259,3.5356399471855506,3.525304647876007,3.4962269562502963,3.48979522159323,3.461155380664235,3.418431460782332,3.3735905010688856,3.3733449232703605,3.314263005496966,3.300598689908483,3.2607587951993904,3.2298902454617653,3.2176246137553863,3.1692113049503465,3.1339113066850035,3.1099963229690846,3.075815374848821,3.0227482770556215,3.003501928329457,2.9824066373825384,2.960227084303604,2.9453339802025478,2.9203784611883665,2.910872382132072,2.88018617986081,2.8769073124870994,2.861070264379693,2.82617110198366,2.829201107663425,2.8188356126631096,2.8207973701680933,2.7985167506711868,2.785643618820459,2.7614216427062037,2.7771318184128284,2.755526441051442,2.757245560620044,2.7477109466726177,2.737140340107537,2.7411258997136545,2.731479874541522,2.718547535685014,2.721933678353948,2.723914412317977,2.715842099562594,2.715269184120044,2.6939344072181237,2.7144997326921434
